customer_id	first_name	last_name	loyalty_tier	total_orders	total_units	lifetime_value_inr	customer_aov_inr
C00001	Isaac	Bakshi	Bronze	9	35	96080.00	10675.56
C00002	Harsh	Chahal	Bronze	10	51	167812.50	16781.25
C00003	Tejas	Kaul	Silver	13	60	219855.00	16911.92
C00004	Saumya	Mall	Bronze	11	51	137632.50	12512.05
C00005	Arunima	Dugal	Bronze	6	32	96992.50	16165.42
C00006	Lajita	Chatterjee	Bronze	7	46	150797.50	21542.50
C00007	Tripti	Yadav	Silver	11	42	107937.50	9812.50
C00008	Chaaya	Pathak	Gold	11	64	217955.00	19814.09
C00009	Vedant	Mann	Bronze	14	61	170952.50	12210.89
C00010	Arunima	Setty	Gold	14	68	177457.50	12675.54
C00011	Amara	Bora	Bronze	2	10	27935.00	13967.50
C00012	Ladli	Madan	Silver	6	26	64587.50	10764.58
C00013	Azad	Mutti	Bronze	9	49	179827.50	19980.83
C00014	Divya	Kala	Bronze	6	29	97482.50	16247.08
C00015	Luke	Lanka	Gold	15	79	235675.00	15711.67
C00016	Priya	Rastogi	Silver	14	58	229155.00	16368.21
C00017	Gavin	Batta	Gold	13	79	244717.50	18824.42
C00018	Pahal	Bhatt	Silver	8	22	59355.00	7419.38
C00019	Zayan	Apte	Bronze	7	43	102740.00	14677.14
C00020	Harini	Choudhury	Silver	8	33	101407.50	12675.94
C00021	Adya	Tella	Silver	10	49	131267.50	13126.75
C00022	Chanchal	Tripathi	Bronze	6	27	89312.50	14885.42
C00023	Aadi	Naik	Bronze	17	76	236335.00	13902.06
C00024	Damyanti	Khatri	Bronze	2	5	14197.50	7098.75
C00025	Vedika	Biswas	Silver	7	24	77355.00	11050.71
C00026	Noah	Lanka	Silver	9	45	120025.00	13336.11
C00027	Sai	Muni	Silver	14	67	217162.50	15511.61
C00028	Siya	Dara	Bronze	6	38	110107.50	18351.25
C00029	Ansh	Karpe	Bronze	9	53	217070.00	24118.89
C00030	Daniel	Karnik	Gold	15	74	217797.50	14519.83
C00031	Yoshita	Khanna	Bronze	9	47	125767.50	13974.17
C00032	Urvashi	Kibe	Bronze	11	49	134450.00	12222.73
C00033	Gunbir	Sankar	Bronze	6	26	76522.50	12753.75
C00034	Chatura	Chaudhari	Bronze	9	40	109535.00	12170.56
C00035	Yuvraj	Handa	Silver	12	60	211567.50	17630.63
C00036	Qadim	Mallick	Bronze	17	61	182732.50	10748.97
C00037	Guneet	Bedi	Bronze	5	21	78442.50	15688.50
C00038	Niharika	Sunder	Gold	13	46	131920.00	10147.69
C00039	Nitesh	Raghavan	Gold	11	47	154997.50	14090.68
C00040	Bhavika	Sampath	Bronze	11	60	201457.50	18314.32
C00041	Teerth	Bhardwaj	Bronze	18	101	352970.00	19609.44
C00042	Vansha	Thakkar	Bronze	10	52	151990.00	15199.00
C00043	Quincy	Biswas	Bronze	14	74	239535.00	17109.64
C00044	Yatin	Baral	Silver	9	34	137455.00	15272.78
C00045	Samarth	Murthy	Gold	10	60	217722.50	21772.25
C00046	Charita	Shankar	Bronze	13	84	250205.00	19246.54
C00047	Harish	Borah	Bronze	8	39	114227.50	14278.44
C00048	Ikshita	Biswas	Platinum	4	26	104610.00	26152.50
C00049	Raksha	Mittal	Bronze	9	37	104105.00	11567.22
C00050	Aishani	D’Alia	Bronze	16	85	242485.00	15155.31
C00051	Shivansh	Oza	Gold	13	69	212082.50	16314.04
C00052	Zayan	Behl	Bronze	7	40	113682.50	16240.36
C00053	Aarush	Nath	Gold	11	51	167800.00	15254.55
C00054	Riya	Sane	Bronze	8	46	169742.50	21217.81
C00055	Manthan	Banik	Bronze	6	28	85090.00	14181.67
C00056	Darika	Patla	Bronze	15	68	247555.00	16503.67
C00057	Zaid	Chauhan	Gold	11	51	184375.00	16761.36
C00058	Nicholas	Goel	Bronze	7	23	66920.00	9560.00
C00059	Gaurangi	Sabharwal	Gold	4	11	45385.00	11346.25
C00060	Hritik	Raja	Gold	18	89	241127.50	13395.97
C00061	Triveni	Palla	Silver	6	35	113080.00	18846.67
C00062	Reyansh	Rastogi	Bronze	6	34	99837.50	16639.58
C00063	Yashodhara	Ratta	Bronze	8	41	143370.00	17921.25
C00064	Alka	Barad	Gold	10	62	152380.00	15238.00
C00065	Dipta	Sarin	Bronze	8	47	115132.50	14391.56
C00066	Chaitanya	Sarin	Silver	11	50	185145.00	16831.36
C00067	Raagini	Boase	Silver	7	40	139450.00	19921.43
C00068	Dayamai	Rege	Gold	3	13	47467.50	15822.50
C00069	Rehaan	Salvi	Bronze	10	51	180875.00	18087.50
C00070	Charvi	Ravi	Bronze	8	35	102690.00	12836.25
C00071	Qushi	Nagy	Silver	10	42	128070.00	12807.00
C00072	Tanay	Vaidya	Gold	6	31	124835.00	20805.83
C00073	Bhanumati	Varma	Bronze	10	50	158172.50	15817.25
C00074	Rushil	Din	Silver	8	42	142237.50	17779.69
C00075	Elijah	Shah	Gold	9	38	105010.00	11667.78
C00076	Leena	Talwar	Silver	12	56	160165.00	13347.08
C00077	Abdul	Chhabra	Bronze	14	66	201327.50	14380.54
C00078	Zarna	Shetty	Bronze	11	54	203500.00	18500.00
C00079	Kiaan	Shetty	Platinum	13	57	172590.00	13276.15
C00080	Sanaya	Dutt	Silver	14	96	359905.00	25707.50
C00081	Aradhana	Verma	Silver	13	56	200185.00	15398.85
C00082	Faras	Mangal	Gold	11	68	244205.00	22200.45
C00083	Faris	Devi	Bronze	4	25	67807.50	16951.88
C00084	Michael	Kala	Gold	10	59	193940.00	19394.00
C00085	Unnati	Sagar	Bronze	17	96	290872.50	17110.15
C00086	Anmol	Rai	Bronze	14	52	165810.00	11843.57
C00087	Madhavi	Saini	Bronze	13	66	192762.50	14827.88
C00088	Rajata	Sunder	Bronze	10	47	154510.00	15451.00
C00089	Nidhi	Gandhi	Bronze	11	50	215595.00	19599.55
C00090	Avi	Ramesh	Bronze	9	41	137790.00	15310.00
C00091	Triya	Gopal	Platinum	13	71	247027.50	19002.12
C00092	Siddharth	Sha	Bronze	7	29	96622.50	13803.21
C00093	Zayyan	Bumb	Bronze	9	36	98405.00	10933.89
C00094	Charles	Palla	Silver	8	31	106505.00	13313.13
C00095	Yug	Iyengar	Bronze	5	31	90267.50	18053.50
C00096	Urvashi	Contractor	Gold	6	25	68617.50	11436.25
C00097	Oliver	Contractor	Gold	12	57	180412.50	15034.38
C00098	Atharv	Muni	Platinum	9	65	214542.50	23838.06
C00099	Faqid	Kibe	Gold	10	44	121670.00	12167.00
C00100	Benjamin	Palan	Silver	9	51	171037.50	19004.17
C00101	Harita	Arora	Bronze	12	50	151607.50	12633.96
C00102	Janaki	Sharaf	Bronze	9	36	117155.00	13017.22
C00103	Anamika	Yohannan	Gold	8	38	134797.50	16849.69
C00104	Amrita	Naidu	Bronze	9	53	191510.00	21278.89
C00105	Yagnesh	Shetty	Bronze	9	47	167452.50	18605.83
C00106	Ekta	Gopal	Silver	5	29	87520.00	17504.00
C00107	Harini	Mammen	Gold	11	62	187340.00	17030.91
C00108	Wyatt	Ray	Silver	15	60	199930.00	13328.67
C00109	Vritti	Sem	Bronze	18	102	343945.00	19108.06
C00110	Nidhi	Kohli	Bronze	11	46	191732.50	17430.23
C00111	Hemangini	Sandal	Silver	11	71	201065.00	18278.64
C00112	Zayan	Kashyap	Bronze	4	24	84110.00	21027.50
C00113	Qasim	Handa	Bronze	4	22	65812.50	16453.13
C00114	Barkha	Chaudhry	Bronze	10	48	154987.50	15498.75
C00115	Praneel	Mittal	Bronze	17	86	346300.00	20370.59
C00116	Chakradev	Bhagat	Bronze	4	25	59707.50	14926.88
C00117	Bhavani	Singh	Bronze	10	50	139082.50	13908.25
C00118	Charan	Krishnan	Silver	13	43	114457.50	8804.42
C00119	Vyanjana	Borah	Silver	11	47	145345.00	13213.18
C00120	Daksha	Chada	Bronze	9	38	112440.00	12493.33
C00121	Upkaar	Virk	Silver	8	27	101005.00	12625.63
C00122	Pushti	Mody	Bronze	13	52	169720.00	13055.38
C00123	Siddharth	Lalla	Silver	17	66	225455.00	13262.06
C00124	Falan	Dugar	Silver	15	75	232362.50	15490.83
C00125	Upma	Manne	Bronze	8	38	111045.00	13880.63
C00126	Barkha	Setty	Bronze	9	40	124682.50	13853.61
C00127	Rudra	Sandal	Bronze	5	22	80740.00	16148.00
C00128	Lucky	Bora	Gold	11	55	193457.50	17587.05
C00129	Bhavya	Sarna	Silver	10	50	135337.50	13533.75
C00130	Neha	Magar	Bronze	10	57	146332.50	14633.25
C00131	Balveer	Sankaran	Bronze	8	42	155897.50	19487.19
C00132	Ansh	Luthra	Bronze	8	34	113500.00	14187.50
C00133	Riya	Mall	Bronze	11	55	150075.00	13643.18
C00134	Upma	Pall	Bronze	10	64	214522.50	21452.25
C00135	Henry	Dyal	Bronze	11	69	184075.00	16734.09
C00136	Nandini	Bansal	Silver	5	21	60895.00	12179.00
C00137	Ekiya	D’Alia	Silver	9	56	183122.50	20346.94
C00138	Turvi	Sachdev	Bronze	13	53	207837.50	15987.50
C00139	Wishi	Sathe	Bronze	12	61	199427.50	16618.96
C00140	Karan	Mani	Silver	9	50	134332.50	14925.83
C00141	Wriddhish	Dutt	Platinum	7	44	152712.50	21816.07
C00142	Umang	Comar	Bronze	4	23	89272.50	22318.13
C00143	Wishi	Manne	Bronze	7	23	65377.50	9339.64
C00144	Tanmayi	Dhillon	Bronze	10	54	183435.00	18343.50
C00145	Laban	Boase	Bronze	3	19	90757.50	30252.50
C00146	Aarnav	Mandal	Bronze	8	45	176357.50	22044.69
C00147	Veda	Pai	Silver	12	52	137332.50	11444.38
C00148	William	Rajagopal	Bronze	11	52	135797.50	12345.23
C00149	Urvashi	Raj	Silver	12	73	262305.00	21858.75
C00150	Jonathan	Thakkar	Bronze	17	73	253680.00	14922.35
C00151	Tanmayi	Aurora	Bronze	5	28	121307.50	24261.50
C00152	Upasna	Lanka	Bronze	12	54	160665.00	13388.75
C00153	Lajita	Nadig	Bronze	7	38	96705.00	13815.00
C00154	Wahab	Mani	Bronze	7	27	76855.00	10979.29
C00155	Harish	Sawhney	Bronze	8	47	158205.00	19775.63
C00156	Ekta	Bhalla	Gold	12	55	126447.50	10537.29
C00157	Yash	Wali	Gold	8	54	139872.50	17484.06
C00158	Farhan	Raja	Bronze	7	23	72002.50	10286.07
C00159	Triya	Kumar	Bronze	5	26	69225.00	13845.00
C00160	Udyati	Mani	Bronze	10	54	219200.00	21920.00
C00161	Chandani	Samra	Silver	7	35	90970.00	12995.71
C00162	Vasudha	Chhabra	Bronze	11	53	177107.50	16100.68
C00163	Chakrika	Merchant	Silver	8	47	164027.50	20503.44
C00164	Chandran	Taneja	Bronze	9	39	138697.50	15410.83
C00165	Ranveer	Krishna	Bronze	15	83	278255.00	18550.33
C00166	Ridhi	Bandi	Bronze	11	71	223012.50	20273.86
C00167	Ojasvi	Gill	Bronze	11	60	210247.50	19113.41
C00168	Yachana	Mahajan	Bronze	8	43	132105.00	16513.13
C00169	Hamsini	Contractor	Bronze	7	33	101235.00	14462.14
C00170	Mekhala	Pau	Silver	8	45	127272.50	15909.06
C00171	Jatin	Sha	Bronze	13	86	270642.50	20818.65
C00172	Kamya	Chokshi	Silver	10	32	83005.00	8300.50
C00173	Falak	Kant	Silver	8	34	160637.50	20079.69
C00174	Nilima	Dada	Bronze	10	42	119082.50	11908.25
C00175	Waida	D’Alia	Silver	13	65	177295.00	13638.08
C00176	Sudiksha	Prabhakar	Bronze	7	31	101097.50	14442.50
C00177	Hardik	Suri	Bronze	11	53	184537.50	16776.14
C00178	Kamala	Kalla	Bronze	13	60	218512.50	16808.65
C00179	Hardik	Pillai	Silver	8	45	162437.50	20304.69
C00180	Jason	Sha	Silver	15	77	276290.00	18419.33
C00181	Gauri	Kohli	Bronze	10	54	196720.00	19672.00
C00182	Sarthak	Kalita	Bronze	10	50	235720.00	23572.00
C00183	Aarnav	Malhotra	Bronze	10	66	233372.50	23337.25
C00184	Owen	Choudhary	Silver	13	70	196780.00	15136.92
C00185	Wazir	Naik	Silver	6	20	58747.50	9791.25
C00186	Jonathan	Sama	Silver	12	46	149502.50	12458.54
C00187	Janaki	Varghese	Bronze	5	28	83407.50	16681.50
C00188	Caleb	Verma	Bronze	10	50	139265.00	13926.50
C00189	Neelima	Sandhu	Bronze	12	62	190302.50	15858.54
C00190	Faris	Nagy	Bronze	9	40	172295.00	19143.89
C00191	Ekta	Raj	Bronze	16	77	204840.00	12802.50
C00192	Hardik	Contractor	Bronze	11	62	185902.50	16900.23
C00193	Odika	Nori	Silver	7	32	94847.50	13549.64
C00194	Girish	Munshi	Bronze	15	71	210597.50	14039.83
C00195	Kavya	Dua	Silver	2	9	25575.00	12787.50
C00196	Girik	Sankaran	Gold	11	62	208235.00	18930.45
C00197	Darpan	Narayan	Bronze	12	75	246515.00	20542.92
C00198	Pallavi	Behl	Bronze	9	47	141602.50	15733.61
C00199	Yashica	Kala	Bronze	17	78	244352.50	14373.68
C00200	Inaya	Pillai	Bronze	5	23	64992.50	12998.50
C00201	Atharv	Loke	Gold	9	29	82197.50	9133.06
C00202	Dayamai	Nori	Bronze	5	26	84865.00	16973.00
C00203	Nandini	Boase	Bronze	4	23	64902.50	16225.63
C00204	Tanveer	Puri	Gold	10	56	179070.00	17907.00
C00205	Kala	Muni	Bronze	5	22	57067.50	11413.50
C00206	Chandran	Bumb	Bronze	9	38	103967.50	11551.94
C00207	Riya	Sachdeva	Silver	9	43	132310.00	14701.11
C00208	Qushi	Choudhry	Bronze	11	55	154975.00	14088.64
C00209	Thomas	Rana	Silver	16	92	295190.00	18449.38
C00210	Siddharth	Devan	Gold	7	32	100622.50	14374.64
C00211	Widisha	Sani	Bronze	7	33	105052.50	15007.50
C00212	Victor	Tella	Bronze	12	43	120992.50	10082.71
C00213	Anirudh	Sharaf	Gold	10	49	147512.50	14751.25
C00214	Nidhi	Sahni	Bronze	13	83	287390.00	22106.92
C00215	Onveer	Sharma	Gold	6	34	118130.00	19688.33
C00216	Rajata	Rattan	Silver	16	99	362612.50	22663.28
C00217	Harinakshi	Kant	Bronze	9	45	182642.50	20293.61
C00218	Ishaan	Wali	Bronze	9	62	188990.00	20998.89
C00219	Manbir	Keer	Bronze	5	24	99267.50	19853.50
C00220	Oscar	Dua	Bronze	12	64	173655.00	14471.25
C00221	Saumya	Naidu	Silver	8	43	158897.50	19862.19
C00222	Riya	Mitter	Bronze	8	43	196662.50	24582.81
C00223	Dayita	Shenoy	Bronze	9	46	141185.00	15687.22
C00224	Bhavini	Bose	Silver	10	60	211637.50	21163.75
C00225	Benjamin	Sengupta	Bronze	11	44	180365.00	16396.82
C00226	Matthew	Bhatia	Silver	16	92	300320.00	18770.00
C00227	Frado	Thaman	Bronze	9	36	140782.50	15642.50
C00228	Raksha	Sarna	Silver	9	43	127290.00	14143.33
C00229	Lila	Rege	Bronze	9	43	136617.50	15179.72
C00230	Girindra	Raju	Bronze	8	45	152332.50	19041.56
C00231	Finn	Dhaliwal	Gold	11	49	134950.00	12268.18
C00232	Frado	Mukherjee	Bronze	12	71	213930.00	17827.50
C00233	Girik	Sampath	Silver	6	37	129602.50	21600.42
C00234	Tanish	Om	Bronze	12	54	197157.50	16429.79
C00235	Mohammed	Brahmbhatt	Gold	8	24	74807.50	9350.94
C00236	Baljiwan	Nayar	Bronze	11	44	149992.50	13635.68
C00237	Pratyush	Gandhi	Bronze	10	55	172350.00	17235.00
C00238	Wazir	Sawhney	Bronze	12	66	244835.00	20402.92
C00239	Dayamai	Singh	Silver	14	68	214722.50	15337.32
C00240	Baghyawati	Raja	Silver	5	26	91830.00	18366.00
C00241	Lakshit	Krishna	Silver	10	46	173050.00	17305.00
C00242	Harshil	Varty	Bronze	14	49	139275.00	9948.21
C00243	Anjali	Sengupta	Bronze	8	54	185877.50	23234.69
C00244	Shravya	Palla	Bronze	8	40	135995.00	16999.38
C00245	Yadavi	Prakash	Bronze	18	96	260272.50	14459.58
C00246	Udarsh	Bala	Silver	9	32	99217.50	11024.17
C00247	Balvan	Mangat	Bronze	10	48	177675.00	17767.50
C00248	Upasna	Sen	Silver	6	32	117762.50	19627.08
C00249	Tanveer	Doctor	Silver	8	32	117092.50	14636.56
C00250	Wazir	Mitra	Bronze	8	49	123825.00	15478.13
C00251	Tanvi	Bhatnagar	Gold	11	65	215230.00	19566.36
C00252	Yutika	Khurana	Silver	10	53	155302.50	15530.25
C00253	Ira	Khosla	Bronze	17	78	291520.00	17148.24
C00254	Frederick	Viswanathan	Gold	8	30	126000.00	15750.00
C00255	Yashica	Bahri	Silver	10	39	118107.50	11810.75
C00256	Lila	Prakash	Bronze	7	40	134522.50	19217.50
C00257	Wridesh	Chawla	Silver	5	34	131570.00	26314.00
C00258	Hamsini	Gill	Silver	10	40	107842.50	10784.25
C00259	Krishna	Bhatnagar	Bronze	8	34	111380.00	13922.50
C00260	Caleb	Iyengar	Bronze	12	65	190610.00	15884.17
C00261	Mitali	Solanki	Silver	9	44	120777.50	13419.72
C00262	Champak	Narula	Bronze	14	72	198450.00	14175.00
C00263	Ria	Raju	Bronze	15	78	274710.00	18314.00
C00264	Zilmil	Loke	Silver	6	23	102190.00	17031.67
C00265	Pranit	Memon	Bronze	11	56	188432.50	17130.23
C00266	Chakrika	Mohan	Gold	10	46	162587.50	16258.75
C00267	Sachi	Panchal	Silver	7	43	129080.00	18440.00
C00268	Radhika	Maharaj	Bronze	11	57	201435.00	18312.27
C00269	Yochana	Dutta	Gold	11	57	134435.00	12221.36
C00270	Jonathan	Bhavsar	Bronze	6	38	119852.50	19975.42
C00271	Bachittar	Dube	Silver	13	46	136540.00	10503.08
C00272	Faraj	Devan	Bronze	7	28	107912.50	15416.07
C00273	Ishaan	Bal	Bronze	20	106	341255.00	17062.75
C00274	Jacob	Lala	Silver	12	71	192340.00	16028.33
C00275	Vritti	Iyengar	Silver	16	79	245927.50	15370.47
C00276	Orinder	Saxena	Platinum	7	46	157552.50	22507.50
C00277	Dhruv	Mannan	Bronze	10	51	189445.00	18944.50
C00278	Udarsh	Dara	Bronze	8	29	61805.00	7725.63
C00279	Atharv	Patel	Bronze	6	29	119625.00	19937.50
C00280	Gabriel	Bhatti	Silver	10	37	135082.50	13508.25
C00281	Nimrat	Borah	Gold	10	53	166800.00	16680.00
C00282	Unnati	Varughese	Bronze	11	57	220112.50	20010.23
C00283	Kai	Sant	Bronze	8	27	121005.00	15125.63
C00284	Daksha	Gala	Platinum	15	76	248427.50	16561.83
C00285	Zilmil	Mander	Gold	9	43	133777.50	14864.17
C00286	Anvi	Dass	Silver	12	74	257290.00	21440.83
C00287	Mitesh	Garg	Bronze	10	51	156867.50	15686.75
C00288	Alka	Kade	Bronze	14	81	277785.00	19841.79
C00289	Bimala	Mittal	Silver	11	63	201172.50	18288.41
C00290	Nidra	Mishra	Bronze	11	55	158805.00	14436.82
C00291	Nakul	Sarraf	Silver	4	17	49462.50	12365.63
C00292	Harini	Dhawan	Silver	13	53	145375.00	11182.69
C00293	Kamala	Varma	Platinum	15	67	208842.50	13922.83
C00294	Jason	Loke	Bronze	13	59	173632.50	13356.35
C00295	Chandresh	Mannan	Gold	10	42	159367.50	15936.75
C00296	Falak	Munshi	Silver	10	66	179915.00	17991.50
C00297	Unni	Tara	Gold	5	23	58317.50	11663.50
C00298	Yashasvi	Shankar	Bronze	12	68	229660.00	19138.33
C00299	Chandresh	Manda	Silver	10	51	159117.50	15911.75
C00300	Abhiram	Chokshi	Gold	4	25	88702.50	22175.63
C00301	Jasmit	Rau	Silver	4	22	56220.00	14055.00
C00302	Robert	Patil	Bronze	2	11	32987.50	16493.75
C00303	Ati	Dani	Bronze	10	66	204827.50	20482.75
C00304	Harinakshi	Pau	Silver	6	22	66087.50	11014.58
C00305	Xiti	Baria	Bronze	11	68	229275.00	20843.18
C00306	Gauri	Som	Bronze	14	75	245852.50	17560.89
C00307	Logan	Narang	Bronze	15	64	229922.50	15328.17
C00308	Chandani	Nayar	Bronze	11	63	225450.00	20495.45
C00309	Jyoti	Narula	Silver	4	31	136232.50	34058.13
C00310	Avi	Som	Gold	11	44	127342.50	11576.59
C00311	Onkar	Viswanathan	Bronze	2	9	35447.50	17723.75
C00312	Azad	Choudhary	Silver	17	85	239045.00	14061.47
C00313	Omya	Doshi	Bronze	5	28	97945.00	19589.00
C00314	Urishilla	Bhatia	Silver	11	51	140225.00	12747.73
C00315	Ekta	Sridhar	Bronze	10	45	118320.00	11832.00
C00316	Hema	Pandya	Bronze	18	86	289727.50	16095.97
C00317	Chanchal	Kar	Silver	5	25	102815.00	20563.00
C00318	Varsha	Palla	Silver	15	80	259802.50	17320.17
C00319	Ladli	Rana	Gold	12	55	171032.50	14252.71
C00320	Farhan	Pal	Bronze	11	47	156165.00	14196.82
C00321	Tanish	Jaggi	Silver	4	27	137445.00	34361.25
C00322	Wriddhish	Kibe	Silver	6	28	88822.50	14803.75
C00323	Viraj	Ben	Bronze	10	52	187582.50	18758.25
C00324	Urmi	Chaudhry	Gold	13	62	231285.00	17791.15
C00325	Vamakshi	Sood	Gold	3	11	43192.50	14397.50
C00326	Daniel	Chakraborty	Gold	10	59	235105.00	23510.50
C00327	Patrick	Bansal	Bronze	11	55	166957.50	15177.95
C00328	Bimala	Barad	Silver	11	50	116660.00	10605.45
C00329	Bhavani	Sha	Bronze	9	45	144860.00	16095.56
C00330	Anjali	Hans	Silver	6	34	99875.00	16645.83
C00331	Tara	Kurian	Silver	10	55	179122.50	17912.25
C00332	Reyansh	Gill	Bronze	9	48	182617.50	20290.83
C00333	Gabriel	Rattan	Bronze	10	38	120192.50	12019.25
C00334	Ekiya	Kothari	Gold	8	44	125995.00	15749.38
C00335	Sanya	Loke	Silver	12	55	191332.50	15944.38
C00336	Advika	Parsa	Silver	9	52	153390.00	17043.33
C00337	Damyanti	Dutta	Silver	9	40	98412.50	10934.72
C00338	Jacob	Merchant	Silver	6	40	107495.00	17915.83
C00339	Michael	Sha	Bronze	6	24	91935.00	15322.50
C00340	Tejas	Kota	Bronze	10	41	109040.00	10904.00
C00341	Janaki	Brahmbhatt	Bronze	10	52	182302.50	18230.25
C00342	Mason	Gala	Bronze	8	40	121197.50	15149.69
C00343	Samesh	Suresh	Bronze	9	44	116465.00	12940.56
C00344	Sudiksha	Deo	Bronze	18	100	292227.50	16234.86
C00345	Turvi	Morar	Gold	11	53	163300.00	14845.45
C00346	Tejas	Bora	Bronze	6	26	84122.50	14020.42
C00347	Devansh	Bhasin	Gold	8	31	70537.50	8817.19
C00348	Nilima	Gole	Platinum	11	53	157515.00	14319.55
C00349	Saumya	Purohit	Silver	5	26	59255.00	11851.00
C00350	Kiaan	Pall	Bronze	11	76	242017.50	22001.59
C00351	Joshua	Kapoor	Silver	11	56	215347.50	19577.05
C00352	Panini	Wali	Silver	10	51	168720.00	16872.00
C00353	Hiral	Dubey	Gold	10	65	235312.50	23531.25
C00354	Oni	Babu	Platinum	10	46	128500.00	12850.00
C00355	Bahadurjit	Sekhon	Bronze	6	20	73527.50	12254.58
C00356	Reva	Kaur	Gold	9	51	151280.00	16808.89
C00357	Bimala	Kaur	Platinum	12	58	204772.50	17064.38
C00358	Timothy	Sachdev	Bronze	9	43	137562.50	15284.72
C00359	Parth	Sane	Silver	16	67	204547.50	12784.22
C00360	Lakshmi	Vohra	Silver	11	53	185825.00	16893.18
C00361	Krisha	Gour	Silver	5	22	56637.50	11327.50
C00362	Maanas	Sheth	Bronze	5	22	67552.50	13510.50
C00363	Krish	Rama	Silver	11	40	109887.50	9989.77
C00364	Farhan	Sengupta	Bronze	11	57	186957.50	16996.14
C00365	Amrita	Purohit	Bronze	16	82	261577.50	16348.59
C00366	Teerth	Srinivas	Gold	7	35	89975.00	12853.57
C00367	Siddharth	Gupta	Bronze	7	42	158045.00	22577.86
C00368	Samarth	Ranganathan	Bronze	7	26	85812.50	12258.93
C00369	Unnati	Walla	Platinum	7	39	97595.00	13942.14
C00370	Widisha	Shukla	Bronze	10	39	113750.00	11375.00
C00371	Kamala	Munshi	Bronze	6	37	126850.00	21141.67
C00372	Madhav	Babu	Bronze	11	56	176250.00	16022.73
C00373	Forum	Karpe	Silver	11	50	152047.50	13822.50
C00374	Geetika	Kurian	Bronze	11	62	228030.00	20730.00
C00375	Indira	Gara	Silver	10	44	148945.00	14894.50
C00376	Daniel	Viswanathan	Bronze	9	42	101952.50	11328.06
C00377	Nitara	Devan	Silver	16	77	235367.50	14710.47
C00378	Tejas	Tiwari	Platinum	4	20	61892.50	15473.13
C00379	Vasudha	Sura	Silver	14	60	207762.50	14840.18
C00380	Anay	Wagle	Bronze	10	59	179747.50	17974.75
C00381	Qushi	Gola	Bronze	8	27	66960.00	8370.00
C00382	Rehaan	Vyas	Bronze	9	31	83900.00	9322.22
C00383	Kashvi	Ravi	Silver	14	63	227320.00	16237.14
C00384	Charita	Buch	Gold	7	42	133682.50	19097.50
C00385	Krishna	Soni	Silver	9	49	141322.50	15702.50
C00386	Xalak	Saraf	Bronze	14	74	275830.00	19702.14
C00387	Siddharth	Soman	Bronze	17	88	315175.00	18539.71
C00388	Bachittar	Gola	Silver	9	64	202582.50	22509.17
C00389	Mitali	Bose	Gold	9	47	180877.50	20097.50
C00390	Lopa	Zachariah	Bronze	11	53	178312.50	16210.23
C00391	Hiral	Bera	Gold	11	75	242235.00	22021.36
C00392	Harini	Ranganathan	Silver	15	70	201505.00	13433.67
C00393	Vedant	Parekh	Platinum	9	48	186765.00	20751.67
C00394	Lajita	Chada	Silver	9	36	140452.50	15605.83
C00395	Mitesh	Rai	Bronze	12	58	183352.50	15279.38
C00396	Hredhaan	Chand	Bronze	9	43	112677.50	12519.72
C00397	Anamika	Chaudry	Silver	5	32	88180.00	17636.00
C00398	Saumya	Vala	Gold	12	73	249097.50	20758.13
C00399	Irya	Chander	Silver	8	38	99275.00	12409.38
C00400	Lipika	Chad	Gold	5	25	72272.50	14454.50
C00401	Liam	Luthra	Bronze	5	15	42192.50	8438.50
C00402	Oliver	Saran	Silver	11	56	166392.50	15126.59
C00403	Jalsa	Krishnamurthy	Silver	11	48	134200.00	12200.00
C00404	Hredhaan	Deshmukh	Silver	7	18	59090.00	8441.43
C00405	Lajita	Narayan	Silver	11	56	164890.00	14990.00
C00406	Laban	Mital	Platinum	7	35	133880.00	19125.71
C00407	Mitali	Nagar	Bronze	7	33	112692.50	16098.93
C00408	Krisha	Mand	Gold	9	42	152872.50	16985.83
C00409	Ryan	Gole	Silver	10	48	139265.00	13926.50
C00410	Bishakha	Biswas	Bronze	13	57	165155.00	12704.23
C00411	Chavvi	Khurana	Silver	8	39	106840.00	13355.00
C00412	Saumya	Srinivas	Silver	8	43	123317.50	15414.69
C00413	Omya	Bansal	Silver	8	47	148122.50	18515.31
C00414	Isha	Ganesan	Bronze	16	88	311960.00	19497.50
C00415	Hitesh	Anne	Silver	8	42	127235.00	15904.38
C00416	Zilmil	Kant	Silver	6	33	107662.50	17943.75
C00417	Xiti	Dora	Silver	16	65	171452.50	10715.78
C00418	Ojasvi	Chada	Bronze	9	39	120600.00	13400.00
C00419	Hemal	Shah	Bronze	2	7	25595.00	12797.50
C00420	Gunbir	Sarma	Silver	7	45	141775.00	20253.57
C00421	Chaitanya	Contractor	Bronze	13	60	217195.00	16707.31
C00422	Nitesh	Kohli	Gold	12	60	244855.00	20404.58
C00423	Pooja	Shere	Gold	11	64	240142.50	21831.14
C00424	Rachana	Randhawa	Bronze	8	35	120340.00	15042.50
C00425	Pushti	Ramachandran	Silver	6	35	107242.50	17873.75
C00426	Dev	Chaudry	Silver	9	51	200832.50	22314.72
C00427	Tanvi	Comar	Silver	13	50	154367.50	11874.42
C00428	Lipika	Ramanathan	Silver	14	76	216062.50	15433.04
C00429	Orinder	Mishra	Bronze	12	52	199410.00	16617.50
C00430	William	Mody	Bronze	7	50	124342.50	17763.21
C00431	Lohit	Vaidya	Silver	8	43	139535.00	17441.88
C00432	Leela	Sampath	Gold	12	68	193962.50	16163.54
C00433	Oscar	Ganesan	Silver	9	55	199712.50	22190.28
C00434	Divya	Seshadri	Bronze	12	63	192627.50	16052.29
C00435	Laban	Hayer	Bronze	10	55	208995.00	20899.50
C00436	Nilima	Swamy	Bronze	12	58	178792.50	14899.38
C00437	Fitan	Balasubramanian	Silver	8	42	135952.50	16994.06
C00438	Umang	Yogi	Bronze	14	40	118197.50	8442.68
C00439	Warhi	Vaidya	Silver	14	59	189632.50	13545.18
C00440	Jeevika	Barman	Bronze	10	49	168782.50	16878.25
C00441	Yug	Mishra	Bronze	12	46	161555.00	13462.92
C00442	Gagan	Sarna	Gold	11	44	153320.00	13938.18
C00443	Indali	Sangha	Silver	11	62	225985.00	20544.09
C00444	Daniel	Panchal	Bronze	13	56	176412.50	13570.19
C00445	Amara	Varkey	Bronze	11	74	221657.50	20150.68
C00446	Aradhana	Date	Silver	9	52	174135.00	19348.33
C00447	Ekanta	Kota	Silver	5	23	62615.00	12523.00
C00448	Amruta	Sachdeva	Gold	15	76	298895.00	19926.33
C00449	Girik	Rau	Bronze	16	91	332765.00	20797.81
C00450	Aarnav	Chander	Bronze	12	49	131230.00	10935.83
C00451	Mitali	Kamdar	Silver	4	14	40175.00	10043.75
C00452	Ekantika	Mander	Bronze	11	50	169267.50	15387.95
C00453	Chanakya	Batra	Bronze	14	76	242320.00	17308.57
C00454	Nakul	Sastry	Platinum	18	87	281712.50	15650.69
C00455	Kevin	Mittal	Bronze	12	56	161857.50	13488.13
C00456	Jalsa	Krishna	Silver	11	56	226420.00	20583.64
C00457	Meghana	Mody	Silver	11	59	148822.50	13529.32
C00458	Girish	Agarwal	Silver	9	36	122090.00	13565.56
C00459	Upkaar	Venkataraman	Bronze	11	66	207405.00	18855.00
C00460	Hemal	Dara	Silver	9	46	200132.50	22236.94
C00461	Veer	Rajagopal	Silver	6	34	92047.50	15341.25
C00462	Jhalak	Mistry	Bronze	8	38	144542.50	18067.81
C00463	Luke	Biswas	Platinum	7	33	144960.00	20708.57
C00464	Tanay	Doshi	Bronze	9	47	132837.50	14759.72
C00465	Harish	Dey	Silver	14	70	239285.00	17091.79
C00466	Divya	Dey	Bronze	8	38	120567.50	15070.94
C00467	Bhavani	Bala	Gold	7	27	89737.50	12819.64
C00468	Ranbir	Ramanathan	Bronze	9	49	147120.00	16346.67
C00469	Isaiah	Khosla	Silver	11	67	245147.50	22286.14
C00470	Jalsa	Nadig	Silver	2	12	32020.00	16010.00
C00471	Orinder	Sinha	Bronze	3	15	57057.50	19019.17
C00472	Adweta	Kale	Bronze	12	53	158272.50	13189.38
C00473	Bhavini	Thaker	Silver	4	13	41690.00	10422.50
C00474	Fitan	Yadav	Bronze	8	44	147547.50	18443.44
C00475	Farhan	Vaidya	Bronze	12	44	172420.00	14368.33
C00476	Mahika	Bhatti	Silver	10	49	158362.50	15836.25
C00477	Gabriel	Saraf	Silver	9	37	106615.00	11846.11
C00478	Parth	Dar	Bronze	11	53	169747.50	15431.59
C00479	Watika	Palan	Bronze	10	36	154872.50	15487.25
C00480	Amruta	Dalal	Gold	7	27	86915.00	12416.43
C00481	Devansh	Lall	Bronze	13	62	236042.50	18157.12
C00482	Jagvi	Bhakta	Bronze	9	59	214762.50	23862.50
C00483	Aadhya	Chauhan	Silver	8	39	112115.00	14014.38
C00484	Chaitanya	Arora	Bronze	11	45	137282.50	12480.23
C00485	Leela	Doctor	Bronze	7	39	132365.00	18909.29
C00486	Ekanta	Kothari	Bronze	5	21	69242.50	13848.50
C00487	Kashish	Dar	Silver	5	31	81117.50	16223.50
C00488	Chakradhar	Rattan	Bronze	8	35	111990.00	13998.75
C00489	Falak	Chadha	Silver	10	53	152510.00	15251.00
C00490	Bishakha	Modi	Platinum	6	24	68962.50	11493.75
C00491	Wakeeta	Hayre	Bronze	14	61	209770.00	14983.57
C00492	Arjun	Kaul	Bronze	5	20	49715.00	9943.00
C00493	Krisha	Mohanty	Silver	6	24	70670.00	11778.33
C00494	Vyanjana	Bhasin	Bronze	10	41	102520.00	10252.00
C00495	Vincent	Venkatesh	Bronze	8	52	166547.50	20818.44
C00496	Frado	Chandran	Bronze	16	69	223585.00	13974.06
C00497	David	Saran	Silver	8	30	73970.00	9246.25
C00498	Divya	Ramaswamy	Silver	14	72	323037.50	23074.11
C00499	Falan	Jain	Silver	14	74	197945.00	14138.93
C00500	Nitesh	Sengupta	Bronze	11	56	199737.50	18157.95
C00501	Ishita	Johal	Bronze	11	63	223237.50	20294.32
C00502	Jagdish	Chana	Bronze	10	41	144102.50	14410.25
C00503	Falak	Divan	Bronze	7	33	138835.00	19833.57
C00504	Yochana	Bawa	Bronze	14	64	217372.50	15526.61
C00505	Sneha	Krish	Bronze	13	71	242122.50	18624.81
C00506	Jairaj	Arora	Bronze	10	51	142117.50	14211.75
C00507	Nandini	Pradhan	Bronze	8	42	150975.00	18871.88
C00508	Dhruv	Hora	Platinum	8	33	94057.50	11757.19
C00509	Jason	Basak	Silver	10	51	178910.00	17891.00
C00510	Rachita	Rana	Bronze	8	45	143310.00	17913.75
C00511	Pooja	Gera	Silver	9	62	231070.00	25674.44
C00512	Sanaya	Dixit	Bronze	13	66	248052.50	19080.96
C00513	Nisha	Srinivas	Bronze	7	26	85185.00	12169.29
C00514	Laksh	Saini	Bronze	6	37	127767.50	21294.58
C00515	Jagrati	Srinivasan	Bronze	10	43	123417.50	12341.75
C00516	Ekanta	Rama	Silver	15	71	213007.50	14200.50
C00517	Theodore	Balan	Silver	15	74	208682.50	13912.17
C00518	Viraj	Dutta	Bronze	17	88	270287.50	15899.26
C00519	Daksh	Kanda	Silver	11	32	94600.00	8600.00
C00520	Warjas	Nadkarni	Silver	12	68	202677.50	16889.79
C00521	Lucky	Guha	Bronze	10	65	263050.00	26305.00
C00522	Baljiwan	Chana	Silver	9	36	129382.50	14375.83
C00523	Vanya	Acharya	Silver	9	69	258925.00	28769.44
C00524	Peter	Naik	Bronze	11	80	245162.50	22287.50
C00525	Lucky	Choudhry	Silver	7	34	163227.50	23318.21
C00526	Harrison	Nayar	Silver	7	44	127525.00	18217.86
C00527	Rajeshri	Sur	Bronze	9	38	116127.50	12903.06
C00528	Udant	Gill	Bronze	13	51	118390.00	9106.92
C00529	Chaitaly	Datta	Silver	8	28	118245.00	14780.63
C00530	Bachittar	Gopal	Bronze	8	56	138300.00	17287.50
C00531	Lohit	Narula	Bronze	10	61	197312.50	19731.25
C00532	Oliver	Chakrabarti	Bronze	9	44	164430.00	18270.00
C00533	Zaid	Bir	Gold	8	26	78192.50	9774.06
C00534	Libni	Sarma	Bronze	10	56	185357.50	18535.75
C00535	Kritika	Panchal	Silver	6	21	57135.00	9522.50
C00536	Umang	Gaba	Silver	7	23	59635.00	8519.29
C00537	Chaitaly	Bahri	Silver	9	53	135427.50	15047.50
C00538	Onkar	Prashad	Bronze	7	39	134965.00	19280.71
C00539	Vasudha	Balasubramanian	Silver	9	58	193235.00	21470.56
C00540	Naksh	Bera	Bronze	9	45	153677.50	17075.28
C00541	Nimrat	Zachariah	Silver	12	64	181175.00	15097.92
C00542	Chandran	Ramaswamy	Bronze	9	49	167227.50	18580.83
C00543	Aarush	Sane	Bronze	7	32	78247.50	11178.21
C00544	Gunbir	Bal	Platinum	15	76	245350.00	16356.67
C00545	Urvashi	D’Alia	Bronze	9	56	163395.00	18155.00
C00546	Alka	Chand	Bronze	12	60	152682.50	12723.54
C00547	Kala	Grover	Silver	11	51	177920.00	16174.55
C00548	Udyati	Lall	Silver	11	66	167867.50	15260.68
C00549	Gunbir	Chada	Silver	9	43	127925.00	14213.89
C00550	Darsh	Ram	Bronze	12	52	184525.00	15377.08
C00551	Warinder	Soni	Bronze	13	59	190942.50	14687.88
C00552	Zansi	Din	Bronze	17	77	231185.00	13599.12
C00553	Siddharth	Hans	Bronze	10	60	193000.00	19300.00
C00554	Radhika	Jaggi	Gold	9	58	154227.50	17136.39
C00555	Ekalinga	Chahal	Silver	8	51	185585.00	23198.13
C00556	Anya	Venkatesh	Bronze	11	63	209562.50	19051.14
C00557	Oni	Chowdhury	Bronze	6	30	109017.50	18169.58
C00558	Harish	Cherian	Silver	9	61	191062.50	21229.17
C00559	Aishani	Rajagopal	Bronze	10	41	132457.50	13245.75
C00560	Anya	Rau	Gold	11	57	223817.50	20347.05
C00561	Garima	Khanna	Silver	11	60	173775.00	15797.73
C00562	Anmol	Nazareth	Silver	5	26	77960.00	15592.00
C00563	Guneet	Kari	Bronze	9	46	173517.50	19279.72
C00564	Amruta	Saha	Bronze	11	61	211370.00	19215.45
C00565	Niharika	Sundaram	Silver	14	51	124840.00	8917.14
C00566	Deepa	Toor	Bronze	12	75	241110.00	20092.50
C00567	Ayush	Ghose	Bronze	11	49	152992.50	13908.41
C00568	Bachittar	Shan	Gold	5	23	72492.50	14498.50
C00569	Jyoti	Shetty	Gold	16	60	164125.00	10257.81
C00570	Wyatt	Pradhan	Platinum	4	21	63370.00	15842.50
C00571	Inaya	Padmanabhan	Bronze	8	40	112395.00	14049.38
C00572	Ayaan	Raju	Bronze	12	36	114717.50	9559.79
C00573	Umang	Jhaveri	Silver	4	14	35435.00	8858.75
C00574	Aditya	Som	Silver	5	31	132902.50	26580.50
C00575	Zayyan	Mody	Bronze	9	42	150540.00	16726.67
C00576	Zayyan	Kamdar	Gold	13	67	258452.50	19880.96
C00577	Mekhala	Chaudry	Bronze	15	71	196450.00	13096.67
C00578	Barkha	Misra	Gold	7	43	133282.50	19040.36
C00579	Aradhana	Nair	Bronze	10	48	153645.00	15364.50
C00580	Zansi	Khosla	Bronze	10	62	178777.50	17877.75
C00581	Logan	Bal	Silver	10	51	153780.00	15378.00
C00582	Nidhi	Rama	Bronze	8	35	138140.00	17267.50
C00583	Tristan	Warrior	Bronze	10	54	167927.50	16792.75
C00584	Onkar	Golla	Silver	13	65	210580.00	16198.46
C00585	Aarna	Goswami	Silver	16	78	272867.50	17054.22
C00586	Damyanti	Salvi	Silver	9	49	204962.50	22773.61
C00587	Ubika	Dalal	Silver	12	61	184787.50	15398.96
C00588	Ekavir	Sodhi	Bronze	14	64	199027.50	14216.25
C00589	Lakshmi	Wagle	Bronze	7	34	123985.00	17712.14
C00590	Sai	Oommen	Gold	11	52	174305.00	15845.91
C00591	Pranit	Buch	Platinum	9	43	135735.00	15081.67
C00592	Dhriti	Bhardwaj	Bronze	13	74	238952.50	18380.96
C00593	Om	Dutt	Silver	4	19	89327.50	22331.88
C00594	Radha	Sanghvi	Bronze	8	38	118380.00	14797.50
C00595	Aayush	Barad	Bronze	9	44	133097.50	14788.61
C00596	Rayaan	Badami	Bronze	17	95	286062.50	16827.21
C00597	Hemangini	Muni	Silver	9	46	184047.50	20449.72
C00598	Damini	Ganesh	Gold	11	50	176905.00	16082.27
C00599	Tamanna	Venkatesh	Silver	10	61	211820.00	21182.00
C00600	Jagrati	Guha	Bronze	8	38	95697.50	11962.19
C00601	Udarsh	Deep	Silver	11	50	145385.00	13216.82
C00602	Jatin	Peri	Silver	6	33	113920.00	18986.67
C00603	Chanakya	Bava	Bronze	16	94	301815.00	18863.44
C00604	Jack	Saha	Bronze	7	25	70055.00	10007.86
C00605	Zayyan	Som	Bronze	9	49	170602.50	18955.83
C00606	Osha	Chaudhuri	Bronze	11	49	116692.50	10608.41
C00607	Jacob	Mandal	Bronze	10	51	149585.00	14958.50
C00608	Ryan	Lall	Bronze	13	86	279287.50	21483.65
C00609	Naveen	Baral	Silver	9	32	88245.00	9805.00
C00610	Ganga	Keer	Gold	8	37	101422.50	12677.81
C00611	Wakeeta	Dixit	Silver	15	79	223617.50	14907.83
C00612	Harrison	Kunda	Platinum	13	57	158412.50	12185.58
C00613	Ucchal	Bedi	Silver	5	25	96102.50	19220.50
C00614	Jagvi	Munshi	Bronze	8	43	109287.50	13660.94
C00615	Aditya	Devi	Bronze	10	51	137067.50	13706.75
C00616	Amrita	Chander	Bronze	7	31	109975.00	15710.71
C00617	Mugdha	Shan	Bronze	12	49	163422.50	13618.54
C00618	Ojas	Chowdhury	Silver	12	71	208392.50	17366.04
C00619	Omaja	Subramanian	Platinum	9	38	124065.00	13785.00
C00620	Jagrati	Balakrishnan	Bronze	15	78	272785.00	18185.67
C00621	Nisha	Sastry	Bronze	4	19	44452.50	11113.13
C00622	Dipta	Arora	Bronze	4	21	101707.50	25426.88
C00623	Girish	Sant	Bronze	14	93	311382.50	22241.61
C00624	Lekha	Dixit	Bronze	10	45	121247.50	12124.75
C00625	Upasna	Tandon	Bronze	15	72	218435.00	14562.33
C00626	Wridesh	Narayanan	Silver	14	61	160965.00	11497.50
C00627	Kritika	Rau	Bronze	5	26	97755.00	19551.00
C00628	Sara	Chakrabarti	Bronze	8	35	130150.00	16268.75
C00629	Widisha	Badami	Silver	7	27	100795.00	14399.29
C00630	Aadi	Chand	Bronze	9	50	163572.50	18174.72
C00631	Tanmayi	Om	Bronze	6	28	73157.50	12192.92
C00632	Urvashi	Patla	Silver	11	54	180757.50	16432.50
C00633	Tristan	Agate	Silver	11	69	244317.50	22210.68
C00634	Kashvi	Cherian	Gold	10	45	107392.50	10739.25
C00635	Nimrat	Chhabra	Silver	13	62	204062.50	15697.12
C00636	Tanveer	Shankar	Bronze	11	51	164065.00	14915.00
C00637	Chakradhar	Dasgupta	Gold	12	74	251222.50	20935.21
C00638	Yamini	Desai	Gold	11	47	124975.00	11361.36
C00639	Chanakya	Sant	Silver	17	98	332002.50	19529.56
C00640	Oscar	Dave	Bronze	10	48	172602.50	17260.25
C00641	Leena	Sahota	Silver	11	48	146350.00	13304.55
C00642	Chaitaly	Sethi	Bronze	7	30	92772.50	13253.21
C00643	Yauvani	Mistry	Silver	15	66	232175.00	15478.33
C00644	Bina	Pai	Silver	8	30	74872.50	9359.06
C00645	Ekantika	D’Alia	Silver	8	33	106092.50	13261.56
C00646	Omisha	Walla	Silver	13	62	297862.50	22912.50
C00647	Aryan	Raj	Bronze	8	39	129930.00	16241.25
C00648	Amara	Dyal	Bronze	8	36	116435.00	14554.38
C00649	Chakrika	Jani	Gold	10	54	188602.50	18860.25
C00650	Udarsh	Ramachandran	Silver	10	40	88090.00	8809.00
C00651	Champak	Raj	Bronze	11	69	251150.00	22831.82
C00652	Dhriti	Bhagat	Silver	10	54	156575.00	15657.50
C00653	Saanvi	Kar	Bronze	10	48	155860.00	15586.00
C00654	Peter	Borde	Bronze	11	39	78945.00	7176.82
C00655	Krishna	Baria	Silver	9	40	122562.50	13618.06
C00656	Kalpit	Dyal	Bronze	11	37	129947.50	11813.41
C00657	Mohammed	Baral	Silver	10	47	158292.50	15829.25
C00658	Charvi	Swaminathan	Platinum	9	51	155832.50	17314.72
C00659	Qarin	Verma	Bronze	9	30	100305.00	11145.00
C00660	Netra	Chanda	Platinum	7	24	83807.50	11972.50
C00661	Jalsa	Memon	Gold	9	35	163552.50	18172.50
C00662	Hiral	Sehgal	Bronze	12	52	222260.00	18521.67
C00663	Ekani	Raj	Silver	8	33	86045.00	10755.63
C00664	Barkha	Bakshi	Silver	10	52	180350.00	18035.00
C00665	Caleb	Minhas	Gold	11	52	172305.00	15664.09
C00666	Gopal	Ganesh	Bronze	9	30	139757.50	15528.61
C00667	Tanay	Samra	Bronze	8	33	111542.50	13942.81
C00668	Ekbal	Dube	Gold	6	31	112232.50	18705.42
C00669	Gagan	Borah	Bronze	12	79	283937.50	23661.46
C00670	Ekavir	Kari	Bronze	12	57	132142.50	11011.88
C00671	Nidhi	Sant	Bronze	8	43	126940.00	15867.50
C00672	Abeer	Bhatnagar	Silver	13	70	187952.50	14457.88
C00673	Hitesh	Mann	Silver	8	38	125347.50	15668.44
C00674	Megha	Balasubramanian	Bronze	14	73	307337.50	21952.68
C00675	Laban	Raman	Silver	7	31	100620.00	14374.29
C00676	Lohit	Dasgupta	Silver	10	54	171680.00	17168.00
C00677	Frederick	Mody	Bronze	15	76	229237.50	15282.50
C00678	Yauvani	Dhar	Bronze	14	62	178180.00	12727.14
C00679	Zayyan	Hari	Silver	6	35	144752.50	24125.42
C00680	Triya	Bora	Bronze	8	49	143980.00	17997.50
C00681	Vidhi	Narayanan	Bronze	16	78	294195.00	18387.19
C00682	Ekaraj	Hari	Bronze	9	49	178087.50	19787.50
C00683	Damini	Dua	Bronze	13	73	221645.00	17049.62
C00684	Dhriti	Koshy	Gold	14	66	253922.50	18137.32
C00685	Krish	Narula	Bronze	12	79	250462.50	20871.88
C00686	Dalaja	Sur	Bronze	7	33	108592.50	15513.21
C00687	Logan	Yohannan	Silver	11	59	166540.00	15140.00
C00688	Faqid	Bahl	Silver	8	42	144982.50	18122.81
C00689	Abha	Zacharia	Gold	12	61	183325.00	15277.08
C00690	Udant	Mannan	Gold	4	14	52527.50	13131.88
C00691	Gautam	Ranganathan	Bronze	10	37	130870.00	13087.00
C00692	Noah	Varkey	Silver	9	23	81767.50	9085.28
C00693	Madhav	Sule	Silver	10	43	111445.00	11144.50
C00694	Dev	Lalla	Bronze	8	43	138590.00	17323.75
C00695	Jalsa	Rama	Gold	19	105	320007.50	16842.50
C00696	Ekiya	Chauhan	Silver	3	9	36837.50	12279.17
C00697	Owen	Puri	Silver	10	51	171635.00	17163.50
C00698	Faras	Varughese	Bronze	5	21	72140.00	14428.00
C00699	Ira	Pai	Bronze	11	59	196895.00	17899.55
C00700	Yachana	Dewan	Platinum	6	23	63997.50	10666.25
C00701	Yoshita	Mand	Silver	7	32	98185.00	14026.43
C00702	Janaki	Dani	Silver	8	27	82982.50	10372.81
C00703	Ishaan	Subramaniam	Bronze	12	63	234252.50	19521.04
C00704	Neel	Roy	Gold	11	66	196467.50	17860.68
C00705	Naveen	Desai	Gold	10	45	147810.00	14781.00
C00706	Aarna	Gole	Bronze	9	40	130115.00	14457.22
C00707	Bhanumati	Chada	Bronze	15	93	270690.00	18046.00
C00708	Onkar	Kanda	Bronze	10	46	150660.00	15066.00
C00709	Qabil	Vaidya	Gold	12	55	170407.50	14200.63
C00710	Ekapad	Karpe	Silver	10	53	184975.00	18497.50
C00711	Amol	Jain	Silver	13	59	192845.00	14834.23
C00712	Peter	Soni	Gold	8	38	114587.50	14323.44
C00713	Girik	Subramaniam	Bronze	7	38	82807.50	11829.64
C00714	Osha	Prabhakar	Bronze	7	36	118267.50	16895.36
C00715	Vasatika	Raj	Bronze	10	47	194112.50	19411.25
C00716	Vansha	Kaul	Bronze	13	55	179652.50	13819.42
C00717	Ranbir	Ahluwalia	Bronze	7	46	133682.50	19097.50
C00718	Abhimanyu	Prashad	Silver	16	92	341520.00	21345.00
C00719	Hredhaan	Dubey	Bronze	11	52	173342.50	15758.41
C00720	Pallavi	Pau	Bronze	13	81	272117.50	20932.12
C00721	Vasudha	Gola	Gold	7	36	117457.50	16779.64
C00722	Hemangini	Rao	Gold	10	55	139282.50	13928.25
C00723	Neel	Chaudhry	Bronze	9	32	94417.50	10490.83
C00724	Charles	Dyal	Bronze	10	40	88505.00	8850.50
C00725	Maanav	Sinha	Silver	14	52	151112.50	10793.75
C00726	Tristan	Prabhakar	Platinum	12	67	241732.50	20144.38
C00727	Bhavini	Bhandari	Platinum	9	48	154607.50	17178.61
C00728	Saksham	Vasa	Bronze	7	32	94222.50	13460.36
C00729	Zaitra	Kata	Silver	12	62	159655.00	13304.58
C00730	Aadi	Dugar	Bronze	12	57	217025.00	18085.42
C00731	Megha	Ravi	Platinum	15	72	224370.00	14958.00
C00732	Ekapad	Chana	Silver	13	68	234497.50	18038.27
C00733	Robert	Sha	Gold	8	33	109800.00	13725.00
C00734	Niharika	Toor	Bronze	10	47	139377.50	13937.75
C00735	Harini	Dada	Gold	15	77	244012.50	16267.50
C00736	Veda	Kohli	Gold	13	40	167597.50	12892.12
C00737	Vasatika	Dada	Bronze	7	42	135755.00	19393.57
C00738	Victor	Mutti	Silver	13	63	221640.00	17049.23
C00739	Aditya	Lall	Silver	16	89	240885.00	15055.31
C00740	Hema	Borra	Bronze	12	53	189237.50	15769.79
C00741	Tejas	Luthra	Platinum	10	39	120890.00	12089.00
C00742	Ryan	Keer	Silver	8	33	89895.00	11236.88
C00743	Samaksh	Krish	Bronze	11	54	168097.50	15281.59
C00744	Waida	Ahuja	Silver	8	38	125645.00	15705.63
C00745	Divya	Tailor	Silver	6	32	81002.50	13500.42
C00746	Mitali	Kapadia	Bronze	10	52	220902.50	22090.25
C00747	Vanya	Zachariah	Silver	7	36	105707.50	15101.07
C00748	Owen	Shankar	Silver	8	41	153825.00	19228.13
C00749	Abhiram	Arora	Bronze	11	58	155607.50	14146.14
C00750	Janaki	Lad	Bronze	3	13	54372.50	18124.17
C00751	Urishilla	Oza	Silver	10	53	149682.50	14968.25
C00752	Oni	Pradhan	Gold	6	27	87050.00	14508.33
C00753	Karan	Karnik	Gold	11	49	176162.50	16014.77
C00754	Rachana	Raj	Bronze	4	24	88077.50	22019.38
C00755	Aditya	Goda	Bronze	8	46	130787.50	16348.44
C00756	Zansi	Walla	Bronze	13	61	245047.50	18849.81
C00757	Champak	Rao	Silver	5	24	66985.00	13397.00
C00758	Aachal	Soni	Bronze	11	41	118915.00	10810.45
C00759	Jalsa	Parsa	Bronze	7	31	122455.00	17493.57
C00760	Indali	Issac	Silver	12	59	224925.00	18743.75
C00761	Yashvi	Sura	Bronze	8	36	121602.50	15200.31
C00762	Bhavini	Sheth	Bronze	4	28	101427.50	25356.88
C00763	Nidhi	Bora	Bronze	6	35	99450.00	16575.00
C00764	Dipta	Nadig	Bronze	18	96	268580.00	14921.11
C00765	Sai	Patil	Silver	15	65	176480.00	11765.33
C00766	Arin	Dass	Bronze	10	56	198935.00	19893.50
C00767	Ojas	Ranganathan	Gold	15	72	268720.00	17914.67
C00768	Chatura	Bal	Silver	10	33	110272.50	11027.25
C00769	Hemang	Lala	Bronze	7	34	128875.00	18410.71
C00770	Veer	Kota	Silver	10	44	130572.50	13057.25
C00771	Onkar	Balakrishnan	Gold	14	70	206022.50	14715.89
C00772	Unni	Zachariah	Bronze	9	45	142872.50	15874.72
C00773	Tanmayi	Saran	Bronze	13	73	254215.00	19555.00
C00774	Gaurav	Sathe	Platinum	7	24	88347.50	12621.07
C00775	Chavvi	Anne	Silver	9	52	185997.50	20666.39
C00776	Bhavini	Singh	Bronze	13	67	213055.00	16388.85
C00777	Aditya	Sani	Silver	10	50	173020.00	17302.00
C00778	Ranbir	Sabharwal	Bronze	11	64	224592.50	20417.50
C00779	Madhavi	Radhakrishnan	Bronze	10	50	158900.00	15890.00
C00780	Wriddhish	Varughese	Silver	12	60	169702.50	14141.88
C00781	Raghav	Biswas	Silver	14	68	228587.50	16327.68
C00782	Tamanna	Sethi	Silver	7	30	80277.50	11468.21
C00783	Max	Bawa	Bronze	8	46	165232.50	20654.06
C00784	Amruta	Dass	Gold	9	58	255585.00	28398.33
C00785	Matthew	Aurora	Gold	8	41	141625.00	17703.13
C00786	Devika	Tara	Bronze	18	85	279895.00	15549.72
C00787	Madhav	Bhalla	Bronze	11	71	271652.50	24695.68
C00788	Pratyush	Handa	Bronze	12	65	183490.00	15290.83
C00789	Yuvraj	Rajan	Bronze	13	69	245565.00	18889.62
C00790	Rushil	Sharma	Bronze	8	38	121007.50	15125.94
C00791	Lopa	Muni	Silver	18	101	242825.00	13490.28
C00792	Jason	Kulkarni	Silver	6	25	87737.50	14622.92
C00793	Charles	Kamdar	Bronze	11	52	165365.00	15033.18
C00794	Alexander	Ganesh	Silver	14	60	161680.00	11548.57
C00795	Brijesh	Soman	Bronze	6	30	100967.50	16827.92
C00796	Nakul	Tata	Gold	4	23	95987.50	23996.88
C00797	Ishani	Dube	Silver	9	41	135225.00	15025.00
C00798	Edhitha	Palan	Silver	8	27	92855.00	11606.88
C00799	Krishna	Parmar	Bronze	1	10	30262.50	30262.50
C00800	Raksha	Menon	Silver	8	40	149575.00	18696.88
C00801	Ijaya	Naik	Silver	8	40	148550.00	18568.75
C00802	Naveen	Biswas	Silver	6	33	136272.50	22712.08
C00803	Jeevika	Setty	Bronze	16	89	303072.50	18942.03
C00804	Qasim	Bahl	Silver	11	58	156577.50	14234.32
C00805	Lila	Gupta	Gold	18	89	265580.00	14754.44
C00806	Ekantika	Rout	Bronze	6	24	69932.50	11655.42
C00807	Ekalinga	Bassi	Silver	11	49	205755.00	18705.00
C00808	Hredhaan	Sunder	Bronze	10	37	117727.50	11772.75
C00809	Lipika	Suri	Silver	10	47	144400.00	14440.00
C00810	Ekavir	Arya	Bronze	11	47	164092.50	14917.50
C00811	Darsh	Patel	Bronze	10	57	188785.00	18878.50
C00812	Dalbir	Lata	Silver	11	56	153475.00	13952.27
C00813	Tarak	Venkataraman	Silver	11	69	216980.00	19725.45
C00814	Lekha	Gupta	Gold	10	64	214580.00	21458.00
C00815	Ojasvi	Cherian	Bronze	10	53	165452.50	16545.25
C00816	Pranit	Ratti	Bronze	9	39	117065.00	13007.22
C00817	Indira	Murty	Silver	12	69	239887.50	19990.63
C00818	Ekiya	Khosla	Bronze	9	39	156525.00	17391.67
C00819	Sneha	Sem	Silver	10	46	133552.50	13355.25
C00820	Bhavani	Babu	Silver	16	79	223245.00	13952.81
C00821	Tristan	Kala	Bronze	15	95	296385.00	19759.00
C00822	Mohammed	Chandra	Bronze	9	42	163897.50	18210.83
C00823	Lakshit	Lanka	Gold	9	29	74220.00	8246.67
C00824	George	Ratta	Silver	6	34	109915.00	18319.17
C00825	Oscar	Sura	Silver	12	62	174495.00	14541.25
C00826	Lakshmi	Brar	Bronze	8	31	96935.00	12116.88
C00827	Omaja	Dara	Bronze	7	34	149290.00	21327.14
C00828	Dalaja	Viswanathan	Bronze	14	70	231700.00	16550.00
C00829	Yadavi	Kant	Gold	9	44	133200.00	14800.00
C00830	Yamini	Chana	Bronze	12	61	217152.50	18096.04
C00831	Manbir	Deo	Silver	11	61	239360.00	21760.00
C00832	Chandran	Rastogi	Silver	11	46	166322.50	15120.23
C00833	Kalpit	Deshmukh	Bronze	9	60	151455.00	16828.33
C00834	Rohan	Viswanathan	Bronze	10	54	199030.00	19903.00
C00835	Qushi	Naik	Gold	10	53	164930.00	16493.00
C00836	Jasmit	Pall	Bronze	9	48	170950.00	18994.44
C00837	Arjun	Mody	Bronze	13	76	278875.00	21451.92
C00838	Madhav	Sastry	Silver	11	50	168537.50	15321.59
C00839	Kashvi	Dugal	Silver	9	41	115007.50	12778.61
C00840	Manbir	Mani	Silver	10	47	133890.00	13389.00
C00841	Shivani	Sinha	Silver	14	72	178172.50	12726.61
C00842	Siddharth	Jani	Bronze	9	48	141187.50	15687.50
C00843	Andrew	Puri	Gold	11	67	198625.00	18056.82
C00844	Bhanumati	Iyer	Bronze	15	77	226467.50	15097.83
C00845	Lipika	Madan	Silver	13	66	181715.00	13978.08
C00846	Libni	Kashyap	Bronze	10	55	199542.50	19954.25
C00847	Diya	Sundaram	Bronze	12	51	156987.50	13082.29
C00848	Tanvi	Bains	Silver	11	38	121857.50	11077.95
C00849	Vrishti	Ramaswamy	Bronze	15	55	178587.50	11905.83
C00850	Indira	Pant	Silver	8	38	93162.50	11645.31
C00851	Aarini	Ram	Bronze	9	52	161210.00	17912.22
C00852	Harita	Ramaswamy	Silver	11	55	184357.50	16759.77
C00853	Utkarsh	Sahni	Bronze	13	71	208915.00	16070.38
C00854	Forum	Sen	Silver	7	47	135695.00	19385.00
C00855	Samaksh	Devi	Silver	11	68	230090.00	20917.27
C00856	Nakul	Nadkarni	Silver	12	51	142697.50	11891.46
C00857	Eesha	Dhingra	Gold	10	63	236882.50	23688.25
C00858	Chavvi	Savant	Gold	11	54	188427.50	17129.77
C00859	Qasim	Bal	Bronze	9	32	80632.50	8959.17
C00860	Atharv	Parmer	Silver	9	29	110865.00	12318.33
C00861	Upasna	Prakash	Bronze	11	75	215957.50	19632.50
C00862	Laksh	Gade	Bronze	12	59	194520.00	16210.00
C00863	Alexander	Madan	Silver	9	43	115922.50	12880.28
C00864	Samaksh	Jayaraman	Bronze	9	56	170477.50	18941.94
C00865	Vrishti	Nair	Bronze	15	79	333150.00	22210.00
C00866	Benjamin	Rai	Bronze	9	48	169400.00	18822.22
C00867	Balvan	Verma	Silver	9	51	143582.50	15953.61
C00868	Yatan	Venkataraman	Silver	14	54	156625.00	11187.50
C00869	Zaitra	Bawa	Silver	16	76	218755.00	13672.19
C00870	Daksha	Mangal	Bronze	13	80	245177.50	18859.81
C00871	Chatura	Varughese	Silver	5	34	124490.00	24898.00
C00872	Xiti	Chowdhury	Gold	11	51	139602.50	12691.14
C00873	Ekiya	Seshadri	Silver	17	90	320885.00	18875.59
C00874	Saksham	Sha	Gold	12	56	155470.00	12955.83
C00875	Nihal	Dasgupta	Bronze	14	84	316847.50	22631.96
C00876	Janani	Chada	Platinum	14	68	191817.50	13701.25
C00877	Kritika	Rai	Silver	8	38	133967.50	16745.94
C00878	Mason	Gaba	Silver	10	46	148432.50	14843.25
C00879	Darika	More	Bronze	9	37	110935.00	12326.11
C00880	Jacob	Deep	Platinum	10	48	195427.50	19542.75
C00881	Tara	Tank	Silver	11	45	158772.50	14433.86
C00882	Wazir	Kalla	Gold	8	45	125835.00	15729.38
C00883	Fariq	Ahuja	Bronze	12	61	197405.00	16450.42
C00884	Qasim	Divan	Gold	10	49	180895.00	18089.50
C00885	Bachittar	Misra	Bronze	16	79	289480.00	18092.50
C00886	Pranav	Edwin	Bronze	12	66	214010.00	17834.17
C00887	Balendra	Chander	Gold	7	41	105835.00	15119.29
C00888	Prisha	Bhattacharyya	Silver	9	43	124975.00	13886.11
C00889	Anvi	Narayan	Bronze	16	88	330027.50	20626.72
C00890	Shaurya	Bhardwaj	Gold	12	58	229510.00	19125.83
C00891	Bhavna	Sane	Silver	7	28	96522.50	13788.93
C00892	Irya	Dayal	Silver	8	41	153672.50	19209.06
C00893	Widisha	Tailor	Silver	6	41	137065.00	22844.17
C00894	Aarav	Dani	Bronze	17	74	250882.50	14757.79
C00895	Sarthak	Sachdeva	Silver	17	101	334810.00	19694.71
C00896	Simon	Apte	Silver	7	28	109647.50	15663.93
C00897	Darika	Mital	Bronze	10	49	204287.50	20428.75
C00898	Meghana	Balakrishnan	Silver	10	63	177202.50	17720.25
C00899	Varenya	Som	Silver	18	96	305527.50	16973.75
C00900	Triveni	Yadav	Bronze	13	85	257615.00	19816.54
C00901	Chandani	Mutti	Bronze	13	54	167590.00	12891.54
C00902	Dominic	Dixit	Gold	8	51	136975.00	17121.88
C00903	Noah	Ramachandran	Silver	9	49	151072.50	16785.83
C00904	Divya	Balay	Bronze	12	65	196080.00	16340.00
C00905	Kamya	Seth	Gold	7	26	115470.00	16495.71
C00906	Isaac	Prasad	Silver	7	43	131012.50	18716.07
C00907	Yashawini	Bakshi	Silver	12	70	206310.00	17192.50
C00908	Harini	Sule	Bronze	9	55	181085.00	20120.56
C00909	Kevin	Jha	Bronze	6	25	112630.00	18771.67
C00910	Jack	Agrawal	Bronze	8	36	121562.50	15195.31
C00911	Unni	Batra	Silver	13	65	243842.50	18757.12
C00912	Devika	Kadakia	Silver	10	70	235942.50	23594.25
C00913	Eiravati	Sastry	Bronze	7	35	128267.50	18323.93
C00914	Anusha	Contractor	Bronze	13	55	196945.00	15149.62
C00915	Inaya	Nagar	Silver	11	56	191950.00	17450.00
C00916	Onveer	Bobal	Gold	17	92	307807.50	18106.32
C00917	Kalpit	Balakrishnan	Bronze	10	49	144520.00	14452.00
C00918	Chatura	Chadha	Gold	10	47	169127.50	16912.75
C00919	Sanaya	Parekh	Platinum	10	46	160427.50	16042.75
C00920	Udyati	Deep	Bronze	10	55	150795.00	15079.50
C00921	Dayita	Shroff	Silver	15	70	272890.00	18192.67
C00922	Aarna	Patla	Silver	7	29	90580.00	12940.00
C00923	Ganga	Nair	Bronze	12	70	256155.00	21346.25
C00924	Vaishnavi	Chowdhury	Bronze	12	71	251165.00	20930.42
C00925	Ijaya	Datta	Silver	7	28	112045.00	16006.43
C00926	Ekavir	Mittal	Platinum	7	34	117102.50	16728.93
C00927	William	Kohli	Bronze	8	45	195300.00	24412.50
C00928	Harini	Joshi	Silver	10	62	181042.50	18104.25
C00929	Warinder	Ghose	Platinum	14	85	319962.50	22854.46
C00930	Ubika	Nanda	Platinum	9	50	177265.00	19696.11
C00931	Nidra	Boase	Bronze	12	75	245965.00	20497.08
C00932	Darsh	Chana	Bronze	8	49	149267.50	18658.44
C00933	Manthan	Sethi	Bronze	10	52	202982.50	20298.25
C00934	Rohan	Jha	Bronze	11	64	185815.00	16892.27
C00935	Hemangini	Chakraborty	Gold	10	47	156775.00	15677.50
C00936	Chaitaly	Bhatia	Bronze	9	40	153600.00	17066.67
C00937	Imaran	Manda	Bronze	10	56	197002.50	19700.25
C00938	Meera	Nadkarni	Gold	7	50	134662.50	19237.50
C00939	Siddharth	Ghose	Bronze	14	75	218995.00	15642.50
C00940	Leena	Parsa	Silver	8	38	78457.50	9807.19
C00941	Jeremiah	Desai	Bronze	9	43	128955.00	14328.33
C00942	Vidhi	Sarkar	Platinum	6	30	97467.50	16244.58
C00943	Ojasvi	Shah	Silver	10	57	154777.50	15477.75
C00944	Panini	Sengupta	Bronze	8	41	159675.00	19959.38
C00945	Panini	Amble	Bronze	14	67	250842.50	17917.32
C00946	Amruta	Roy	Bronze	9	35	112545.00	12505.00
C00947	Jyoti	Chowdhury	Bronze	8	29	96432.50	12054.06
C00948	Ati	Shroff	Silver	10	41	130130.00	13013.00
C00949	Urmi	Brahmbhatt	Silver	16	74	243730.00	15233.13
C00950	Upasna	Setty	Silver	6	29	76327.50	12721.25
C00951	Chaitaly	Mann	Silver	12	65	174627.50	14552.29
C00952	Abha	Bhat	Bronze	8	40	97552.50	12194.06
C00953	Bishakha	Bala	Bronze	15	64	170355.00	11357.00
C00954	Faraj	Mall	Bronze	4	20	66632.50	16658.13
C00955	Aarini	Atwal	Bronze	11	53	172537.50	15685.23
C00956	Sanya	Pingle	Bronze	9	32	110745.00	12305.00
C00957	Pratyush	Wable	Bronze	6	31	93880.00	15646.67
C00958	Mitesh	Tandon	Bronze	9	43	120790.00	13421.11
C00959	Ria	Ganesh	Silver	10	52	159177.50	15917.75
C00960	Aishani	D’Alia	Silver	13	72	251275.00	19328.85
C00961	Vamakshi	Mitra	Bronze	6	27	74547.50	12424.58
C00962	Madhavi	Som	Gold	8	45	155042.50	19380.31
C00963	Bhavya	Sen	Gold	16	89	248115.00	15507.19
C00964	Benjamin	Chatterjee	Silver	12	62	221565.00	18463.75
C00965	Anamika	Loke	Gold	10	42	130450.00	13045.00
C00966	Wyatt	Hayer	Bronze	14	70	223340.00	15952.86
C00967	Abhiram	Bir	Silver	10	62	180347.50	18034.75
C00968	Hemang	Sehgal	Bronze	5	34	96662.50	19332.50
C00969	Bahadurjit	Bajwa	Silver	11	62	185882.50	16898.41
C00970	Jairaj	Dar	Bronze	7	36	136932.50	19561.79
C00971	Qasim	Choudhry	Silver	7	38	150375.00	21482.14
C00972	Faqid	Setty	Bronze	3	10	34955.00	11651.67
C00973	Ethan	Malhotra	Bronze	16	66	195580.00	12223.75
C00974	Darpan	Kuruvilla	Platinum	12	74	248745.00	20728.75
C00975	Sai	Ramaswamy	Silver	7	36	89170.00	12738.57
C00976	Raagini	Kamdar	Silver	11	50	136372.50	12397.50
C00977	Bakhshi	Bora	Gold	10	42	121562.50	12156.25
C00978	Widisha	Dixit	Bronze	11	44	145722.50	13247.50
C00979	Max	Narayan	Silver	9	28	86530.00	9614.44
C00980	Vritti	Sridhar	Silver	9	32	134920.00	14991.11
C00981	Upkaar	Aggarwal	Silver	12	53	177310.00	14775.83
C00982	Jagrati	Nath	Bronze	6	33	104585.00	17430.83
C00983	Harini	Buch	Bronze	15	64	167125.00	11141.67
C00984	Patrick	Baral	Silver	6	20	64267.50	10711.25
C00985	Madhavi	Chhabra	Gold	17	65	191555.00	11267.94
C00986	Ranveer	Dey	Silver	13	67	194850.00	14988.46
C00987	William	Suresh	Bronze	11	49	153850.00	13986.36
C00988	Darika	Tata	Bronze	13	66	234827.50	18063.65
C00989	Daksh	Nazareth	Bronze	11	54	212412.50	19310.23
C00990	Tara	Yadav	Bronze	10	57	166752.50	16675.25
C00991	Lohit	Suresh	Bronze	11	46	160737.50	14612.50
C00992	Kalpit	Atwal	Bronze	11	46	168822.50	15347.50
C00993	Tanmayi	Garde	Bronze	10	57	166770.00	16677.00
C00994	Thomas	Bhatnagar	Silver	12	64	189495.00	15791.25
C00995	Neelima	Nair	Bronze	8	44	128095.00	16011.88
C00996	Chakradev	Ghose	Bronze	8	42	142495.00	17811.88
C00997	Ojasvi	Ganguly	Silver	12	44	120720.00	10060.00
C00998	Banjeet	Deol	Bronze	9	43	133857.50	14873.06
C00999	Vidhi	Buch	Bronze	9	33	82140.00	9126.67
C01000	Bhanumati	Saha	Bronze	13	59	187480.00	14421.54
C01001	Anika	Virk	Bronze	12	61	214125.00	17843.75
C01002	Baljiwan	Gole	Bronze	7	43	123487.50	17641.07
C01003	Ijaya	Sahota	Silver	11	33	100547.50	9140.68
C01004	Girish	Pathak	Silver	9	50	149132.50	16570.28
C01005	Chatresh	Hari	Bronze	9	54	182292.50	20254.72
C01006	Patrick	Dutta	Bronze	6	37	84152.50	14025.42
C01007	Shaurya	Saran	Bronze	8	39	124417.50	15552.19
C01008	Hemang	Ben	Silver	14	72	277997.50	19856.96
C01009	Yutika	D’Alia	Bronze	12	64	276150.00	23012.50
C01010	Eshana	Saini	Silver	9	53	146527.50	16280.83
C01011	Eshana	Kari	Bronze	11	50	133790.00	12162.73
C01012	Keya	Kannan	Silver	11	47	137647.50	12513.41
C01013	Rajata	Dhillon	Bronze	9	41	112315.00	12479.44
C01014	Kashvi	Deshpande	Bronze	6	26	79902.50	13317.08
C01015	Anamika	Jain	Silver	12	82	242310.00	20192.50
C01016	Avni	Deshpande	Gold	6	24	93955.00	15659.17
C01017	Onveer	Oza	Bronze	6	42	148402.50	24733.75
C01018	Onkar	Karpe	Silver	9	43	190252.50	21139.17
C01019	Urvashi	Shere	Silver	5	27	74097.50	14819.50
C01020	Falak	Saraf	Gold	7	37	90620.00	12945.71
C01021	Chaitanya	Baria	Silver	9	44	133727.50	14858.61
C01022	Meera	Srinivas	Bronze	11	52	189620.00	17238.18
C01023	Fiyaz	Arora	Bronze	9	54	206987.50	22998.61
C01024	Chakrika	Khare	Bronze	13	62	193810.00	14908.46
C01025	Dalaja	Edwin	Bronze	5	12	36267.50	7253.50
C01026	Lakshit	Ravi	Silver	17	74	212390.00	12493.53
C01027	Aarav	Bobal	Bronze	10	52	139097.50	13909.75
C01028	Chaman	Sandhu	Silver	9	45	167347.50	18594.17
C01029	Christopher	Varma	Gold	13	71	253067.50	19466.73
C01030	Udyati	Baria	Silver	15	78	283427.50	18895.17
C01031	Ekalinga	Jayaraman	Silver	9	35	114557.50	12728.61
C01032	Ishaan	Sridhar	Bronze	6	18	55482.50	9247.08
C01033	Amara	Thakur	Silver	18	73	233500.00	12972.22
C01034	Kashish	Pai	Bronze	9	48	137447.50	15271.94
C01035	Jason	Singhal	Silver	19	90	264847.50	13939.34
C01036	Dominic	Guha	Bronze	12	54	192115.00	16009.58
C01037	Praneel	Mani	Bronze	15	87	262515.00	17501.00
C01038	Isaac	Divan	Silver	13	72	247505.00	19038.85
C01039	Arin	Memon	Bronze	6	22	59510.00	9918.33
C01040	Osha	Sawhney	Bronze	8	56	151775.00	18971.88
C01041	Anthony	Kata	Silver	14	80	279942.50	19995.89
C01042	Eta	Sunder	Bronze	11	65	211057.50	19187.05
C01043	Kevin	Mohan	Gold	7	40	138490.00	19784.29
C01044	Kamya	Mani	Bronze	6	36	84330.00	14055.00
C01045	Tamanna	Ganesan	Silver	15	55	188270.00	12551.33
C01046	Mitesh	Edwin	Silver	10	62	194685.00	19468.50
C01047	Jonathan	Sastry	Silver	9	42	121347.50	13483.06
C01048	Bakhshi	Nadig	Silver	8	40	106562.50	13320.31
C01049	Nicholas	Walla	Bronze	7	32	84252.50	12036.07
C01050	Maanav	Shanker	Bronze	10	49	159132.50	15913.25
C01051	Garima	Merchant	Silver	8	33	82060.00	10257.50
C01052	Manan	Sathe	Bronze	4	21	53267.50	13316.88
C01053	Jackson	Morar	Bronze	13	62	187330.00	14410.00
C01054	Ishanvi	Chanda	Bronze	11	64	204117.50	18556.14
C01055	Tristan	Mall	Gold	11	56	167712.50	15246.59
C01056	Sanaya	Chahal	Bronze	9	42	153797.50	17088.61
C01057	Yasti	Bhalla	Bronze	12	64	206390.00	17199.17
C01058	Libni	Pradhan	Silver	9	31	100532.50	11170.28
C01059	Darika	Sehgal	Bronze	10	51	189870.00	18987.00
C01060	Ojasvi	Savant	Bronze	8	43	127035.00	15879.38
C01061	Gabriel	Dhawan	Silver	11	48	132935.00	12085.00
C01062	Gautami	Bhatti	Bronze	9	41	154430.00	17158.89
C01063	Anjali	Sachdeva	Silver	10	50	181390.00	18139.00
C01064	Quincy	Raj	Gold	12	49	146515.00	12209.58
C01065	Daksha	Tak	Gold	10	36	137540.00	13754.00
C01066	Mitesh	Lala	Bronze	9	37	103872.50	11541.39
C01067	Praneel	Swamy	Bronze	9	48	146672.50	16296.94
C01068	Waida	Bhavsar	Gold	11	66	221862.50	20169.32
C01069	Vamakshi	Dar	Bronze	5	22	92832.50	18566.50
C01070	Nicholas	Bhardwaj	Platinum	9	52	175752.50	19528.06
C01071	Krishna	Parikh	Gold	10	60	177045.00	17704.50
C01072	Oni	Parekh	Bronze	12	60	248137.50	20678.13
C01073	Faraj	Varkey	Silver	9	34	112427.50	12491.94
C01074	Oliver	Naidu	Silver	14	71	259037.50	18502.68
C01075	Indira	Dhawan	Bronze	5	33	89165.00	17833.00
C01076	Kashish	Sundaram	Silver	12	54	161830.00	13485.83
C01077	Tejas	Dubey	Bronze	4	16	42342.50	10585.63
C01078	Ishaan	Sahni	Gold	7	26	73675.00	10525.00
C01079	Anay	Srinivasan	Bronze	15	68	210760.00	14050.67
C01080	Hema	Gera	Gold	7	35	114687.50	16383.93
C01081	Lucky	Karan	Bronze	9	44	197572.50	21952.50
C01082	Pavani	Choudhury	Bronze	8	36	96542.50	12067.81
C01083	Brijesh	Hegde	Silver	7	37	118682.50	16954.64
C01084	Daniel	Singh	Bronze	13	87	276200.00	21246.15
C01085	Charvi	Anne	Silver	7	40	102495.00	14642.14
C01086	Ryan	Goyal	Bronze	12	74	260985.00	21748.75
C01087	Arunima	Pall	Silver	3	13	38100.00	12700.00
C01088	Yashasvi	Bir	Silver	9	43	107187.50	11909.72
C01089	Rehaan	Manda	Platinum	13	68	215630.00	16586.92
C01090	Yamini	Soman	Gold	15	65	203515.00	13567.67
C01091	Isha	Raghavan	Silver	9	36	118562.50	13173.61
C01092	Nikita	Chowdhury	Silver	10	44	117832.50	11783.25
C01093	Laban	Tandon	Silver	15	66	237622.50	15841.50
C01094	Falak	Tak	Bronze	13	53	168060.00	12927.69
C01095	Devika	Sawhney	Silver	18	88	310437.50	17246.53
C01096	Ranbir	Boase	Bronze	10	58	224200.00	22420.00
C01097	Vyanjana	Cheema	Bronze	15	66	158812.50	10587.50
C01098	Frederick	Dar	Bronze	9	43	112020.00	12446.67
C01099	Harsh	Ganguly	Silver	11	64	186317.50	16937.95
C01100	Sai	Raval	Bronze	11	56	158615.00	14419.55
C01101	Xalak	Mallick	Silver	10	50	184665.00	18466.50
C01102	Nidhi	Sundaram	Silver	8	38	157082.50	19635.31
C01103	Zashil	Suri	Silver	11	42	127582.50	11598.41
C01104	Ayushman	Chaudhary	Silver	11	53	187742.50	17067.50
C01105	Avi	Gola	Bronze	9	46	130315.00	14479.44
C01106	Gopal	Bose	Gold	8	32	77307.50	9663.44
C01107	Widisha	Swaminathan	Bronze	10	48	186652.50	18665.25
C01108	Azad	Sani	Bronze	10	53	171840.00	17184.00
C01109	Krisha	Savant	Bronze	16	74	256590.00	16036.88
C01110	Chavvi	Gala	Silver	14	80	225727.50	16123.39
C01111	Lopa	Sura	Bronze	5	24	75455.00	15091.00
C01112	Naksh	Toor	Gold	15	78	215750.00	14383.33
C01113	Krishna	Pandit	Bronze	17	97	328765.00	19339.12
C01114	Chakradev	Dave	Bronze	15	59	233972.50	15598.17
C01115	Harita	Rai	Gold	12	70	181942.50	15161.88
C01116	Nisha	Panchal	Bronze	9	57	183525.00	20391.67
C01117	Devika	Chad	Silver	10	64	236270.00	23627.00
C01118	Omkaar	Bahri	Bronze	10	52	162905.00	16290.50
C01119	Yutika	Sama	Silver	4	16	44827.50	11206.88
C01120	Edhitha	Purohit	Bronze	8	41	179280.00	22410.00
C01121	Vrinda	Chaudhry	Bronze	7	35	108437.50	15491.07
C01122	Harinakshi	Ganesan	Platinum	11	56	158232.50	14384.77
C01123	Faqid	Wason	Silver	15	80	273530.00	18235.33
C01124	Chameli	Ratti	Gold	9	49	155412.50	17268.06
C01125	Gayathri	Mahajan	Bronze	15	63	219165.00	14611.00
C01126	Shaurya	Palan	Gold	16	69	249732.50	15608.28
C01127	Rachita	Zacharia	Bronze	8	49	123060.00	15382.50
C01128	Yutika	Setty	Bronze	9	33	84330.00	9370.00
C01129	Xalak	Kala	Bronze	10	48	180065.00	18006.50
C01130	Radha	Bhasin	Silver	10	45	154960.00	15496.00
C01131	Wridesh	Dora	Silver	16	63	194857.50	12178.59
C01132	Samar	Sachar	Silver	6	23	58000.00	9666.67
C01133	Warinder	Ravi	Gold	17	85	268452.50	15791.32
C01134	Ayaan	Korpal	Silver	13	53	191062.50	14697.12
C01135	Pahal	Bansal	Silver	8	53	157397.50	19674.69
C01136	Ayush	Kuruvilla	Bronze	9	43	114415.00	12712.78
C01137	Christopher	Chacko	Bronze	12	58	201025.00	16752.08
C01138	Gautam	Ranganathan	Bronze	13	69	189232.50	14556.35
C01139	Xiti	Dara	Bronze	12	72	234267.50	19522.29
C01140	Jason	Munshi	Silver	12	51	180590.00	15049.17
C01141	Maanas	Chhabra	Bronze	13	48	160390.00	12337.69
C01142	Nilima	Kumar	Bronze	15	86	244382.50	16292.17
C01143	Isaiah	Nadig	Bronze	18	95	338582.50	18810.14
C01144	Arunima	Dhillon	Silver	11	42	151777.50	13797.95
C01145	Bakhshi	Bhagat	Bronze	7	32	135997.50	19428.21
C01146	Janani	Dara	Gold	15	59	199040.00	13269.33
C01147	Maya	Kumer	Bronze	11	41	181030.00	16457.27
C01148	Naveen	Sarna	Gold	14	73	263322.50	18808.75
C01149	Vyanjana	Sinha	Gold	13	55	163345.00	12565.00
C01150	Harish	Dyal	Silver	5	23	53935.00	10787.00
C01151	Eta	Setty	Bronze	14	68	207215.00	14801.07
C01152	Sachi	Deshpande	Bronze	10	49	134622.50	13462.25
C01153	Dalaja	Murthy	Bronze	13	68	225867.50	17374.42
C01154	Zaitra	De	Gold	7	34	153265.00	21895.00
C01155	Kiaan	Lad	Bronze	11	56	166375.00	15125.00
C01156	Frado	Sachdeva	Bronze	11	52	168817.50	15347.05
C01157	Udarsh	Bail	Bronze	11	57	183507.50	16682.50
C01158	Rushil	Lala	Silver	11	48	125682.50	11425.68
C01159	Pushti	Lad	Bronze	16	93	265877.50	16617.34
C01160	Jacob	Atwal	Gold	7	42	138942.50	19848.93
C01161	Jagat	Kapur	Gold	22	116	397555.00	18070.68
C01162	Warda	Raja	Silver	6	26	119305.00	19884.17
C01163	Tanveer	Mandal	Bronze	14	63	224682.50	16048.75
C01164	Madhav	Balakrishnan	Silver	13	62	181145.00	13934.23
C01165	Yuvraj	Pingle	Bronze	9	35	136870.00	15207.78
C01166	Kiaan	Naik	Bronze	10	55	176552.50	17655.25
C01167	Pallavi	Kunda	Bronze	10	63	222880.00	22288.00
C01168	Gaurangi	Keer	Bronze	9	53	164930.00	18325.56
C01169	Chakradev	Ahluwalia	Bronze	13	65	240122.50	18470.96
C01170	Megha	Prabhakar	Bronze	5	19	67790.00	13558.00
C01171	Omkaar	Thakur	Bronze	10	47	164467.50	16446.75
C01172	Gaurav	Nadig	Silver	8	44	182155.00	22769.38
C01173	Dhriti	Basu	Bronze	10	58	154100.00	15410.00
C01174	Jalsa	Sani	Bronze	8	38	113492.50	14186.56
C01175	Dhriti	Sarin	Silver	4	23	83135.00	20783.75
C01176	Ria	Bera	Silver	8	35	96377.50	12047.19
C01177	Qadim	Banik	Silver	11	51	164037.50	14912.50
C01178	Unni	Sarin	Silver	8	42	173522.50	21690.31
C01179	Ishanvi	Sundaram	Silver	9	46	166560.00	18506.67
C01180	Manbir	Dasgupta	Gold	20	104	358020.00	17901.00
C01181	Om	Trivedi	Silver	5	23	120505.00	24101.00
C01182	Pranit	Saha	Gold	8	32	115295.00	14411.88
C01183	Girindra	Narasimhan	Bronze	6	24	98397.50	16399.58
C01184	Kashvi	Cherian	Silver	8	42	108147.50	13518.44
C01185	Varsha	Setty	Bronze	11	57	187975.00	17088.64
C01186	Sneha	Nair	Silver	11	50	173162.50	15742.05
C01187	Barkha	Naidu	Platinum	7	31	102010.00	14572.86
C01188	Mohini	Kumer	Bronze	12	69	262587.50	21882.29
C01189	Ansh	Joshi	Platinum	10	57	181995.00	18199.50
C01190	Mitesh	Dara	Gold	9	51	197825.00	21980.56
C01191	Karan	Parmer	Silver	10	48	132702.50	13270.25
C01192	Vrishti	Sehgal	Bronze	12	58	164545.00	13712.08
C01193	Pallavi	Chana	Bronze	12	43	136887.50	11407.29
C01194	Radha	Sandhu	Bronze	9	48	127130.00	14125.56
C01195	Ubika	Kapur	Bronze	10	49	162045.00	16204.50
C01196	Fiyaz	Mannan	Platinum	14	59	163147.50	11653.39
C01197	Charita	Dixit	Gold	5	26	88545.00	17709.00
C01198	Prisha	Merchant	Platinum	4	20	45787.50	11446.88
C01199	Hritik	Uppal	Bronze	12	71	255410.00	21284.17
C01200	Zehaan	Pant	Bronze	6	55	177875.00	29645.83
C01201	Turvi	Gola	Bronze	13	67	275207.50	21169.81
C01202	Omaja	Mishra	Silver	3	20	50890.00	16963.33
C01203	Harita	Grover	Silver	11	74	254357.50	23123.41
C01204	Aashi	Cherian	Bronze	13	57	187745.00	14441.92
C01205	Megha	Dada	Bronze	14	72	261927.50	18709.11
C01206	Nidhi	Sur	Bronze	11	58	187790.00	17071.82
C01207	Jeremiah	Deshmukh	Gold	15	77	271507.50	18100.50
C01208	Raghav	Bala	Bronze	15	69	243197.50	16213.17
C01209	Wyatt	Sarin	Silver	8	50	147997.50	18499.69
C01210	Manbir	Som	Gold	8	31	84522.50	10565.31
C01211	Michael	Saxena	Bronze	9	31	94195.00	10466.11
C01212	Xavier	Jaggi	Bronze	7	37	195457.50	27922.50
C01213	Harshil	Sankaran	Bronze	12	39	115452.50	9621.04
C01214	Bina	Bansal	Silver	8	49	150830.00	18853.75
C01215	Vinaya	Kata	Bronze	8	37	128597.50	16074.69
C01216	Diya	Bhatt	Platinum	9	39	106502.50	11833.61
C01217	Idika	Sen	Silver	7	30	70470.00	10067.14
C01218	Rehaan	Singh	Gold	10	55	156915.00	15691.50
C01219	Harinakshi	Sidhu	Silver	12	51	166202.50	13850.21
C01220	Jagvi	Sodhi	Silver	9	41	140290.00	15587.78
C01221	Gabriel	Subramanian	Bronze	13	57	210530.00	16194.62
C01222	Vyanjana	Chaudhuri	Silver	7	38	116552.50	16650.36
C01223	Shaurya	Batta	Bronze	10	37	113027.50	11302.75
C01224	Nathan	Ghosh	Silver	9	62	274240.00	30471.11
C01225	Ishaan	Karan	Silver	10	46	140422.50	14042.25
C01226	Harini	Pant	Silver	9	24	106490.00	11832.22
C01227	Yutika	Chawla	Bronze	9	35	148040.00	16448.89
C01228	Hitesh	Chaudry	Platinum	9	51	154545.00	17171.67
C01229	Jacob	Jha	Bronze	9	50	141187.50	15687.50
C01230	Wishi	Chaudhary	Bronze	8	42	102615.00	12826.88
C01231	Jason	Jaggi	Bronze	6	41	142025.00	23670.83
C01232	Yatan	Som	Bronze	9	47	143985.00	15998.33
C01233	Amaira	Pradhan	Bronze	7	32	92605.00	13229.29
C01234	Yatan	Doshi	Bronze	12	48	138850.00	11570.83
C01235	Odika	Rout	Bronze	9	47	122160.00	13573.33
C01236	Janaki	Balan	Bronze	12	45	135537.50	11294.79
C01237	Zansi	Boase	Silver	12	60	166927.50	13910.63
C01238	Nitesh	Saraf	Silver	8	44	118007.50	14750.94
C01239	Matthew	Bhardwaj	Bronze	8	31	97557.50	12194.69
C01240	Dipta	Padmanabhan	Gold	15	86	241625.00	16108.33
C01241	Netra	Sehgal	Silver	16	98	292650.00	18290.63
C01242	Nidhi	Hora	Platinum	5	28	94520.00	18904.00
C01243	Madhavi	Date	Bronze	12	72	279962.50	23330.21
C01244	Devika	Verma	Silver	14	76	229355.00	16382.50
C01245	Aarna	Khurana	Gold	10	57	205070.00	20507.00
C01246	Darpan	Pradhan	Bronze	12	56	171232.50	14269.38
C01247	Jeet	Sen	Silver	5	15	51995.00	10399.00
C01248	Vivaan	Palla	Gold	10	55	177702.50	17770.25
C01249	Krishna	Venkatesh	Bronze	14	69	192302.50	13735.89
C01250	Reyansh	Patel	Silver	9	56	199862.50	22206.94
C01251	Pavani	Sabharwal	Silver	9	49	138922.50	15435.83
C01252	Kalpit	Soni	Bronze	9	47	155160.00	17240.00
C01253	Neha	Venkataraman	Silver	9	49	141307.50	15700.83
C01254	Pallavi	Sarraf	Gold	7	38	100045.00	14292.14
C01255	Yashasvi	Datta	Bronze	13	76	269600.00	20738.46
C01256	Yochana	Wadhwa	Silver	8	34	125582.50	15697.81
C01257	Bachittar	Dugar	Gold	10	38	135880.00	13588.00
C01258	Jai	Pingle	Silver	7	42	165920.00	23702.86
C01259	Kamya	Mody	Silver	11	38	129835.00	11803.18
C01260	Luke	Dhar	Bronze	7	45	118770.00	16967.14
C01261	Tanveer	Goswami	Gold	11	61	177547.50	16140.68
C01262	Ikshita	Bir	Silver	14	65	208135.00	14866.79
C01263	Dayita	Sethi	Bronze	12	58	191180.00	15931.67
C01264	Lakshit	Thaman	Bronze	5	29	127727.50	25545.50
C01265	Manthan	Nanda	Silver	6	23	80135.00	13355.83
C01266	Megha	Nori	Silver	11	48	128240.00	11658.18
C01267	Gaurang	Gandhi	Bronze	12	54	183632.50	15302.71
C01268	Frederick	Hans	Silver	10	57	207112.50	20711.25
C01269	Yadavi	Bahl	Gold	4	20	77867.50	19466.88
C01270	Anvi	Jha	Silver	11	48	156845.00	14258.64
C01271	Ekani	Ratti	Bronze	9	44	140527.50	15614.17
C01272	Rajeshri	Gole	Silver	9	48	115740.00	12860.00
C01273	Lavanya	Kurian	Bronze	13	69	192855.00	14835.00
C01274	Om	Mangal	Bronze	4	21	54187.50	13546.88
C01275	Mitesh	Mohanty	Bronze	6	30	96300.00	16050.00
C01276	Eshana	Golla	Bronze	12	59	189937.50	15828.13
C01277	Hardik	Nagarajan	Bronze	5	27	101790.00	20358.00
C01278	Keya	Dara	Bronze	9	58	168387.50	18709.72
C01279	Warjas	Tailor	Bronze	12	63	166110.00	13842.50
C01280	Eesha	Shetty	Bronze	16	83	265737.50	16608.59
C01281	Nikita	Kaur	Bronze	13	82	248525.00	19117.31
C01282	Jeremiah	Modi	Bronze	10	36	108187.50	10818.75
C01283	Xiti	Jani	Bronze	9	39	158967.50	17663.06
C01284	Yatan	Yogi	Silver	9	60	173042.50	19226.94
C01285	Ucchal	Mann	Gold	16	73	284597.50	17787.34
C01286	Anjali	Krishna	Bronze	9	47	166530.00	18503.33
C01287	Yashvi	Manda	Bronze	10	50	142360.00	14236.00
C01288	Gaurav	Rana	Bronze	12	47	130850.00	10904.17
C01289	Shivansh	Thaman	Bronze	14	67	202930.00	14495.00
C01290	Yatan	Nagy	Silver	15	77	248242.50	16549.50
C01291	Amol	Deol	Bronze	7	33	131417.50	18773.93
C01292	Oscar	Sachdev	Bronze	8	39	119240.00	14905.00
C01293	Faras	Yohannan	Silver	11	47	164015.00	14910.45
C01294	Krisha	Parmar	Bronze	6	17	57685.00	9614.17
C01295	Abhiram	Dash	Gold	2	9	38325.00	19162.50
C01296	Aditya	Kant	Silver	8	48	120077.50	15009.69
C01297	Gautam	Mitter	Bronze	7	42	135645.00	19377.86
C01298	Balhaar	Mand	Silver	9	55	162647.50	18071.94
C01299	Meghana	Choudhry	Silver	13	79	233952.50	17996.35
C01300	Rishi	Gill	Bronze	6	22	94355.00	15725.83
C01301	Aashi	Kari	Bronze	7	25	97305.00	13900.71
C01302	Zayyan	Setty	Bronze	12	70	230970.00	19247.50
C01303	Rachana	Ray	Bronze	9	33	95562.50	10618.06
C01304	Janaki	Varughese	Silver	10	56	161445.00	16144.50
C01305	Osha	Walia	Bronze	12	50	178832.50	14902.71
C01306	Robert	Natt	Silver	5	20	37517.50	7503.50
C01307	Pallavi	Borde	Silver	12	57	183002.50	15250.21
C01308	Deepa	Bhatnagar	Gold	8	34	92000.00	11500.00
C01309	Arjun	Natt	Bronze	6	21	67430.00	11238.33
C01310	Harini	Bhagat	Bronze	7	30	123697.50	17671.07
C01311	Reva	Chandran	Gold	12	63	205677.50	17139.79
C01312	Bahadurjit	Purohit	Platinum	10	50	163350.00	16335.00
C01313	Christopher	Mitra	Bronze	13	62	210215.00	16170.38
C01314	Daksh	Ben	Gold	12	68	194222.50	16185.21
C01315	Nirja	Kaul	Silver	11	51	139912.50	12719.32
C01316	Priya	Chaudhuri	Silver	5	32	103325.00	20665.00
C01317	Reyansh	Chokshi	Bronze	4	20	52672.50	13168.13
C01318	Rishi	Date	Bronze	10	36	105447.50	10544.75
C01319	Sai	Grewal	Bronze	10	43	138735.00	13873.50
C01320	Joshua	Muni	Platinum	10	42	137012.50	13701.25
C01321	Deepa	Dhingra	Bronze	6	35	107832.50	17972.08
C01322	Hemal	Manne	Bronze	8	46	154197.50	19274.69
C01323	Maanav	Bhandari	Platinum	11	64	183707.50	16700.68
C01324	Hemangini	Hayre	Silver	8	42	104312.50	13039.06
C01325	Ranbir	Soni	Silver	11	65	166730.00	15157.27
C01326	Gautami	Mistry	Silver	6	30	77697.50	12949.58
C01327	Suhani	Basak	Bronze	12	49	146590.00	12215.83
C01328	Udant	Karpe	Silver	6	20	71140.00	11856.67
C01329	Garima	Prashad	Silver	9	48	121542.50	13504.72
C01330	Janani	Anne	Bronze	14	63	217700.00	15550.00
C01331	Ishwar	Dhar	Bronze	7	32	92462.50	13208.93
C01332	Caleb	Balan	Silver	15	78	278155.00	18543.67
C01333	Theodore	Lala	Gold	8	41	146817.50	18352.19
C01334	Rohan	Bains	Bronze	8	40	140787.50	17598.44
C01335	Laksh	Raghavan	Bronze	6	31	97995.00	16332.50
C01336	Tanmayi	Khatri	Bronze	6	38	116347.50	19391.25
C01337	Radha	Bhattacharyya	Bronze	9	33	138162.50	15351.39
C01338	Rehaan	Walia	Bronze	10	49	157845.00	15784.50
C01339	Pushti	Konda	Silver	8	43	113732.50	14216.56
C01340	Falak	Kota	Gold	11	61	188355.00	17123.18
C01341	Vrinda	Kadakia	Bronze	12	52	194625.00	16218.75
C01342	Yashoda	Rama	Bronze	12	65	209820.00	17485.00
C01343	Ekanta	Prakash	Bronze	7	31	105122.50	15017.50
C01344	Nandini	Bansal	Bronze	7	23	77452.50	11064.64
C01345	Wahab	Randhawa	Bronze	15	63	173455.00	11563.67
C01346	Naksh	Prasad	Silver	12	59	153377.50	12781.46
C01347	Sai	Venkataraman	Silver	10	44	145652.50	14565.25
C01348	Yauvani	Nayar	Platinum	10	63	193595.00	19359.50
C01349	Nilima	Pillai	Bronze	11	60	209250.00	19022.73
C01350	Aryan	Gola	Gold	10	53	143062.50	14306.25
C01351	Faqid	Parmer	Bronze	7	46	128850.00	18407.14
C01352	Farhan	Malhotra	Bronze	10	62	218842.50	21884.25
C01353	Jagvi	Barad	Gold	10	42	120947.50	12094.75
C01354	Forum	Krishna	Gold	7	46	196632.50	28090.36
C01355	Advika	Anand	Silver	8	33	99120.00	12390.00
C01356	Advik	Sodhi	Silver	7	42	119357.50	17051.07
C01357	Shaurya	Som	Silver	8	39	135262.50	16907.81
C01358	Triya	Oak	Bronze	12	78	198487.50	16540.63
C01359	Omisha	Kadakia	Bronze	4	16	74755.00	18688.75
C01360	Kavya	Dewan	Gold	13	58	138395.00	10645.77
C01361	Isha	Nori	Gold	5	16	46940.00	9388.00
C01362	Netra	Yogi	Gold	7	49	153797.50	21971.07
C01363	Azad	Dewan	Bronze	15	73	296525.00	19768.33
C01364	Samarth	Raman	Bronze	10	56	175762.50	17576.25
C01365	Vaishnavi	Chopra	Silver	12	67	200232.50	16686.04
C01366	Hemang	Goel	Platinum	12	67	200847.50	16737.29
C01367	Rushil	Boase	Bronze	7	42	143445.00	20492.14
C01368	Bishakha	Viswanathan	Silver	7	39	126305.00	18043.57
C01369	Zarna	Apte	Bronze	9	51	143892.50	15988.06
C01370	Naksh	Choudhry	Gold	13	57	166915.00	12839.62
C01371	Ekapad	Ramachandran	Bronze	9	50	122840.00	13648.89
C01372	Rachana	Soman	Bronze	10	56	160935.00	16093.50
C01373	Tara	Majumdar	Bronze	13	64	245515.00	18885.77
C01374	Devansh	Rastogi	Bronze	9	52	186375.00	20708.33
C01375	Turvi	Baral	Bronze	12	63	200850.00	16737.50
C01376	Chameli	Raman	Silver	12	50	176457.50	14704.79
C01377	Rachana	Shankar	Platinum	9	42	99280.00	11031.11
C01378	Girish	Ramaswamy	Silver	7	41	134020.00	19145.71
C01379	Bishakha	Bhavsar	Bronze	12	61	189735.00	15811.25
C01380	Jairaj	Pillay	Bronze	8	41	150540.00	18817.50
C01381	Nimrat	Seshadri	Silver	14	72	226577.50	16184.11
C01382	Chaitanya	Shere	Bronze	10	47	170505.00	17050.50
C01383	Hemal	Rastogi	Gold	10	39	100062.50	10006.25
C01384	Zashil	Contractor	Silver	6	32	115275.00	19212.50
C01385	Triya	Bir	Silver	14	58	212315.00	15165.36
C01386	Urishilla	Mallick	Platinum	10	39	137867.50	13786.75
C01387	Harish	Goel	Bronze	11	49	132107.50	12009.77
C01388	Faras	Apte	Bronze	16	79	275265.00	17204.06
C01389	Tarak	Banerjee	Silver	8	48	162437.50	20304.69
C01390	Harshil	Ramakrishnan	Silver	12	60	167165.00	13930.42
C01391	Chanakya	Purohit	Silver	15	77	240945.00	16063.00
C01392	Ryan	Chand	Silver	10	52	184932.50	18493.25
C01393	Geetika	Handa	Bronze	14	85	235430.00	16816.43
C01394	Oliver	Ganesh	Bronze	9	55	158375.00	17597.22
C01395	Eta	Naidu	Silver	6	21	71075.00	11845.83
C01396	Jai	Kata	Silver	9	41	151262.50	16806.94
C01397	Oscar	Aurora	Gold	10	63	180530.00	18053.00
C01398	Simon	Shanker	Bronze	14	103	376677.50	26905.54
C01399	Jyoti	Bassi	Bronze	15	87	265115.00	17674.33
C01400	Xalak	Chaudry	Bronze	14	77	225080.00	16077.14
C01401	Ekta	Rama	Bronze	5	33	126467.50	25293.50
C01402	Eesha	Subramaniam	Silver	9	52	173920.00	19324.44
C01403	Saumya	Raja	Silver	5	29	128760.00	25752.00
C01404	Ansh	Dash	Bronze	10	52	179012.50	17901.25
C01405	Fariq	Bhasin	Bronze	6	22	91820.00	15303.33
C01406	Saksham	Doshi	Silver	3	9	53877.50	17959.17
C01407	Wazir	Sawhney	Bronze	10	52	173000.00	17300.00
C01408	Balveer	Verma	Bronze	10	49	174410.00	17441.00
C01409	Veer	Narula	Bronze	7	38	115432.50	16490.36
C01410	Yuvraj	Kapadia	Silver	10	43	133590.00	13359.00
C01411	Riya	Ahuja	Silver	11	51	169217.50	15383.41
C01412	Charles	Dhaliwal	Bronze	9	39	132592.50	14732.50
C01413	Samarth	Keer	Bronze	9	48	157990.00	17554.44
C01414	Nitesh	Hora	Bronze	10	55	161612.50	16161.25
C01415	Yuvraj	Mitter	Platinum	8	48	132795.00	16599.38
C01416	Fariq	Parsa	Bronze	12	44	124157.50	10346.46
C01417	Ridhi	Sami	Platinum	9	42	144057.50	16006.39
C01418	Anmol	Raj	Bronze	11	52	186900.00	16990.91
C01419	Michael	Gill	Bronze	7	37	137877.50	19696.79
C01420	Bhanumati	Prashad	Bronze	6	28	127937.50	21322.92
C01421	Upasna	Hayre	Silver	6	30	72542.50	12090.42
C01422	Xiti	Prasad	Silver	6	15	28290.00	4715.00
C01423	Kashvi	Rajagopalan	Silver	11	59	190415.00	17310.45
C01424	Ekavir	Rege	Silver	9	39	119242.50	13249.17
C01425	Nicholas	Hari	Bronze	10	59	151490.00	15149.00
C01426	Ijaya	Upadhyay	Silver	11	54	172270.00	15660.91
C01427	Lekha	Samra	Gold	17	106	326417.50	19201.03
C01428	Janaki	Bala	Bronze	6	29	96032.50	16005.42
C01429	Manan	Kumar	Bronze	11	54	163032.50	14821.14
C01430	George	Rajagopalan	Bronze	16	87	249020.00	15563.75
C01431	Pallavi	Gandhi	Bronze	11	63	190145.00	17285.91
C01432	Xiti	Walia	Gold	14	85	239120.00	17080.00
C01433	Gaurav	Chopra	Platinum	21	112	470345.00	22397.38
C01434	Mitali	Morar	Bronze	18	104	302427.50	16801.53
C01435	Gunbir	Boase	Silver	13	57	185640.00	14280.00
C01436	Bhavya	Sankar	Silver	9	44	151695.00	16855.00
C01437	Krish	Hora	Silver	8	32	107315.00	13414.38
C01438	Shravya	Kala	Bronze	8	38	127860.00	15982.50
C01439	Qadim	Handa	Silver	6	38	172192.50	28698.75
C01440	Ojas	Buch	Bronze	11	61	198110.00	18010.00
C01441	Devansh	Oommen	Gold	11	42	124567.50	11324.32
C01442	Harrison	Andra	Bronze	11	44	152497.50	13863.41
C01443	Benjamin	Chatterjee	Gold	10	45	165725.00	16572.50
C01444	Zinal	Lata	Gold	12	60	167287.50	13940.63
C01445	Pushti	Nayar	Silver	7	33	89805.00	12829.29
C01446	Mohini	Radhakrishnan	Silver	9	33	99390.00	11043.33
C01447	Aarush	Shan	Silver	9	41	149677.50	16630.83
C01448	Jason	Wali	Gold	9	39	125870.00	13985.56
C01449	Vaishnavi	Varma	Gold	12	60	196087.50	16340.63
C01450	Ekanta	Badal	Silver	12	61	195480.00	16290.00
C01451	Vedhika	Ratta	Bronze	3	14	47572.50	15857.50
C01452	Harish	Rajan	Gold	10	41	127360.00	12736.00
C01453	Yamini	Balay	Silver	13	67	216590.00	16660.77
C01454	Unni	Ganguly	Gold	7	35	84960.00	12137.14
C01455	Wridesh	Kohli	Silver	10	46	154550.00	15455.00
C01456	Radhika	Balakrishnan	Bronze	10	65	232272.50	23227.25
C01457	Thomas	Kurian	Bronze	3	22	65442.50	21814.17
C01458	Vyanjana	Chana	Silver	16	87	314375.00	19648.44
C01459	Hemal	Purohit	Silver	10	38	105600.00	10560.00
C01460	Udant	Lad	Silver	12	52	163992.50	13666.04
C01461	Gaurav	Oak	Gold	6	21	56852.50	9475.42
C01462	Dhriti	Rai	Bronze	4	20	75655.00	18913.75
C01463	Ranveer	Rama	Bronze	8	28	119285.00	14910.63
C01464	Jonathan	Venkatesh	Silver	7	24	89552.50	12793.21
C01465	Triveni	Mutti	Bronze	16	90	300932.50	18808.28
C01466	Tamanna	Din	Gold	7	37	129582.50	18511.79
C01467	Dayamai	Thakkar	Silver	9	60	172312.50	19145.83
C01468	Tanveer	Talwar	Bronze	5	35	102045.00	20409.00
C01469	Shivansh	Kar	Gold	7	35	84255.00	12036.43
C01470	Manya	Mistry	Silver	9	50	162210.00	18023.33
C01471	Pahal	Solanki	Gold	11	51	153830.00	13984.55
C01472	Barkha	Mandal	Bronze	12	65	228922.50	19076.88
C01473	Ekiya	Bhagat	Silver	7	34	123197.50	17599.64
C01474	Riya	Subramanian	Silver	12	57	171122.50	14260.21
C01475	Rohan	Andra	Platinum	13	56	170655.00	13127.31
C01476	Om	Bhalla	Silver	9	47	156500.00	17388.89
C01477	Charles	Dalal	Platinum	9	36	92975.00	10330.56
C01478	Bahadurjit	Dani	Silver	10	63	274975.00	27497.50
C01479	Orinder	Prashad	Silver	8	48	158877.50	19859.69
C01480	Sai	Pillai	Platinum	15	80	271807.50	18120.50
C01481	Jairaj	Suresh	Bronze	8	41	91877.50	11484.69
C01482	Girindra	Golla	Bronze	10	46	149617.50	14961.75
C01483	Radha	Misra	Gold	15	71	242357.50	16157.17
C01484	Qasim	Ravi	Bronze	7	34	82597.50	11799.64
C01485	Zilmil	Yohannan	Bronze	4	27	78395.00	19598.75
C01486	Pranit	Ahluwalia	Platinum	13	75	269650.00	20742.31
C01487	Kabir	Jhaveri	Silver	7	25	72600.00	10371.43
C01488	Frado	Dash	Bronze	8	40	116215.00	14526.88
C01489	Aadi	Kothari	Silver	10	65	184327.50	18432.75
C01490	Sai	Dey	Bronze	8	46	162155.00	20269.38
C01491	Yashvi	Kadakia	Gold	9	50	154470.00	17163.33
C01492	Raghav	Dhar	Silver	6	30	120470.00	20078.33
C01493	Tarak	Parmer	Bronze	14	70	183845.00	13131.79
C01494	Aadhya	Lad	Bronze	8	42	166667.50	20833.44
C01495	Fiyaz	Kumar	Platinum	13	66	224327.50	17255.96
C01496	Ekavir	Luthra	Bronze	8	25	68255.00	8531.88
C01497	Nihal	Saini	Silver	8	42	132977.50	16622.19
C01498	Atharv	Kota	Bronze	9	49	129987.50	14443.06
C01499	Imaran	Ray	Bronze	8	33	116640.00	14580.00
C01500	Gauri	Mahajan	Platinum	14	54	174535.00	12466.79
C01501	Guneet	Purohit	Silver	19	83	261542.50	13765.39
C01502	Parth	Vyas	Silver	10	53	170952.50	17095.25
C01503	Baghyawati	Madan	Gold	14	58	176772.50	12626.61
C01504	Lopa	Golla	Silver	8	49	144527.50	18065.94
C01505	Aashi	Andra	Bronze	10	64	181767.50	18176.75
C01506	Amara	Bera	Silver	13	67	242875.00	18682.69
C01507	Tanvi	Goswami	Silver	15	66	195397.50	13026.50
C01508	Yadavi	Mangat	Bronze	10	55	156222.50	15622.25
C01509	Gagan	Mody	Silver	13	78	262210.00	20170.00
C01510	Fariq	Bose	Bronze	11	68	235627.50	21420.68
C01511	Dakshesh	Chad	Silver	6	24	79017.50	13169.58
C01512	Yashoda	Deshpande	Bronze	11	51	154587.50	14053.41
C01513	Jeet	Ravi	Silver	9	50	146107.50	16234.17
C01514	Pavani	Warrior	Silver	10	57	174745.00	17474.50
C01515	Saumya	Ganguly	Gold	6	23	76567.50	12761.25
C01516	Kiaan	Varkey	Silver	12	58	158850.00	13237.50
C01517	Onkar	Prakash	Bronze	3	16	56700.00	18900.00
C01518	Jacob	Mannan	Bronze	7	33	117485.00	16783.57
C01519	Aarnav	Ramesh	Bronze	12	65	200727.50	16727.29
C01520	Ubika	Sura	Platinum	3	16	54005.00	18001.67
C01521	Triveni	Narasimhan	Bronze	7	35	86050.00	12292.86
C01522	Quincy	Ratti	Bronze	11	54	172302.50	15663.86
C01523	Rudra	Chad	Silver	9	51	165022.50	18335.83
C01524	Abhimanyu	Dugal	Bronze	13	76	229157.50	17627.50
C01525	Chandani	Patla	Bronze	13	67	193832.50	14910.19
C01526	Ikbal	Sarna	Bronze	6	22	59515.00	9919.17
C01527	Radha	Ahluwalia	Bronze	16	86	251510.00	15719.38
C01528	Banjeet	Deol	Bronze	15	77	268937.50	17929.17
C01529	Azad	Dyal	Silver	9	42	134477.50	14941.94
C01530	Oviya	Suresh	Silver	7	33	94202.50	13457.50
C01531	Yachana	Ramachandran	Bronze	9	49	162742.50	18082.50
C01532	Jonathan	Dugal	Bronze	11	65	183437.50	16676.14
C01533	Hema	Sanghvi	Gold	8	48	139162.50	17395.31
C01534	Baghyawati	Sunder	Bronze	13	61	179515.00	13808.85
C01535	Michael	Vaidya	Bronze	11	49	147500.00	13409.09
C01536	Adya	Kota	Silver	8	56	168520.00	21065.00
C01537	Harshil	Thakkar	Gold	6	45	188235.00	31372.50
C01538	Jai	Deo	Gold	7	37	107497.50	15356.79
C01539	Madhav	Sandhu	Bronze	11	61	249092.50	22644.77
C01540	Lajita	Reddy	Bronze	9	37	137085.00	15231.67
C01541	Varenya	Bhat	Bronze	9	66	229530.00	25503.33
C01542	Amruta	Patla	Bronze	14	62	170652.50	12189.46
C01543	Champak	Gopal	Bronze	15	67	175077.50	11671.83
C01544	Ekanta	Kala	Bronze	5	34	106432.50	21286.50
C01545	Raagini	Goyal	Silver	13	84	270647.50	20819.04
C01546	Isaac	Chatterjee	Bronze	6	27	99457.50	16576.25
C01547	Janaki	Wadhwa	Silver	17	109	421165.00	24774.41
C01548	Leena	Chahal	Gold	9	45	108932.50	12103.61
C01549	Rayaan	Hans	Silver	11	64	209992.50	19090.23
C01550	Hemal	Mitra	Silver	15	50	159930.00	10662.00
C01551	Mitesh	Bassi	Bronze	12	50	140425.00	11702.08
C01552	Zayyan	Palan	Bronze	15	79	211652.50	14110.17
C01553	Vasudha	Saini	Silver	16	102	336945.00	21059.06
C01554	Kai	Mann	Silver	12	60	183382.50	15281.88
C01555	Mitali	Talwar	Bronze	12	53	192487.50	16040.63
C01556	Leena	Ramakrishnan	Silver	12	68	280692.50	23391.04
C01557	Aarush	Dutta	Bronze	8	39	113100.00	14137.50
C01558	Yahvi	Vohra	Bronze	5	17	53737.50	10747.50
C01559	Amrita	Dani	Bronze	10	56	204885.00	20488.50
C01560	Wazir	Manne	Silver	3	4	10675.00	3558.33
C01561	Anamika	Behl	Bronze	10	58	186702.50	18670.25
C01562	Aarav	Palan	Silver	11	52	154715.00	14065.00
C01563	Kiaan	Rege	Gold	7	25	103505.00	14786.43
C01564	Theodore	Mammen	Bronze	6	23	66397.50	11066.25
C01565	Hitesh	Raja	Bronze	10	52	145215.00	14521.50
C01566	Amruta	Jani	Gold	4	22	59790.00	14947.50
C01567	Radha	Pillay	Silver	11	52	264787.50	24071.59
C01568	Pratyush	Sharaf	Bronze	7	28	92487.50	13212.50
C01569	Vritti	Gole	Bronze	12	52	197547.50	16462.29
C01570	Meera	Guha	Gold	13	54	170632.50	13125.58
C01571	Yatan	Sha	Bronze	9	57	184017.50	20446.39
C01572	Laksh	Arora	Bronze	8	36	95310.00	11913.75
C01573	Imaran	Arya	Silver	11	45	119800.00	10890.91
C01574	Amrita	Dhar	Gold	11	58	192895.00	17535.91
C01575	Hamsini	Chada	Bronze	12	59	176562.50	14713.54
C01576	Sachi	Gade	Silver	8	43	136465.00	17058.13
C01577	Daksh	Loke	Silver	6	24	84760.00	14126.67
C01578	Chaman	Chauhan	Silver	16	84	229937.50	14371.09
C01579	Arjun	Karan	Gold	9	47	148435.00	16492.78
C01580	Bhavini	Kara	Silver	7	34	106065.00	15152.14
C01581	Imaran	Kapur	Silver	12	69	197472.50	16456.04
C01582	Gauri	Dani	Bronze	15	70	196547.50	13103.17
C01583	Pranav	Sangha	Bronze	15	85	314665.00	20977.67
C01584	Charvi	Mangat	Bronze	10	54	139870.00	13987.00
C01585	Jyoti	Lanka	Platinum	15	83	251302.50	16753.50
C01586	Manan	Nagarajan	Silver	13	53	151882.50	11683.27
C01587	Vanya	Bhavsar	Platinum	20	100	274580.00	13729.00
C01588	Gautam	Naidu	Bronze	10	47	148960.00	14896.00
C01589	Eiravati	Talwar	Bronze	9	47	201592.50	22399.17
C01590	Gauri	Devi	Bronze	6	32	93885.00	15647.50
C01591	Widisha	Yohannan	Silver	13	62	235787.50	18137.50
C01592	Leena	Chacko	Gold	11	52	140230.00	12748.18
C01593	Theodore	Chahal	Silver	8	45	125900.00	15737.50
C01594	Anay	Patil	Silver	13	53	175877.50	13529.04
C01595	Ikshita	Patel	Bronze	12	73	248117.50	20676.46
C01596	Oviya	Kibe	Silver	8	43	126385.00	15798.13
C01597	Lakshit	Dalal	Silver	10	45	143975.00	14397.50
C01598	Panini	Prabhu	Silver	9	50	212150.00	23572.22
C01599	Nakul	Balan	Bronze	10	42	142620.00	14262.00
C01600	Yash	Bose	Bronze	9	35	109442.50	12160.28
C01601	Upma	Dey	Bronze	5	20	58130.00	11626.00
C01602	Agastya	Mangat	Gold	6	34	106095.00	17682.50
C01603	Azad	Ghose	Gold	7	51	181655.00	25950.71
C01604	Suhani	Kuruvilla	Gold	10	42	121867.50	12186.75
C01605	George	Vig	Bronze	13	62	207577.50	15967.50
C01606	Nandini	Bhalla	Bronze	9	51	206580.00	22953.33
C01607	Faras	Sidhu	Platinum	6	24	78132.50	13022.08
C01608	Nidhi	Rai	Bronze	8	56	172722.50	21590.31
C01609	Panini	Hayer	Gold	11	47	168735.00	15339.55
C01610	Gautami	Bala	Silver	5	31	107712.50	21542.50
C01611	Hredhaan	Bhattacharyya	Bronze	8	54	177837.50	22229.69
C01612	Saksham	Bali	Bronze	15	64	202522.50	13501.50
C01613	Chaitanya	Sule	Silver	8	26	95882.50	11985.31
C01614	Dayamai	Anand	Bronze	8	32	83932.50	10491.56
C01615	Divya	Raman	Silver	5	28	90115.00	18023.00
C01616	Yahvi	Chaudhuri	Silver	6	34	104745.00	17457.50
C01617	Baljiwan	Mannan	Gold	9	51	137105.00	15233.89
C01618	Girik	Kata	Bronze	10	67	198862.50	19886.25
C01619	Zaitra	Virk	Gold	9	49	159322.50	17702.50
C01620	Jagvi	Sankar	Gold	6	39	127875.00	21312.50
C01621	Falan	Dua	Bronze	12	60	164315.00	13692.92
C01622	Luke	More	Platinum	13	77	243472.50	18728.65
C01623	Dipta	Gara	Gold	10	56	156495.00	15649.50
C01624	Januja	Pandit	Silver	14	75	253237.50	18088.39
C01625	Triveni	Kuruvilla	Bronze	9	35	143402.50	15933.61
C01626	Logan	Dasgupta	Silver	9	40	141827.50	15758.61
C01627	Nandini	Rege	Gold	16	82	296122.50	18507.66
C01628	Dipta	Prakash	Silver	8	28	77010.00	9626.25
C01629	Adya	Basak	Silver	7	33	149705.00	21386.43
C01630	Henry	Mannan	Bronze	8	44	138492.50	17311.56
C01631	Elijah	Kapoor	Bronze	1	4	29920.00	29920.00
C01632	Ikshita	Shukla	Bronze	12	71	219025.00	18252.08
C01633	Frederick	Gole	Silver	8	44	121830.00	15228.75
C01634	Neelima	Narasimhan	Gold	7	32	112932.50	16133.21
C01635	Vedika	Kala	Bronze	7	41	116222.50	16603.21
C01636	Balvan	Dugal	Silver	14	56	136167.50	9726.25
C01637	Ekaja	Balay	Gold	5	15	59577.50	11915.50
C01638	Qushi	Solanki	Silver	9	60	185430.00	20603.33
C01639	Pallavi	Madan	Bronze	6	35	72772.50	12128.75
C01640	Anusha	Ravel	Silver	11	74	217212.50	19746.59
C01641	Tanish	Lad	Silver	16	70	290325.00	18145.31
C01642	Hema	Mishra	Silver	11	48	156637.50	14239.77
C01643	Vasatika	Soman	Gold	10	46	153950.00	15395.00
C01644	Lopa	Anne	Bronze	7	37	139242.50	19891.79
C01645	Edhitha	Atwal	Silver	10	57	202502.50	20250.25
C01646	Edhitha	Comar	Bronze	7	47	134547.50	19221.07
C01647	Aarush	Seshadri	Bronze	13	73	270367.50	20797.50
C01648	Tejas	Guha	Bronze	9	37	119405.00	13267.22
C01649	Tarak	Pall	Bronze	9	30	105142.50	11682.50
C01650	Januja	Babu	Gold	12	56	155327.50	12943.96
C01651	Xalak	Shah	Bronze	11	48	160730.00	14611.82
C01652	Pooja	Virk	Silver	11	59	128755.00	11705.00
C01653	Kashvi	Goel	Silver	10	50	166467.50	16646.75
C01654	Rajeshri	Mander	Bronze	11	46	115672.50	10515.68
C01655	Amol	Sabharwal	Bronze	8	40	113610.00	14201.25
C01656	Sachi	Thakur	Bronze	7	40	135175.00	19310.71
C01657	Udant	Sha	Gold	17	110	374772.50	22045.44
C01658	Jeet	Panchal	Silver	11	67	176612.50	16055.68
C01659	Meghana	Amble	Silver	8	39	131687.50	16460.94
C01660	Aishani	Mohanty	Gold	8	41	133922.50	16740.31
C01661	Bachittar	Aurora	Bronze	7	39	124522.50	17788.93
C01662	Eesha	Nayak	Gold	14	77	280692.50	20049.46
C01663	Mahika	Hans	Bronze	10	41	143045.00	14304.50
C01664	Pushti	Dave	Bronze	9	49	141472.50	15719.17
C01665	Zansi	Dutt	Silver	10	38	157560.00	15756.00
C01666	Jonathan	Thaman	Silver	12	59	157790.00	13149.17
C01667	Nathan	Naidu	Bronze	6	32	83055.00	13842.50
C01668	Rajeshri	Apte	Bronze	17	93	336187.50	19775.74
C01669	Lavanya	Bakshi	Bronze	9	35	107392.50	11932.50
C01670	Wriddhish	Kapadia	Silver	12	63	225335.00	18777.92
C01671	Kritika	Lad	Gold	6	32	123420.00	20570.00
C01672	Arin	Chauhan	Bronze	9	45	149740.00	16637.78
C01673	Lucky	Mandal	Bronze	15	82	253277.50	16885.17
C01674	Janaki	Johal	Bronze	15	82	308442.50	20562.83
C01675	Odika	Borah	Bronze	9	53	182612.50	20290.28
C01676	Oni	Prashad	Bronze	8	44	116935.00	14616.88
C01677	Advaith	Gokhale	Silver	16	90	298492.50	18655.78
C01678	Veda	Ahluwalia	Bronze	10	52	179655.00	17965.50
C01679	Ayushman	Wason	Silver	10	62	202850.00	20285.00
C01680	Tarak	Patla	Gold	6	45	146412.50	24402.08
C01681	Lakshit	Kannan	Silver	11	64	237372.50	21579.32
C01682	Vasatika	Iyengar	Bronze	13	72	236880.00	18221.54
C01683	Warhi	Sarin	Platinum	10	54	163865.00	16386.50
C01684	Rudra	Mand	Gold	7	35	167492.50	23927.50
C01685	Devika	Gandhi	Silver	9	46	141265.00	15696.11
C01686	Pallavi	Magar	Bronze	8	37	102470.00	12808.75
C01687	Ryan	Pandit	Bronze	8	46	185282.50	23160.31
C01688	Yasti	Kulkarni	Gold	7	24	81402.50	11628.93
C01689	Indira	Rao	Silver	10	51	151300.00	15130.00
C01690	Pushti	Grewal	Bronze	11	57	203920.00	18538.18
C01691	Kamya	Prabhu	Bronze	4	19	61702.50	15425.63
C01692	Eiravati	Apte	Silver	11	58	170395.00	15490.45
C01693	Viraj	Bhatti	Gold	7	32	94235.00	13462.14
C01694	Teerth	Chauhan	Bronze	5	27	81195.00	16239.00
C01695	Radhika	Nadkarni	Gold	13	74	256840.00	19756.92
C01696	Wishi	Batra	Bronze	10	51	176580.00	17658.00
C01697	Onveer	Narain	Silver	10	47	136015.00	13601.50
C01698	Bhavani	Badami	Bronze	11	56	158630.00	14420.91
C01699	Neha	Bansal	Bronze	14	61	172345.00	12310.36
C01700	Upma	Chandran	Gold	6	48	177687.50	29614.58
C01701	Hiral	Ratta	Bronze	9	46	121510.00	13501.11
C01702	Champak	Ramaswamy	Bronze	7	45	129895.00	18556.43
C01703	Harshil	Balakrishnan	Bronze	11	50	211405.00	19218.64
C01704	Henry	Naidu	Silver	11	51	185600.00	16872.73
C01705	Rayaan	Pillay	Bronze	9	45	140745.00	15638.33
C01706	Indrajit	Bava	Gold	11	58	216427.50	19675.23
C01707	Ladli	Madan	Platinum	6	22	66892.50	11148.75
C01708	Jonathan	Nagar	Silver	11	56	183122.50	16647.50
C01709	Jason	Vig	Silver	9	47	134540.00	14948.89
C01710	Ekanta	Subramanian	Bronze	12	43	106292.50	8857.71
C01711	Fitan	Pandit	Bronze	3	11	26615.00	8871.67
C01712	Warda	Bhasin	Bronze	9	35	110230.00	12247.78
C01713	Lekha	Guha	Gold	11	62	184802.50	16800.23
C01714	Yoshita	Munshi	Bronze	11	45	172377.50	15670.68
C01715	Kalpit	Kanda	Bronze	8	33	77240.00	9655.00
C01716	Samaksh	Ratta	Platinum	5	17	65305.00	13061.00
C01717	Nitesh	Mohanty	Bronze	12	56	177017.50	14751.46
C01718	Imaran	Khosla	Bronze	9	38	119527.50	13280.83
C01719	Ayush	Soni	Bronze	7	47	133940.00	19134.29
C01720	Frado	Pandya	Gold	6	29	72895.00	12149.17
C01721	Yadavi	Sankar	Gold	15	62	195465.00	13031.00
C01722	Guneet	Bawa	Silver	11	73	204825.00	18620.45
C01723	Ranbir	Rau	Bronze	11	55	190867.50	17351.59
C01724	Wakeeta	Venkataraman	Bronze	9	42	121102.50	13455.83
C01725	Yuvraj	Choudhry	Gold	12	60	266672.50	22222.71
C01726	Amaira	Khare	Silver	12	67	204312.50	17026.04
C01727	Upkaar	Ravel	Silver	10	51	206742.50	20674.25
C01728	Amrita	Tandon	Bronze	10	54	178205.00	17820.50
C01729	Bhavna	Mani	Bronze	9	48	169137.50	18793.06
C01730	Vansha	Mody	Silver	5	24	85432.50	17086.50
C01731	Ekaraj	Ganesan	Bronze	9	48	178617.50	19846.39
C01732	Agastya	Som	Gold	6	32	95552.50	15925.42
C01733	Aishani	Bose	Silver	13	61	178845.00	13757.31
C01734	Aarav	Suresh	Silver	9	42	136902.50	15211.39
C01735	Anay	Mannan	Bronze	13	72	234550.00	18042.31
C01736	Girindra	Chaudhry	Bronze	16	90	275425.00	17214.06
C01737	Indali	Kurian	Silver	11	59	186165.00	16924.09
C01738	Agastya	Pandit	Silver	8	43	120087.50	15010.94
C01739	Isaiah	Madan	Bronze	5	22	63365.00	12673.00
C01740	Lucky	Parikh	Silver	5	27	116105.00	23221.00
C01741	Raagini	Parsa	Bronze	7	27	94275.00	13467.86
C01742	Hritik	Mahal	Silver	9	53	168895.00	18766.11
C01743	Ikshita	Narula	Bronze	10	41	129812.50	12981.25
C01744	Rayaan	Barman	Gold	10	31	86962.50	8696.25
C01745	Idika	Mani	Bronze	10	47	142282.50	14228.25
C01746	Manan	Shukla	Silver	10	52	142992.50	14299.25
C01747	Vidhi	Mani	Bronze	10	47	171652.50	17165.25
C01748	Banjeet	Kalla	Silver	4	21	64757.50	16189.38
C01749	Abdul	Sani	Silver	9	42	141517.50	15724.17
C01750	Inaya	Mander	Silver	11	59	174100.00	15827.27
C01751	Ronith	Sankaran	Bronze	11	37	115657.50	10514.32
C01752	Urvashi	Pant	Platinum	5	34	111377.50	22275.50
C01753	Guneet	Lal	Platinum	5	15	28577.50	5715.50
C01754	Ekantika	Dewan	Bronze	13	67	244295.00	18791.92
C01755	Ryan	Mitra	Bronze	6	16	41302.50	6883.75
C01756	Triya	Goswami	Bronze	11	43	126447.50	11495.23
C01757	Riya	Munshi	Bronze	8	37	108607.50	13575.94
C01758	Osha	Roy	Bronze	8	24	97880.00	12235.00
C01759	Oviya	Chakrabarti	Bronze	10	39	153720.00	15372.00
C01760	Yauvani	Prakash	Platinum	11	79	249190.00	22653.64
C01761	Jeremiah	Rau	Bronze	7	41	117987.50	16855.36
C01762	Chatura	Chad	Platinum	10	49	144850.00	14485.00
C01763	Gunbir	Mannan	Gold	14	74	255060.00	18218.57
C01764	Yasti	Bera	Bronze	11	56	205027.50	18638.86
C01765	Warhi	Deshpande	Silver	12	63	195112.50	16259.38
C01766	Deepa	Ahuja	Silver	16	76	256872.50	16054.53
C01767	Aadi	Dua	Silver	12	63	177400.00	14783.33
C01768	Samarth	Chawla	Bronze	10	49	151482.50	15148.25
C01769	Mahika	Bhakta	Gold	7	26	68572.50	9796.07
C01770	Qarin	Keer	Bronze	9	45	122685.00	13631.67
C01771	Madhav	Bains	Bronze	9	47	113152.50	12572.50
C01772	Yasti	Iyer	Bronze	11	65	219462.50	19951.14
C01773	Harish	Tailor	Silver	12	55	215522.50	17960.21
C01774	Hredhaan	Shetty	Bronze	14	67	190935.00	13638.21
C01775	Bhanumati	Shankar	Gold	10	61	187445.00	18744.50
C01776	Chavvi	Bandi	Bronze	8	41	143167.50	17895.94
C01777	Upadhriti	Shanker	Gold	9	49	187387.50	20820.83
C01778	Yahvi	Kade	Silver	8	36	131055.00	16381.88
C01779	Max	Pandey	Silver	13	65	202790.00	15599.23
C01780	Chavvi	Ramesh	Bronze	9	34	99282.50	11031.39
C01781	Pranit	Tripathi	Bronze	9	47	179755.00	19972.78
C01782	Ijaya	Raval	Silver	7	40	118012.50	16858.93
C01783	Nathan	Kata	Bronze	15	79	236497.50	15766.50
C01784	Vamakshi	Naik	Silver	10	54	192532.50	19253.25
C01785	Leena	Salvi	Bronze	14	65	242285.00	17306.07
C01786	Baljiwan	Bora	Silver	9	45	188370.00	20930.00
C01787	Ayushman	Ghosh	Silver	11	43	130850.00	11895.45
C01788	Ryan	Hayre	Gold	12	61	220995.00	18416.25
C01789	Saksham	Edwin	Silver	14	72	204935.00	14638.21
C01790	Gabriel	Bajwa	Bronze	11	48	161157.50	14650.68
C01791	Abdul	Parsa	Platinum	7	26	76102.50	10871.79
C01792	Watika	Gupta	Silver	5	28	93030.00	18606.00
C01793	Ishanvi	Devi	Bronze	16	79	249017.50	15563.59
C01794	Krisha	Bobal	Bronze	13	56	257022.50	19770.96
C01795	Harrison	Dalal	Bronze	12	58	197002.50	16416.88
C01796	Ganga	Bajaj	Silver	16	79	216345.00	13521.56
C01797	Ishita	Bir	Bronze	16	81	265365.00	16585.31
C01798	Wyatt	Vasa	Platinum	8	40	152717.50	19089.69
C01799	Indrajit	Sinha	Bronze	6	25	68102.50	11350.42
C01800	Advika	Iyer	Bronze	10	58	192690.00	19269.00
C01801	Forum	Bhatia	Silver	9	42	131392.50	14599.17
C01802	Balendra	Pal	Gold	12	69	214772.50	17897.71
C01803	Varenya	Dayal	Gold	6	25	60420.00	10070.00
C01804	Yashica	Kar	Silver	15	74	281435.00	18762.33
C01805	Ansh	Bhakta	Silver	10	48	153065.00	15306.50
C01806	Andrew	Subramaniam	Bronze	11	53	184557.50	16777.95
C01807	Jeremiah	Sani	Bronze	17	84	284815.00	16753.82
C01808	Jacob	Pillai	Gold	12	59	201845.00	16820.42
C01809	Wazir	Kata	Bronze	5	35	97450.00	19490.00
C01810	Chakradev	Aurora	Bronze	5	18	62472.50	12494.50
C01811	Jonathan	Sarna	Silver	12	66	197055.00	16421.25
C01812	Inaya	Konda	Silver	9	44	147560.00	16395.56
C01813	Jason	Bose	Silver	11	50	148835.00	13530.45
C01814	Ishanvi	Kannan	Bronze	8	39	131090.00	16386.25
C01815	Brinda	Konda	Gold	8	47	186102.50	23262.81
C01816	Chatura	Pal	Bronze	4	24	68830.00	17207.50
C01817	Samar	Devan	Silver	7	36	104917.50	14988.21
C01818	Kashish	Dhar	Gold	7	37	108765.00	15537.86
C01819	Sudiksha	Comar	Silver	6	35	160252.50	26708.75
C01820	Arunima	Rajagopalan	Bronze	6	21	52127.50	8687.92
C01821	Leena	Tandon	Gold	11	51	164120.00	14920.00
C01822	Chaitanya	Kapur	Bronze	11	55	161070.00	14642.73
C01823	Raagini	Walia	Gold	8	41	143980.00	17997.50
C01824	Ijaya	Bal	Bronze	13	65	161975.00	12459.62
C01825	Harita	Saraf	Silver	14	75	205350.00	14667.86
C01826	Lipika	Mani	Bronze	13	68	212535.00	16348.85
C01827	Zilmil	Lad	Bronze	6	23	81832.50	13638.75
C01828	Wazir	Deo	Bronze	11	51	150702.50	13700.23
C01829	Zaid	Merchant	Platinum	12	43	125260.00	10438.33
C01830	Janaki	Luthra	Bronze	5	31	89395.00	17879.00
C01831	Ekani	Lalla	Bronze	6	37	130505.00	21750.83
C01832	Ria	Andra	Bronze	9	50	158547.50	17616.39
C01833	Tejas	Rege	Bronze	11	62	241767.50	21978.86
C01834	Dipta	Bhatt	Silver	11	67	266612.50	24237.50
C01835	Aashi	Talwar	Bronze	9	56	177945.00	19771.67
C01836	Chandran	Kaul	Silver	5	29	83372.50	16674.50
C01837	Yashawini	Sarraf	Platinum	8	39	149970.00	18746.25
C01838	Aashi	Kurian	Silver	12	63	191092.50	15924.38
C01839	Wahab	Palla	Silver	14	69	238300.00	17021.43
C01840	Isaiah	Vaidya	Silver	6	40	91632.50	15272.08
C01841	Kamya	Sagar	Bronze	12	64	251802.50	20983.54
C01842	Aryan	Narain	Bronze	7	33	84702.50	12100.36
C01843	Chaitaly	Balasubramanian	Gold	15	72	238865.00	15924.33
C01844	Mason	Bal	Silver	7	37	124687.50	17812.50
C01845	Yashoda	Padmanabhan	Gold	14	73	217302.50	15521.61
C01846	Mason	Raj	Gold	16	81	252207.50	15762.97
C01847	Yahvi	Sahota	Gold	8	33	100472.50	12559.06
C01848	Urmi	Vohra	Silver	10	58	176390.00	17639.00
C01849	Chaaya	Kohli	Silver	9	48	136735.00	15192.78
C01850	Divya	D’Alia	Silver	10	56	202945.00	20294.50
C01851	Fariq	Pandey	Gold	10	52	166930.00	16693.00
C01852	Victor	Sen	Bronze	12	48	154912.50	12909.38
C01853	Yash	Reddy	Bronze	6	26	91370.00	15228.33
C01854	Dipta	Dalal	Bronze	11	60	200030.00	18184.55
C01855	Manbir	Talwar	Silver	16	73	205207.50	12825.47
C01856	Ojas	Dara	Platinum	7	33	106290.00	15184.29
C01857	Upma	Chaudhuri	Platinum	10	57	212267.50	21226.75
C01858	Ojas	Bora	Silver	10	34	100915.00	10091.50
C01859	Pahal	Pandya	Bronze	7	45	151332.50	21618.93
C01860	Chaaya	Dani	Silver	13	67	172707.50	13285.19
C01861	Hritik	Bath	Silver	10	46	138650.00	13865.00
C01862	Shivani	Sarin	Silver	12	59	188277.50	15689.79
C01863	Yashodhara	Chacko	Bronze	9	45	198692.50	22076.94
C01864	Sudiksha	Raghavan	Silver	11	61	219742.50	19976.59
C01865	Ati	Chatterjee	Bronze	9	58	178515.00	19835.00
C01866	Chanakya	Vasa	Bronze	15	69	265405.00	17693.67
C01867	Eiravati	Gokhale	Gold	10	49	119450.00	11945.00
C01868	Zilmil	Mall	Silver	11	38	109525.00	9956.82
C01869	Jagat	Mani	Silver	13	58	191452.50	14727.12
C01870	Bhavya	Lad	Bronze	5	37	90182.50	18036.50
C01871	Gopal	Jhaveri	Gold	4	13	44562.50	11140.63
C01872	Robert	Ahuja	Bronze	8	35	87957.50	10994.69
C01873	Baghyawati	Sandhu	Silver	7	40	146785.00	20969.29
C01874	Chakrika	Choudhary	Gold	11	49	172132.50	15648.41
C01875	Adya	Chadha	Silver	11	54	164732.50	14975.68
C01876	Farhan	Kapadia	Silver	11	54	161482.50	14680.23
C01877	Gautami	Majumdar	Silver	7	38	117322.50	16760.36
C01878	Divya	Barad	Bronze	9	37	116602.50	12955.83
C01879	Eesha	Gupta	Bronze	8	42	131332.50	16416.56
C01880	Krisha	Kannan	Silver	7	36	115302.50	16471.79
C01881	Vedhika	Grover	Bronze	7	37	115922.50	16560.36
C01882	Gaurang	Varty	Bronze	13	69	167860.00	12912.31
C01883	Vritti	Joshi	Bronze	15	76	255600.00	17040.00
C01884	Adya	Rai	Gold	11	57	218300.00	19845.45
C01885	Pranit	Mital	Silver	7	52	202500.00	28928.57
C01886	Manya	Parikh	Silver	7	32	85697.50	12242.50
C01887	Isaiah	Mani	Bronze	14	69	191765.00	13697.50
C01888	Pavani	D’Alia	Bronze	9	46	184857.50	20539.72
C01889	Ishaan	Palan	Bronze	12	73	283517.50	23626.46
C01890	Vrinda	Sabharwal	Bronze	9	46	136050.00	15116.67
C01891	Yashica	Kale	Silver	10	66	235385.00	23538.50
C01892	Advika	Nadkarni	Silver	6	27	110947.50	18491.25
C01893	Pavani	Rastogi	Gold	12	61	197972.50	16497.71
C01894	Theodore	Nori	Silver	9	43	114107.50	12678.61
C01895	Timothy	Ganesan	Silver	8	45	161737.50	20217.19
C01896	Anmol	Bail	Bronze	16	85	223880.00	13992.50
C01897	Gauri	Pandit	Platinum	15	88	290390.00	19359.33
C01898	Janaki	Wason	Bronze	10	49	142692.50	14269.25
C01899	Veer	Mannan	Bronze	15	73	264835.00	17655.67
C01900	Tanveer	Kothari	Bronze	12	55	152915.00	12742.92
C01901	Harsh	Thaker	Bronze	15	77	239955.00	15997.00
C01902	Barkha	Mitra	Bronze	13	69	192925.00	14840.38
C01903	Anita	Dasgupta	Silver	12	51	176995.00	14749.58
C01904	Anamika	Chad	Silver	4	23	83675.00	20918.75
C01905	Ojasvi	Bahri	Silver	9	47	221782.50	24642.50
C01906	Mahika	Hari	Bronze	14	67	204922.50	14637.32
C01907	Arin	Mittal	Bronze	9	41	117312.50	13034.72
C01908	Urishilla	Puri	Bronze	11	52	138822.50	12620.23
C01909	Arya	Subramanian	Bronze	14	100	281332.50	20095.18
C01910	Watika	Ramesh	Bronze	13	70	237290.00	18253.08
C01911	Aryan	Ranganathan	Bronze	4	26	68825.00	17206.25
C01912	Ikbal	Mukhopadhyay	Bronze	5	28	123385.00	24677.00
C01913	Omkaar	Johal	Bronze	9	42	108275.00	12030.56
C01914	Neha	Solanki	Bronze	10	47	170200.00	17020.00
C01915	Nisha	Mukhopadhyay	Bronze	15	73	284795.00	18986.33
C01916	Niharika	Ahluwalia	Bronze	17	81	256460.00	15085.88
C01917	Xalak	Munshi	Bronze	13	46	112795.00	8676.54
C01918	Vasudha	Varkey	Gold	6	22	68365.00	11394.17
C01919	Faras	Prashad	Silver	12	42	145442.50	12120.21
C01920	Jairaj	Ganesan	Bronze	10	57	169402.50	16940.25
C01921	Panini	Tandon	Bronze	5	27	72695.00	14539.00
C01922	Omya	Rastogi	Bronze	11	55	174777.50	15888.86
C01923	Chaitaly	Madan	Bronze	10	45	188145.00	18814.50
C01924	Bina	Virk	Silver	9	44	95877.50	10653.06
C01925	Zayan	Sodhi	Platinum	16	89	330495.00	20655.94
C01926	Krishna	Gala	Bronze	5	21	55792.50	11158.50
C01927	Praneel	Doctor	Silver	17	80	251417.50	14789.26
C01928	Raghav	Iyengar	Bronze	8	46	174660.00	21832.50
C01929	Girindra	Bhat	Bronze	8	43	131767.50	16470.94
C01930	Upkaar	Pai	Bronze	5	21	62712.50	12542.50
C01931	Pooja	Mohan	Gold	14	67	176100.00	12578.57
C01932	Samaksh	Brahmbhatt	Platinum	10	40	117300.00	11730.00
C01933	Pranav	Lall	Bronze	14	74	253622.50	18115.89
C01934	Aradhana	Solanki	Silver	9	37	102810.00	11423.33
C01935	Tarak	Chand	Bronze	5	22	65527.50	13105.50
C01936	Aadi	Naik	Bronze	14	87	242017.50	17286.96
C01937	Ria	Sandal	Bronze	7	39	134195.00	19170.71
C01938	Jacob	Khosla	Gold	10	45	162952.50	16295.25
C01939	Urvi	Pant	Bronze	9	47	202832.50	22536.94
C01940	Tanish	Ganesan	Bronze	8	43	159262.50	19907.81
C01941	Vrishti	Krishna	Bronze	13	79	269065.00	20697.31
C01942	Aryan	Pau	Silver	7	34	110527.50	15789.64
C01943	Tanay	Halder	Bronze	11	65	239472.50	21770.23
C01944	Advaith	Hayre	Bronze	5	29	102337.50	20467.50
C01945	Abdul	Mukherjee	Platinum	11	53	190422.50	17311.14
C01946	Agastya	Mahajan	Gold	8	29	87160.00	10895.00
C01947	Caleb	Kulkarni	Silver	16	87	265437.50	16589.84
C01948	Urishilla	Sha	Bronze	13	58	196365.00	15105.00
C01949	Hemang	Barad	Silver	10	34	114890.00	11489.00
C01950	Peter	Deep	Bronze	12	55	187737.50	15644.79
C01951	Sachi	Bhatia	Silver	11	54	179650.00	16331.82
C01952	Anay	Natarajan	Silver	13	78	212880.00	16375.38
C01953	Akshay	Rau	Platinum	11	33	117882.50	10716.59
C01954	Yachana	Divan	Gold	13	56	169212.50	13016.35
C01955	Anya	Issac	Bronze	11	48	222660.00	20241.82
C01956	Aarush	Mukhopadhyay	Bronze	14	64	234985.00	16784.64
C01957	Gabriel	Sheth	Gold	11	65	211625.00	19238.64
C01958	Gabriel	Grewal	Silver	13	54	145477.50	11190.58
C01959	Kavya	Sharma	Silver	3	15	71990.00	23996.67
C01960	Rayaan	Deo	Bronze	10	53	194665.00	19466.50
C01961	Arya	Dey	Silver	10	60	176990.00	17699.00
C01962	Ryan	Goel	Bronze	10	32	85795.00	8579.50
C01963	Vrishti	Pant	Gold	15	76	249622.50	16641.50
C01964	Onkar	Bansal	Silver	9	53	206960.00	22995.56
C01965	Shivansh	Saraf	Gold	7	34	150715.00	21530.71
C01966	Yahvi	Luthra	Bronze	7	39	107885.00	15412.14
C01967	Tejas	Sibal	Silver	5	15	61700.00	12340.00
C01968	Quincy	Soman	Silver	14	92	291307.50	20807.68
C01969	Krishna	Bandi	Silver	10	56	137460.00	13746.00
C01970	Oviya	Soman	Silver	11	50	178035.00	16185.00
C01971	Damini	Gaba	Bronze	10	62	238700.00	23870.00
C01972	Reva	Shan	Gold	14	67	178195.00	12728.21
C01973	Zayyan	Prakash	Gold	9	35	113107.50	12567.50
C01974	Vivaan	Tripathi	Bronze	11	58	181007.50	16455.23
C01975	Nandini	Balakrishnan	Bronze	13	58	179952.50	13842.50
C01976	Rushil	Dewan	Bronze	7	35	122937.50	17562.50
C01977	Dayamai	Dhaliwal	Bronze	14	80	288452.50	20603.75
C01978	Aadi	Divan	Silver	14	69	185417.50	13244.11
C01979	Faris	Goyal	Gold	5	20	62452.50	12490.50
C01980	Yash	Dube	Silver	8	41	129390.00	16173.75
C01981	Harish	Sinha	Bronze	8	42	150002.50	18750.31
C01982	Krisha	Sheth	Bronze	12	56	201665.00	16805.42
C01983	Eesha	Deol	Silver	15	79	275595.00	18373.00
C01984	Panini	Ramesh	Bronze	7	32	100925.00	14417.86
C01985	Avi	Kapadia	Bronze	6	23	128757.50	21459.58
C01986	Harini	Thaker	Platinum	15	69	278087.50	18539.17
C01987	Victor	Devi	Bronze	17	81	267825.00	15754.41
C01988	Chasmum	Saran	Bronze	7	24	76025.00	10860.71
C01989	Pranit	Sandal	Bronze	11	56	149850.00	13622.73
C01990	Vasana	Banerjee	Bronze	7	32	102277.50	14611.07
C01991	Zansi	Cherian	Bronze	7	32	92920.00	13274.29
C01992	Harrison	Ravel	Platinum	11	47	117722.50	10702.05
C01993	Yashica	Rajagopalan	Bronze	15	64	243567.50	16237.83
C01994	Neelima	Sami	Bronze	11	61	191840.00	17440.00
C01995	Jack	Seshadri	Bronze	10	42	114120.00	11412.00
C01996	Isaac	Gola	Bronze	16	86	341320.00	21332.50
C01997	Fariq	Doctor	Gold	17	108	359402.50	21141.32
C01998	Yutika	Sha	Bronze	15	79	264615.00	17641.00
C01999	Balveer	Dara	Bronze	10	38	124342.50	12434.25
C02000	Kala	Krishnan	Silver	7	42	90417.50	12916.79
C02001	Arjun	Loke	Bronze	10	60	221067.50	22106.75
C02002	Anay	Sekhon	Platinum	15	71	224322.50	14954.83
C02003	Ishanvi	Bansal	Gold	11	56	161710.00	14700.91
C02004	Girindra	Date	Gold	9	62	182142.50	20238.06
C02005	Hemani	Shanker	Bronze	8	32	110025.00	13753.13
C02006	Eta	Pradhan	Bronze	6	28	77192.50	12865.42
C02007	Yauvani	Brar	Silver	16	102	292370.00	18273.13
C02008	Qarin	Kurian	Bronze	10	62	195782.50	19578.25
C02009	Advika	Mitter	Gold	10	46	192285.00	19228.50
C02010	Urvashi	Kale	Silver	10	39	104115.00	10411.50
C02011	Quincy	Malhotra	Bronze	17	107	338832.50	19931.32
C02012	Bhavani	Mahajan	Bronze	8	41	116277.50	14534.69
C02013	Oeshi	Dayal	Silver	12	51	144180.00	12015.00
C02014	Eesha	Chatterjee	Gold	11	65	206702.50	18791.14
C02015	Ekta	Kant	Bronze	6	23	92510.00	15418.33
C02016	Osha	Narasimhan	Platinum	11	60	174855.00	15895.91
C02017	Hemal	Oak	Bronze	12	68	224687.50	18723.96
C02018	Wishi	Kade	Gold	11	47	151827.50	13802.50
C02019	Bachittar	Brar	Gold	17	92	298112.50	17536.03
C02020	Kala	Modi	Bronze	9	49	167625.00	18625.00
C02021	Nachiket	Ganesan	Bronze	5	22	68500.00	13700.00
C02022	Vritti	Keer	Bronze	10	42	113380.00	11338.00
C02023	Jatin	Chatterjee	Silver	12	58	211195.00	17599.58
C02024	Bimala	Gokhale	Silver	9	53	152077.50	16897.50
C02025	Teerth	Sahota	Bronze	11	62	228725.00	20793.18
C02026	Eesha	Thakkar	Silver	12	54	166472.50	13872.71
C02027	Ucchal	Mangat	Silver	6	30	99672.50	16612.08
C02028	Bhavya	Aggarwal	Gold	8	48	158390.00	19798.75
C02029	Omya	Sahota	Gold	18	98	385210.00	21400.56
C02030	Udarsh	Devi	Bronze	13	49	136297.50	10484.42
C02031	Zaid	Ganesan	Silver	11	49	190202.50	17291.14
C02032	Lopa	Vaidya	Silver	7	22	63475.00	9067.86
C02033	Wriddhish	Gill	Bronze	10	44	164525.00	16452.50
C02034	Chaaya	Bhattacharyya	Silver	11	54	157310.00	14300.91
C02035	Yash	Sawhney	Platinum	13	71	228910.00	17608.46
C02036	Indrajit	Narula	Bronze	16	62	179890.00	11243.13
C02037	Ekaraj	Amble	Bronze	12	56	203122.50	16926.88
C02038	Lekha	Bobal	Silver	8	47	209115.00	26139.38
C02039	Jai	Walla	Bronze	11	62	174327.50	15847.95
C02040	Darpan	Master	Bronze	12	56	225237.50	18769.79
C02041	Yasti	Sarraf	Gold	12	65	220280.00	18356.67
C02042	Adweta	Choudhury	Silver	8	43	107727.50	13465.94
C02043	Harinakshi	Dhar	Bronze	7	39	105392.50	15056.07
C02044	Gunbir	Narayan	Silver	8	55	221130.00	27641.25
C02045	Abha	Oommen	Gold	12	65	245825.00	20485.42
C02046	Aarna	Maharaj	Bronze	4	13	28920.00	7230.00
C02047	Bhavya	Bal	Bronze	6	27	84137.50	14022.92
C02048	Bishakha	Mohanty	Silver	6	33	102520.00	17086.67
C02049	Ria	Menon	Bronze	8	23	87885.00	10985.63
C02050	Brinda	Rajagopalan	Silver	7	29	117032.50	16718.93
C02051	Chavvi	Divan	Gold	10	48	173810.00	17381.00
C02052	Yashoda	Varughese	Platinum	9	47	159937.50	17770.83
C02053	Hemangini	Dugal	Platinum	8	54	187430.00	23428.75
C02054	Omkaar	Vohra	Silver	5	26	106230.00	21246.00
C02055	Akshay	Bhattacharyya	Bronze	7	32	97490.00	13927.14
C02056	Mason	Mall	Silver	19	83	289357.50	15229.34
C02057	Tripti	Arora	Bronze	11	29	88850.00	8077.27
C02058	Bachittar	Rastogi	Bronze	6	27	98257.50	16376.25
C02059	Anika	Warrior	Bronze	10	50	155435.00	15543.50
C02060	Yug	Konda	Bronze	7	36	90107.50	12872.50
C02061	Tanmayi	Goel	Silver	11	43	209502.50	19045.68
C02062	Ranveer	Bhatt	Gold	9	54	231850.00	25761.11
C02063	Vedant	Kohli	Bronze	5	17	43060.00	8612.00
C02064	Charan	Nagar	Silver	14	60	160605.00	11471.79
C02065	Riya	Chacko	Gold	14	70	244047.50	17431.96
C02066	Tanveer	Sur	Bronze	6	26	76200.00	12700.00
C02067	Saanvi	Hayer	Silver	10	67	249102.50	24910.25
C02068	Anika	Tailor	Silver	19	103	356190.00	18746.84
C02069	Yoshita	Mander	Bronze	14	70	233082.50	16648.75
C02070	Anvi	Thakur	Bronze	8	34	118832.50	14854.06
C02071	Abeer	Nagar	Platinum	12	58	154135.00	12844.58
C02072	Dominic	Sankaran	Bronze	9	43	137530.00	15281.11
C02073	Qadim	Hari	Gold	10	53	167640.00	16764.00
C02074	Yachana	Mody	Silver	15	76	239947.50	15996.50
C02075	Shivansh	Dubey	Bronze	11	45	193662.50	17605.68
C02076	Nakul	Dugar	Silver	4	15	34687.50	8671.88
C02077	Amruta	Karnik	Silver	8	46	152842.50	19105.31
C02078	Damini	Nath	Bronze	13	68	253677.50	19513.65
C02079	Maya	Sahni	Gold	7	22	66382.50	9483.21
C02080	Irya	Dey	Gold	11	66	190257.50	17296.14
C02081	Samaksh	Joshi	Silver	10	50	180187.50	18018.75
C02082	Prisha	Raja	Gold	12	59	227190.00	18932.50
C02083	Ria	Mahal	Gold	11	63	241592.50	21962.95
C02084	Eshana	Srinivasan	Gold	10	62	172020.00	17202.00
C02085	Madhavi	Sur	Platinum	10	58	175027.50	17502.75
C02086	Harrison	Bhalla	Bronze	6	30	99732.50	16622.08
C02087	Bhavani	Choudhry	Gold	6	39	173965.00	28994.17
C02088	Ekta	Sachdev	Silver	12	61	222110.00	18509.17
C02089	Ryan	Chakrabarti	Silver	12	79	250240.00	20853.33
C02090	Abha	Wali	Bronze	8	44	156462.50	19557.81
C02091	Dipta	Patel	Bronze	11	57	188780.00	17161.82
C02092	Upadhriti	Kari	Silver	8	37	105472.50	13184.06
C02093	Aashi	Kumer	Silver	11	68	201902.50	18354.77
C02094	Nirja	Sane	Bronze	13	83	262752.50	20211.73
C02095	Darpan	Vala	Gold	19	85	255160.00	13429.47
C02096	Yamini	Narain	Bronze	20	94	270025.00	13501.25
C02097	Ekalinga	Borra	Silver	12	49	152900.00	12741.67
C02098	Gagan	Sidhu	Bronze	14	69	287030.00	20502.14
C02099	Udyati	Seth	Gold	10	51	174557.50	17455.75
C02100	Harinakshi	Setty	Silver	7	34	93620.00	13374.29
C02101	Chaaya	Ahuja	Silver	14	74	209525.00	14966.07
C02102	Ekantika	Sane	Gold	9	45	143977.50	15997.50
C02103	Eta	Walia	Silver	8	39	130842.50	16355.31
C02104	Isha	Dua	Bronze	7	32	143170.00	20452.86
C02105	Pratyush	Chaudhuri	Silver	10	62	205292.50	20529.25
C02106	Ijaya	Biswas	Bronze	10	45	142227.50	14222.75
C02107	Chavvi	Gade	Bronze	6	32	112555.00	18759.17
C02108	Isha	Bala	Silver	11	62	200127.50	18193.41
C02109	Atharv	Sawhney	Platinum	12	81	280710.00	23392.50
C02110	Reva	Rastogi	Silver	9	46	136845.00	15205.00
C02111	Jeet	Chander	Bronze	9	49	183025.00	20336.11
C02112	Nicholas	Kadakia	Bronze	7	43	123752.50	17678.93
C02113	Edhitha	Sagar	Bronze	11	49	196915.00	17901.36
C02114	Jagvi	Sridhar	Silver	6	38	124182.50	20697.08
C02115	Abhimanyu	Rai	Bronze	15	78	236960.00	15797.33
C02116	Jalsa	Mukherjee	Bronze	18	95	323512.50	17972.92
C02117	Frado	Ramakrishnan	Bronze	7	38	109750.00	15678.57
C02118	Ekiya	Bath	Bronze	8	30	101797.50	12724.69
C02119	Aditya	Dave	Bronze	9	61	187657.50	20850.83
C02120	Darsh	Kadakia	Silver	10	39	127230.00	12723.00
C02121	Oni	Gera	Bronze	10	59	161057.50	16105.75
C02122	Pratyush	Patla	Bronze	10	47	175305.00	17530.50
C02123	Samar	Mohan	Bronze	15	64	159517.50	10634.50
C02124	Ekani	Balakrishnan	Silver	13	77	253455.00	19496.54
C02125	Bakhshi	Dhawan	Bronze	9	43	142022.50	15780.28
C02126	Omkaar	Dugar	Bronze	15	67	231180.00	15412.00
C02127	George	Saini	Silver	14	67	201250.00	14375.00
C02128	Ojasvi	Yadav	Silver	13	73	273287.50	21022.12
C02129	Aadi	Mukhopadhyay	Gold	11	56	160235.00	14566.82
C02130	Ekantika	Zacharia	Silver	9	43	219845.00	24427.22
C02131	Rohan	Dass	Bronze	12	87	349385.00	29115.42
C02132	Umang	Butala	Bronze	9	39	169445.00	18827.22
C02133	Henry	Krish	Bronze	2	7	9930.00	4965.00
C02134	Charvi	Narasimhan	Bronze	15	80	264117.50	17607.83
C02135	Amara	Deep	Bronze	8	45	143960.00	17995.00
C02136	Bakhshi	Rajan	Bronze	8	42	148585.00	18573.13
C02137	Luke	Bandi	Gold	12	40	162785.00	13565.42
C02138	Advay	Srivastava	Gold	10	55	204287.50	20428.75
C02139	Nidra	Seth	Bronze	10	50	142387.50	14238.75
C02140	Ria	Dalal	Bronze	7	48	185185.00	26455.00
C02141	Aadhya	Om	Silver	6	32	145100.00	24183.33
C02142	Hema	Venkataraman	Bronze	6	31	83620.00	13936.67
C02143	Atharv	Date	Silver	7	30	117260.00	16751.43
C02144	Jai	Merchant	Bronze	8	37	151492.50	18936.56
C02145	Rajata	Butala	Bronze	6	23	50262.50	8377.08
C02146	Lucky	Kapadia	Bronze	18	86	276042.50	15335.69
C02147	Max	Wali	Silver	7	30	94490.00	13498.57
C02148	Victor	Wali	Silver	14	83	266852.50	19060.89
C02149	Noah	Kara	Bronze	11	56	161125.00	14647.73
C02150	Chandran	Rattan	Bronze	13	68	227510.00	17500.77
C02151	Upadhriti	Nagy	Platinum	9	51	187750.00	20861.11
C02152	Zayan	Muni	Bronze	12	44	142785.00	11898.75
C02153	Logan	Dhawan	Bronze	5	28	80400.00	16080.00
C02154	Mahika	Dutta	Gold	13	58	198160.00	15243.08
C02155	Yuvraj	Palla	Silver	14	70	249402.50	17814.46
C02156	Neelima	Dasgupta	Bronze	9	48	170242.50	18915.83
C02157	Anya	Narang	Bronze	4	16	50812.50	12703.13
C02158	Harshil	Sinha	Bronze	8	35	105065.00	13133.13
C02159	Suhani	Dube	Bronze	9	42	143400.00	15933.33
C02160	Lakshmi	Kumer	Bronze	7	35	124935.00	17847.86
C02161	Om	Sur	Bronze	5	36	104315.00	20863.00
C02162	Janani	Khurana	Bronze	16	69	203595.00	12724.69
C02163	Henry	Mammen	Bronze	6	28	90157.50	15026.25
C02164	Zayan	Parikh	Silver	6	32	84285.00	14047.50
C02165	Vedika	Kibe	Silver	13	71	233217.50	17939.81
C02166	Amaira	Chawla	Bronze	8	35	113300.00	14162.50
C02167	Lavanya	Basak	Bronze	11	53	199777.50	18161.59
C02168	William	Patel	Platinum	11	79	237145.00	21558.64
C02169	Balveer	Palan	Bronze	5	20	48632.50	9726.50
C02170	Baljiwan	Rastogi	Silver	16	76	241707.50	15106.72
C02171	Pratyush	Bajwa	Gold	12	78	301232.50	25102.71
C02172	Tanmayi	Kulkarni	Bronze	9	60	212075.00	23563.89
C02173	Sanaya	Batta	Bronze	10	50	173002.50	17300.25
C02174	Ekanta	Rattan	Gold	12	48	140292.50	11691.04
C02175	Indira	Yohannan	Silver	7	34	129682.50	18526.07
C02176	Gautam	Ravi	Bronze	12	58	221735.00	18477.92
C02177	Alka	Sunder	Platinum	6	23	75760.00	12626.67
C02178	Om	Naidu	Bronze	13	59	205017.50	15770.58
C02179	Dayita	Toor	Gold	13	79	226555.00	17427.31
C02180	Faqid	Issac	Silver	8	33	123315.00	15414.38
C02181	Madhav	Oak	Platinum	10	42	120075.00	12007.50
C02182	Chaaya	Butala	Bronze	17	81	229742.50	13514.26
C02183	Mohammed	Mahal	Silver	8	30	122095.00	15261.88
C02184	Theodore	Korpal	Silver	11	61	171775.00	15615.91
C02185	Advik	Minhas	Silver	10	47	145172.50	14517.25
C02186	Oeshi	Handa	Silver	7	54	167660.00	23951.43
C02187	Mugdha	Ram	Silver	9	50	142667.50	15851.94
C02188	Janya	Keer	Silver	7	32	100802.50	14400.36
C02189	Yatin	Yohannan	Bronze	14	97	305280.00	21805.71
C02190	Vamakshi	Wason	Bronze	7	42	155977.50	22282.50
C02191	Ijaya	Kapur	Bronze	4	14	46367.50	11591.88
C02192	Triveni	Sarma	Silver	7	43	126180.00	18025.71
C02193	Anthony	Sen	Gold	13	70	199645.00	15357.31
C02194	Manbir	Bhatt	Gold	20	98	311420.00	15571.00
C02195	Ayaan	Swaminathan	Bronze	9	49	173892.50	19321.39
C02196	Siya	Mukherjee	Gold	7	26	79760.00	11394.29
C02197	Niharika	Dhawan	Gold	12	62	213282.50	17773.54
C02198	Ishita	Dar	Silver	12	46	146282.50	12190.21
C02199	Neel	Hayer	Bronze	12	61	199862.50	16655.21
C02200	Warda	Dar	Bronze	12	65	208280.00	17356.67
C02201	Lila	Reddy	Bronze	9	39	125625.00	13958.33
C02202	Qadim	Char	Silver	9	58	214350.00	23816.67
C02203	Xalak	Chana	Bronze	15	78	241372.50	16091.50
C02204	Utkarsh	Panchal	Gold	8	44	163942.50	20492.81
C02205	Aarini	Bahri	Gold	9	36	153322.50	17035.83
C02206	Om	Agarwal	Bronze	10	33	110752.50	11075.25
C02207	Damini	Bala	Silver	10	48	187780.00	18778.00
C02208	Wishi	Gopal	Silver	12	56	226862.50	18905.21
C02209	Mohammed	Prasad	Silver	10	60	211790.00	21179.00
C02210	Manthan	Saxena	Platinum	11	60	160050.00	14550.00
C02211	Bishakha	Chokshi	Bronze	13	77	221135.00	17010.38
C02212	Harish	Tank	Bronze	15	87	345865.00	23057.67
C02213	Lopa	Sem	Bronze	7	32	128260.00	18322.86
C02214	Jasmit	Dhaliwal	Gold	15	76	231117.50	15407.83
C02215	Benjamin	Parmar	Silver	13	60	194537.50	14964.42
C02216	Gavin	Nagi	Silver	7	36	103360.00	14765.71
C02217	Krishna	Sem	Silver	3	12	42317.50	14105.83
C02218	Radhika	Purohit	Silver	10	41	147745.00	14774.50
C02219	Hemang	Nagy	Bronze	15	84	320955.00	21397.00
C02220	Bhavna	Bhakta	Bronze	13	62	201620.00	15509.23
C02221	Oscar	Murthy	Bronze	13	76	235760.00	18135.38
C02222	Chavvi	Rajan	Silver	7	44	156990.00	22427.14
C02223	Radha	Trivedi	Silver	10	56	159242.50	15924.25
C02224	Chaitanya	Kala	Gold	7	46	140030.00	20004.29
C02225	Ekaja	Bora	Bronze	13	72	235972.50	18151.73
C02226	Alexander	Bath	Bronze	10	52	146822.50	14682.25
C02227	Bina	Agrawal	Silver	11	46	143480.00	13043.64
C02228	Vedant	Prabhu	Platinum	11	60	185970.00	16906.36
C02229	Yatin	Kuruvilla	Silver	11	61	246585.00	22416.82
C02230	Anjali	Rout	Silver	13	66	207225.00	15940.38
C02231	Arunima	Gupta	Bronze	11	63	197377.50	17943.41
C02232	Megha	Barman	Bronze	13	58	191165.00	14705.00
C02233	Udant	Bobal	Platinum	10	56	197697.50	19769.75
C02234	Ekalinga	Goswami	Bronze	8	41	137672.50	17209.06
C02235	Bhavini	Mane	Bronze	4	20	56075.00	14018.75
C02236	Gabriel	Tank	Silver	11	53	141015.00	12819.55
C02237	Upasna	Srinivas	Bronze	13	64	201215.00	15478.08
C02238	Lipika	Gour	Bronze	12	68	238975.00	19914.58
C02239	Kamala	Sarma	Silver	8	53	159157.50	19894.69
C02240	Yahvi	Gulati	Bronze	14	84	237830.00	16987.86
C02241	Akshay	Dua	Bronze	11	44	161292.50	14662.95
C02242	Sai	Bhalla	Bronze	7	40	108992.50	15570.36
C02243	Yashasvi	Bhatt	Gold	8	39	98730.00	12341.25
C02244	Reva	Bakshi	Silver	8	37	105050.00	13131.25
C02245	Bhavna	Dyal	Silver	6	27	99192.50	16532.08
C02246	Dhruv	Rout	Silver	8	39	149195.00	18649.38
C02247	Balvan	Dhar	Silver	6	19	62707.50	10451.25
C02248	Aarush	Bhardwaj	Bronze	10	51	170712.50	17071.25
C02249	Balendra	Borah	Silver	13	61	209372.50	16105.58
C02250	Lila	Sengupta	Silver	10	55	160680.00	16068.00
C02251	Suhani	Srinivas	Gold	7	30	110630.00	15804.29
C02252	Udarsh	Dhawan	Bronze	7	26	81062.50	11580.36
C02253	Jhalak	Bail	Gold	10	61	185637.50	18563.75
C02254	Tripti	Roy	Bronze	10	64	217350.00	21735.00
C02255	Ira	Joshi	Bronze	7	36	118522.50	16931.79
C02256	Sneha	Sawhney	Bronze	5	28	79747.50	15949.50
C02257	Eshana	Rastogi	Silver	14	58	179820.00	12844.29
C02258	Rayaan	Hayer	Gold	12	64	203640.00	16970.00
C02259	Damyanti	Kala	Silver	6	32	101405.00	16900.83
C02260	Sneha	Mital	Silver	7	37	151400.00	21628.57
C02261	Geetika	Dugar	Silver	11	56	211722.50	19247.50
C02262	Saanvi	Bajwa	Bronze	8	33	82785.00	10348.13
C02263	Nachiket	Ratti	Bronze	11	52	192407.50	17491.59
C02264	Upadhriti	Korpal	Bronze	10	50	156670.00	15667.00
C02265	Balendra	Chatterjee	Gold	11	59	202635.00	18421.36
C02266	Chatresh	Narula	Bronze	7	28	82480.00	11782.86
C02267	Matthew	Kala	Silver	11	46	121112.50	11010.23
C02268	Sanya	Soman	Bronze	7	37	129807.50	18543.93
C02269	Nathaniel	Doshi	Silver	10	46	155415.00	15541.50
C02270	Nimrat	Dutt	Bronze	11	38	134695.00	12245.00
C02271	Ishaan	Din	Bronze	12	69	219905.00	18325.42
C02272	Krishna	Raj	Bronze	10	47	202317.50	20231.75
C02273	Anmol	Patil	Bronze	6	31	86572.50	14428.75
C02274	Vyanjana	Padmanabhan	Silver	12	62	188292.50	15691.04
C02275	Krishna	Mital	Silver	8	32	118452.50	14806.56
C02276	Ronith	Nagi	Gold	13	72	237197.50	18245.96
C02277	Amol	Sahni	Platinum	10	49	127552.50	12755.25
C02278	Yochana	Mammen	Gold	7	39	111192.50	15884.64
C02279	Charles	Khare	Bronze	7	34	121767.50	17395.36
C02280	Banjeet	Mahajan	Silver	10	51	166442.50	16644.25
C02281	Azad	De	Bronze	7	35	105170.00	15024.29
C02282	Ryan	Singhal	Bronze	9	47	157437.50	17493.06
C02283	Anamika	Prashad	Silver	9	39	125440.00	13937.78
C02284	Hema	Deo	Platinum	7	39	145025.00	20717.86
C02285	Baghyawati	Loke	Silver	8	47	167707.50	20963.44
C02286	Eiravati	Upadhyay	Bronze	11	53	182595.00	16599.55
C02287	Xavier	Borde	Bronze	9	55	167000.00	18555.56
C02288	Warjas	Chahal	Silver	7	25	112200.00	16028.57
C02289	Harita	Bobal	Bronze	10	64	194082.50	19408.25
C02290	Hitesh	Dara	Silver	9	41	146782.50	16309.17
C02291	Finn	Grewal	Bronze	11	61	189767.50	17251.59
C02292	Viraj	Kade	Bronze	10	42	122177.50	12217.75
C02293	Reyansh	Soni	Bronze	5	21	59572.50	11914.50
C02294	Bhavna	Bhat	Silver	7	39	114152.50	16307.50
C02295	Fariq	Goda	Silver	12	69	202140.00	16845.00
C02296	Ranbir	Dasgupta	Bronze	14	60	211520.00	15108.57
C02297	Vedant	Gaba	Silver	13	70	254000.00	19538.46
C02298	Yashawini	Mangal	Bronze	7	41	118607.50	16943.93
C02299	Wridesh	Wali	Bronze	13	63	145390.00	11183.85
C02300	Dhruv	Bhatia	Silver	9	37	103282.50	11475.83
C02301	Darpan	Sani	Silver	10	50	157777.50	15777.75
C02302	Gaurang	Nagar	Gold	12	45	125280.00	10440.00
C02303	Eiravati	Seshadri	Bronze	10	57	201005.00	20100.50
C02304	Vrinda	Munshi	Gold	5	18	53570.00	10714.00
C02305	Ira	Rout	Bronze	10	50	158542.50	15854.25
C02306	Ubika	Shetty	Silver	8	45	142462.50	17807.81
C02307	Lekha	Saini	Silver	10	42	140365.00	14036.50
C02308	Manthan	Ratta	Silver	12	49	166125.00	13843.75
C02309	Qarin	Kalla	Platinum	7	41	141385.00	20197.86
C02310	Mason	Madan	Silver	11	53	187750.00	17068.18
C02311	Nathan	Mitter	Silver	12	54	173662.50	14471.88
C02312	Xalak	Sant	Bronze	7	26	82327.50	11761.07
C02313	Darpan	Pandit	Bronze	10	45	140295.00	14029.50
C02314	Vansha	Mann	Silver	8	47	163960.00	20495.00
C02315	Tarak	Saha	Gold	9	45	160790.00	17865.56
C02316	Nathan	Nigam	Gold	7	32	124925.00	17846.43
C02317	Kai	Wagle	Bronze	6	18	55565.00	9260.83
C02318	Urvashi	Bhatnagar	Gold	13	56	181270.00	13943.85
C02319	Yatin	Kadakia	Silver	10	52	214912.50	21491.25
C02320	Harini	Narula	Silver	15	75	215155.00	14343.67
C02321	Veer	Khalsa	Bronze	10	57	159235.00	15923.50
C02322	Dhriti	Vaidya	Bronze	11	50	137777.50	12525.23
C02323	Ekanta	Bumb	Bronze	8	46	110180.00	13772.50
C02324	Amaira	Bhavsar	Platinum	9	45	192095.00	21343.89
C02325	Anya	Dhar	Bronze	10	54	152492.50	15249.25
C02326	Aarush	Narang	Bronze	12	52	210970.00	17580.83
C02327	Ekaja	Sundaram	Bronze	6	32	96920.00	16153.33
C02328	Jai	Merchant	Gold	9	47	153495.00	17055.00
C02329	Yuvraj	Puri	Silver	8	43	129317.50	16164.69
C02330	Samarth	Dhawan	Gold	12	73	254305.00	21192.08
C02331	Jyoti	Shroff	Bronze	9	35	158187.50	17576.39
C02332	Naksh	Sawhney	Bronze	13	73	256970.00	19766.92
C02333	Rudra	Setty	Gold	7	45	153717.50	21959.64
C02334	Anay	Dasgupta	Bronze	12	64	224010.00	18667.50
C02335	Lucky	Murty	Silver	11	58	210940.00	19176.36
C02336	Ekiya	Randhawa	Silver	9	46	173827.50	19314.17
C02337	Barkha	Naik	Bronze	7	42	137137.50	19591.07
C02338	Kevin	Taneja	Bronze	9	52	153675.00	17075.00
C02339	Harsh	Virk	Silver	17	76	289640.00	17037.65
C02340	Ishanvi	Nigam	Silver	8	48	134765.00	16845.63
C02341	Waida	Rattan	Bronze	13	71	215265.00	16558.85
C02342	Meghana	Dubey	Gold	7	37	149260.00	21322.86
C02343	Jack	Lal	Bronze	12	72	243030.00	20252.50
C02344	Arjun	Ben	Bronze	7	24	71647.50	10235.36
C02345	Theodore	Kaul	Bronze	10	47	174445.00	17444.50
C02346	Ekantika	Ram	Bronze	13	76	227707.50	17515.96
C02347	Waida	Bajwa	Silver	11	47	137132.50	12466.59
C02348	Balendra	Joshi	Bronze	8	27	79902.50	9987.81
C02349	Faris	Pillai	Gold	11	67	231585.00	21053.18
C02350	Abhimanyu	Manda	Silver	12	58	230575.00	19214.58
C02351	Saksham	Kunda	Bronze	10	43	151862.50	15186.25
C02352	Jagdish	Mangal	Bronze	5	26	96040.00	19208.00
C02353	Yauvani	Ravi	Bronze	9	40	165697.50	18410.83
C02354	Lila	Chhabra	Bronze	16	77	239822.50	14988.91
C02355	Tanish	Mitter	Silver	12	58	186165.00	15513.75
C02356	Zayyan	Kalla	Bronze	11	35	87060.00	7914.55
C02357	Pratyush	Nath	Gold	8	23	67062.50	8382.81
C02358	Falak	Shankar	Bronze	11	65	211552.50	19232.05
C02359	Bhavika	Kothari	Gold	5	23	105930.00	21186.00
C02360	Chandresh	Apte	Bronze	10	50	154630.00	15463.00
C02361	Nathaniel	Chatterjee	Bronze	9	52	176147.50	19571.94
C02362	Rayaan	Sampath	Silver	9	43	117182.50	13020.28
C02363	Anthony	Mishra	Bronze	8	27	107127.50	13390.94
C02364	Adya	Shan	Silver	10	40	129427.50	12942.75
C02365	Owen	Atwal	Bronze	12	65	217905.00	18158.75
C02366	Anjali	Madan	Bronze	13	67	202990.00	15614.62
C02367	Michael	Kale	Bronze	12	61	160230.00	13352.50
C02368	Baljiwan	Tank	Silver	14	77	262575.00	18755.36
C02369	Agastya	Basu	Bronze	4	21	73467.50	18366.88
C02370	Varenya	Jain	Silver	13	61	220307.50	16946.73
C02371	Sara	Agarwal	Silver	15	68	257290.00	17152.67
C02372	Champak	Mangat	Bronze	13	49	149115.00	11470.38
C02373	Urmi	Gade	Bronze	8	40	111927.50	13990.94
C02374	Ekani	Palan	Bronze	9	52	172455.00	19161.67
C02375	Kashish	Sibal	Bronze	8	48	152187.50	19023.44
C02376	Nikita	Parsa	Silver	7	41	114100.00	16300.00
C02377	Laksh	Natarajan	Bronze	12	71	295560.00	24630.00
C02378	Nitesh	Basak	Silver	10	55	197310.00	19731.00
C02379	Nathaniel	Dewan	Gold	8	34	107640.00	13455.00
C02380	Isaac	Thaker	Silver	8	39	127510.00	15938.75
C02381	Aayush	Kumar	Bronze	12	56	171230.00	14269.17
C02382	Jackson	Nanda	Bronze	11	63	239567.50	21778.86
C02383	Indali	Reddy	Bronze	15	62	182212.50	12147.50
C02384	Raghav	Acharya	Bronze	9	42	114220.00	12691.11
C02385	Damini	Khurana	Platinum	8	37	136617.50	17077.19
C02386	Gopal	Halder	Bronze	11	63	237595.00	21599.55
C02387	Jai	Johal	Bronze	12	67	166372.50	13864.38
C02388	Sneha	Dani	Bronze	9	40	148587.50	16509.72
C02389	Advaith	Mital	Bronze	6	36	128065.00	21344.17
C02390	Priya	Sridhar	Bronze	11	65	209992.50	19090.23
C02391	Ekaja	Panchal	Bronze	12	63	245530.00	20460.83
C02392	Guneet	Sami	Gold	10	61	191782.50	19178.25
C02393	Vinaya	Chadha	Gold	7	23	70775.00	10110.71
C02394	Fitan	Korpal	Silver	6	30	92577.50	15429.58
C02395	Geetika	Khurana	Silver	6	27	85987.50	14331.25
C02396	Siya	Kalita	Bronze	9	49	196237.50	21804.17
C02397	Kabir	Bala	Bronze	7	27	83412.50	11916.07
C02398	Ubika	Maharaj	Bronze	8	42	127312.50	15914.06
C02399	Chanakya	Kulkarni	Gold	12	64	218850.00	18237.50
C02400	Siya	Memon	Platinum	13	71	222965.00	17151.15
C02401	Garima	Sandhu	Silver	12	59	162845.00	13570.42
C02402	Vasatika	Sunder	Silver	11	45	137020.00	12456.36
C02403	Patrick	Puri	Bronze	10	51	173072.50	17307.25
C02404	Harini	Tak	Silver	15	89	298712.50	19914.17
C02405	Nitesh	Dewan	Bronze	12	57	171290.00	14274.17
C02406	Jeevika	Sani	Bronze	7	27	91182.50	13026.07
C02407	Hitesh	Sahota	Silver	6	29	88325.00	14720.83
C02408	Pahal	Bhavsar	Gold	10	54	202665.00	20266.50
C02409	Ishita	Soman	Gold	8	33	98280.00	12285.00
C02410	Jai	Bajwa	Silver	6	29	88812.50	14802.08
C02411	Ronith	Sehgal	Bronze	3	13	59107.50	19702.50
C02412	Qasim	Sachdev	Bronze	11	64	211100.00	19190.91
C02413	Manan	Mital	Bronze	17	75	193992.50	11411.32
C02414	Darpan	Uppal	Gold	11	47	206160.00	18741.82
C02415	Aditya	Mitter	Bronze	7	34	143930.00	20561.43
C02416	Tanay	Gulati	Silver	9	43	164395.00	18266.11
C02417	Hardik	Gera	Gold	12	70	210437.50	17536.46
C02418	Joshua	Uppal	Bronze	12	70	209732.50	17477.71
C02419	Elijah	Gala	Bronze	13	65	172897.50	13299.81
C02420	Adweta	Ray	Silver	10	34	127862.50	12786.25
C02421	Megha	Bala	Gold	8	39	121610.00	15201.25
C02422	Umang	Datta	Silver	14	75	278967.50	19926.25
C02423	Nakul	Khurana	Bronze	16	72	253530.00	15845.63
C02424	Azaan	Sahni	Silver	11	56	169230.00	15384.55
C02425	Balveer	Pingle	Gold	10	51	171567.50	17156.75
C02426	Harita	Mitter	Gold	7	18	55845.00	7977.86
C02427	Libni	Devan	Bronze	13	61	237042.50	18234.04
C02428	Vrishti	Oommen	Gold	9	58	184820.00	20535.56
C02429	Bhavya	Varghese	Silver	13	52	193320.00	14870.77
C02430	Rayaan	Pall	Silver	12	42	132152.50	11012.71
C02431	Nisha	Mallick	Gold	7	34	114555.00	16365.00
C02432	Chakrika	Gupta	Bronze	11	38	95107.50	8646.14
C02433	Zinal	Ghose	Bronze	15	103	442605.00	29507.00
C02434	Geetika	Goswami	Bronze	13	61	197020.00	15155.38
C02435	Veda	Madan	Bronze	12	56	175832.50	14652.71
C02436	Aachal	Bora	Gold	12	58	178187.50	14848.96
C02437	Aarush	Bhavsar	Bronze	7	42	125762.50	17966.07
C02438	Aradhana	Vaidya	Silver	6	35	115905.00	19317.50
C02439	Prisha	Suri	Bronze	10	53	150970.00	15097.00
C02440	Dhriti	Dar	Gold	14	85	250322.50	17880.18
C02441	Chatura	Barman	Bronze	7	32	93392.50	13341.79
C02442	Amrita	Datta	Silver	10	47	122627.50	12262.75
C02443	Darpan	Anne	Bronze	15	74	226212.50	15080.83
C02444	Qushi	Khosla	Bronze	12	59	157865.00	13155.42
C02445	Irya	Khalsa	Bronze	14	63	177247.50	12660.54
C02446	Onveer	Rajagopal	Bronze	14	88	243205.00	17371.79
C02447	Anamika	Sunder	Silver	12	54	144272.50	12022.71
C02448	Timothy	Khurana	Bronze	7	36	110347.50	15763.93
C02449	Ati	Chhabra	Bronze	5	21	90765.00	18153.00
C02450	Libni	Sehgal	Bronze	8	33	105752.50	13219.06
C02451	Nilima	Sawhney	Silver	15	62	176475.00	11765.00
C02452	Lajita	Bajaj	Silver	13	71	240497.50	18499.81
C02453	Hema	Nagy	Silver	9	49	130920.00	14546.67
C02454	Lipika	Sathe	Gold	9	49	155377.50	17264.17
C02455	Faras	Purohit	Silver	12	64	222122.50	18510.21
C02456	Dipta	Pandit	Bronze	11	58	169690.00	15426.36
C02457	Bina	Kashyap	Silver	11	49	162365.00	14760.45
C02458	Yagnesh	Bhattacharyya	Bronze	12	66	166235.00	13852.92
C02459	Hemani	Parsa	Bronze	10	51	174187.50	17418.75
C02460	Sanaya	Samra	Bronze	12	68	226570.00	18880.83
C02461	Veer	Luthra	Bronze	12	66	212870.00	17739.17
C02462	Theodore	Varughese	Silver	9	47	113385.00	12598.33
C02463	Chanakya	Karnik	Bronze	9	45	167252.50	18583.61
C02464	Chandresh	Krishna	Silver	14	64	196247.50	14017.68
C02465	Manthan	Memon	Bronze	8	30	128532.50	16066.56
C02466	Veer	Rout	Bronze	12	62	194907.50	16242.29
C02467	George	Ben	Gold	11	66	207902.50	18900.23
C02468	Oliver	Keer	Bronze	14	63	188517.50	13465.54
C02469	Harrison	Luthra	Bronze	8	48	133395.00	16674.38
C02470	Jyoti	Gola	Silver	10	55	163950.00	16395.00
C02471	Eshana	Garg	Bronze	5	19	72895.00	14579.00
C02472	Dakshesh	Ramesh	Bronze	7	46	108517.50	15502.50
C02473	Nachiket	Deo	Bronze	9	44	153820.00	17091.11
C02474	Yatan	Sha	Gold	16	74	288592.50	18037.03
C02475	Brijesh	Bhavsar	Bronze	9	32	122500.00	13611.11
C02476	Triveni	Wadhwa	Gold	6	33	122562.50	20427.08
C02477	Netra	Vohra	Bronze	8	35	133697.50	16712.19
C02478	Nidhi	Krishnamurthy	Silver	4	17	45310.00	11327.50
C02479	Jonathan	Bansal	Gold	10	49	175465.00	17546.50
C02480	Jack	Sachar	Bronze	6	36	99570.00	16595.00
C02481	Arjun	Murty	Bronze	9	44	137167.50	15240.83
C02482	Tanveer	Saran	Bronze	13	60	236635.00	18202.69
C02483	Chasmum	Randhawa	Bronze	6	35	105075.00	17512.50
C02484	Reva	Krishnan	Bronze	4	27	81005.00	20251.25
C02485	Udyati	Prabhu	Bronze	11	53	181972.50	16542.95
C02486	Charan	Korpal	Silver	15	69	215490.00	14366.00
C02487	Chatresh	Palla	Silver	8	39	130160.00	16270.00
C02488	Faras	Menon	Silver	13	74	246592.50	18968.65
C02489	Varenya	Bir	Bronze	9	42	118122.50	13124.72
C02490	Noah	Apte	Bronze	11	46	156190.00	14199.09
C02491	Aryan	Upadhyay	Bronze	10	58	191627.50	19162.75
C02492	Netra	Natt	Gold	19	90	317262.50	16698.03
C02493	Bhavani	Pillai	Bronze	11	62	275105.00	25009.55
C02494	Vinaya	Sant	Gold	11	44	130065.00	11824.09
C02495	Krishna	Narayanan	Bronze	12	53	186685.00	15557.08
C02496	Ronith	Chander	Bronze	10	53	124737.50	12473.75
C02497	Benjamin	Basu	Silver	6	26	70727.50	11787.92
C02498	Rishi	Sahni	Bronze	10	58	180420.00	18042.00
C02499	Aadi	Bhatti	Silver	12	60	205847.50	17153.96
C02500	Vasudha	Bhatti	Silver	13	59	170162.50	13089.42
C02501	Wakeeta	Comar	Bronze	7	38	126435.00	18062.14
C02502	Kashish	Singh	Silver	9	45	144455.00	16050.56
C02503	Zinal	Mallick	Bronze	16	67	217162.50	13572.66
C02504	Vasudha	Magar	Bronze	12	70	186487.50	15540.63
C02505	Nidhi	Behl	Bronze	12	60	236427.50	19702.29
C02506	Udant	Kanda	Bronze	11	52	165752.50	15068.41
C02507	Yashasvi	Patil	Bronze	15	84	279555.00	18637.00
C02508	Garima	Mistry	Silver	8	25	99630.00	12453.75
C02509	Vasana	Bhatti	Gold	8	36	142185.00	17773.13
C02510	Mitesh	Sachdeva	Bronze	12	58	165905.00	13825.42
C02511	Jagat	Morar	Silver	11	43	171602.50	15600.23
C02512	Tanish	Ravi	Bronze	12	64	238635.00	19886.25
C02513	Nitesh	Nayar	Silver	12	72	253097.50	21091.46
C02514	Harrison	Butala	Bronze	11	56	202035.00	18366.82
C02515	Priya	Tailor	Bronze	7	26	70892.50	10127.50
C02516	Urishilla	Goel	Bronze	2	11	27647.50	13823.75
C02517	Ishanvi	Chahal	Bronze	7	35	142230.00	20318.57
C02518	Harish	Barad	Platinum	5	17	55237.50	11047.50
C02519	Onkar	Raman	Silver	10	44	130100.00	13010.00
C02520	Bishakha	Vora	Silver	12	43	125612.50	10467.71
C02521	Turvi	Lad	Silver	8	45	167880.00	20985.00
C02522	Udarsh	Mander	Platinum	11	49	126480.00	11498.18
C02523	Nicholas	Solanki	Gold	23	91	319600.00	13895.65
C02524	Chaaya	Rattan	Bronze	13	59	193047.50	14849.81
C02525	Eta	Kade	Bronze	9	47	189837.50	21093.06
C02526	Mohammed	Bansal	Bronze	15	62	246457.50	16430.50
C02527	Hritik	Sen	Bronze	10	54	184915.00	18491.50
C02528	Gaurangi	Nagarajan	Bronze	14	67	243857.50	17418.39
C02529	Jason	Mittal	Bronze	8	30	118245.00	14780.63
C02530	Naksh	Raman	Silver	7	46	159107.50	22729.64
C02531	Azad	Krishnan	Bronze	7	37	121062.50	17294.64
C02532	Mitali	Naik	Bronze	9	38	139067.50	15451.94
C02533	Pahal	Murty	Silver	11	49	157247.50	14295.23
C02534	Ojasvi	Chander	Silver	13	67	207660.00	15973.85
C02535	Logan	Khatri	Silver	11	62	205752.50	18704.77
C02536	Pranit	Sahni	Bronze	12	57	182487.50	15207.29
C02537	Hemal	Pradhan	Bronze	11	53	173407.50	15764.32
C02538	Saksham	Kakar	Bronze	12	42	157770.00	13147.50
C02539	Mahika	Wadhwa	Bronze	8	42	141372.50	17671.56
C02540	Bina	Yohannan	Silver	13	77	280732.50	21594.81
C02541	Andrew	Reddy	Gold	12	57	163055.00	13587.92
C02542	Vihaan	Murty	Silver	10	52	164747.50	16474.75
C02543	Balvan	Karnik	Bronze	7	37	122682.50	17526.07
C02544	Veer	Baria	Silver	8	44	138590.00	17323.75
C02545	Aarnav	Sani	Gold	7	44	139165.00	19880.71
C02546	Omaja	Babu	Silver	9	36	97662.50	10851.39
C02547	Bhavna	D’Alia	Bronze	7	41	160430.00	22918.57
C02548	Sai	Atwal	Bronze	5	22	67500.00	13500.00
C02549	Yatan	Srinivasan	Gold	4	19	86772.50	21693.13
C02550	Aarna	Gara	Silver	5	29	128360.00	25672.00
C02551	Samar	Gade	Silver	8	55	168262.50	21032.81
C02552	Ekapad	Bose	Bronze	12	66	243575.00	20297.92
C02553	Dominic	Madan	Bronze	14	68	248395.00	17742.50
C02554	Jairaj	Tella	Silver	12	60	217317.50	18109.79
C02555	Arunima	Chacko	Bronze	6	41	118112.50	19685.42
C02556	Ranbir	Krishna	Gold	11	56	174550.00	15868.18
C02557	Madhav	Oommen	Bronze	9	46	124095.00	13788.33
C02558	Indali	Balan	Silver	10	60	187327.50	18732.75
C02559	Neha	Kala	Silver	11	55	225607.50	20509.77
C02560	Ekalinga	Karan	Gold	7	25	92925.00	13275.00
C02561	Jyoti	Issac	Bronze	13	68	185877.50	14298.27
C02562	Aarush	Pant	Gold	11	61	233480.00	21225.45
C02563	Abhimanyu	Murty	Bronze	6	22	80650.00	13441.67
C02564	Jackson	Deshpande	Bronze	6	39	136615.00	22769.17
C02565	Harini	Dar	Gold	13	76	268340.00	20641.54
C02566	Pavani	Memon	Bronze	5	35	110747.50	22149.50
C02567	Laksh	Kuruvilla	Silver	11	60	206997.50	18817.95
C02568	Nisha	Borde	Platinum	12	56	200570.00	16714.17
C02569	Charita	Ray	Bronze	11	47	200842.50	18258.41
C02570	Qasim	Chander	Bronze	6	20	60882.50	10147.08
C02571	Girish	Lalla	Bronze	8	35	138947.50	17368.44
C02572	Simon	Brar	Bronze	9	28	85005.00	9445.00
C02573	Fariq	Mishra	Silver	10	54	187952.50	18795.25
C02574	Osha	Chander	Bronze	6	32	102180.00	17030.00
C02575	Girindra	Agrawal	Bronze	13	66	242832.50	18679.42
C02576	Jalsa	Ravi	Silver	16	84	273050.00	17065.63
C02577	Yug	Bumb	Gold	6	39	142145.00	23690.83
C02578	Hemang	Badal	Gold	12	70	243472.50	20289.38
C02579	Jonathan	Gara	Bronze	6	24	64805.00	10800.83
C02580	Anjali	Guha	Bronze	12	56	214405.00	17867.08
C02581	Siddharth	Rama	Silver	9	53	146072.50	16230.28
C02582	Nidhi	Sabharwal	Silver	7	38	115282.50	16468.93
C02583	Osha	Kumer	Gold	10	50	150487.50	15048.75
C02584	Rayaan	Kulkarni	Silver	13	61	196210.00	15093.08
C02585	Yuvraj	Deo	Silver	13	66	179742.50	13826.35
C02586	Chakradhar	Bora	Bronze	5	21	48790.00	9758.00
C02587	Isaiah	Agate	Silver	10	40	160460.00	16046.00
C02588	Hredhaan	Om	Bronze	10	57	227087.50	22708.75
C02589	Jatin	Pillay	Silver	8	38	147230.00	18403.75
C02590	Anvi	Sawhney	Silver	3	20	55965.00	18655.00
C02591	Ira	Guha	Bronze	12	53	130377.50	10864.79
C02592	Rajeshri	Bawa	Bronze	8	50	181125.00	22640.63
C02593	Darsh	Bhasin	Silver	13	57	231952.50	17842.50
C02594	Odika	Choudhry	Bronze	12	55	197022.50	16418.54
C02595	Pooja	Atwal	Bronze	8	44	144590.00	18073.75
C02596	Suhani	Pall	Bronze	10	58	171815.00	17181.50
C02597	Anya	Sood	Bronze	9	34	140260.00	15584.44
C02598	Thomas	Sarma	Bronze	7	43	152557.50	21793.93
C02599	Vedika	Rajagopalan	Silver	9	52	181795.00	20199.44
C02600	Amrita	Prabhakar	Gold	12	60	187675.00	15639.58
C02601	Netra	Bahri	Platinum	7	29	116157.50	16593.93
C02602	Zayyan	Konda	Bronze	11	52	178087.50	16189.77
C02603	Manthan	Bahri	Bronze	8	49	157702.50	19712.81
C02604	Vasana	Hari	Gold	7	30	80390.00	11484.29
C02605	Pavani	Krishnamurthy	Bronze	8	52	157425.00	19678.13
C02606	Ishanvi	Char	Silver	8	46	120055.00	15006.88
C02607	Yash	Nair	Bronze	5	26	101575.00	20315.00
C02608	Wridesh	Walia	Bronze	10	50	153200.00	15320.00
C02609	Amol	Bose	Bronze	13	62	192375.00	14798.08
C02610	Caleb	Jayaraman	Silver	9	45	109307.50	12145.28
C02611	Elijah	Chauhan	Bronze	6	35	102072.50	17012.08
C02612	Tanish	Kamdar	Platinum	8	50	162282.50	20285.31
C02613	Nilima	Dara	Platinum	11	56	180325.00	16393.18
C02614	Warjas	Dani	Silver	9	41	127320.00	14146.67
C02615	Vamakshi	Malhotra	Silver	14	50	151685.00	10834.64
C02616	Nisha	Narayanan	Bronze	8	43	137077.50	17134.69
C02617	Veer	Mall	Silver	13	68	197315.00	15178.08
C02618	Sneha	Gala	Gold	11	61	214697.50	19517.95
C02619	Anvi	Hans	Bronze	6	29	119215.00	19869.17
C02620	Chakradev	Gola	Silver	12	74	238245.00	19853.75
C02621	Chakrika	Sharma	Bronze	8	39	123565.00	15445.63
C02622	Krish	Balay	Bronze	7	31	124160.00	17737.14
C02623	Chandani	Sankaran	Bronze	9	45	122237.50	13581.94
C02624	Kritika	Amble	Silver	16	84	286105.00	17881.56
C02625	Parth	Salvi	Silver	10	51	133142.50	13314.25
C02626	Elijah	Dube	Silver	12	58	180397.50	15033.13
C02627	Ojas	Lata	Bronze	8	38	103710.00	12963.75
C02628	Tanveer	Sen	Bronze	7	41	116180.00	16597.14
C02629	Arya	Mutti	Bronze	12	57	202722.50	16893.54
C02630	Chakrika	Prashad	Gold	19	89	279875.00	14730.26
C02631	Jonathan	Bhagat	Bronze	7	26	93752.50	13393.21
C02632	Krishna	Bera	Bronze	11	75	234545.00	21322.27
C02633	Chandresh	Trivedi	Silver	7	37	110045.00	15720.71
C02634	Girik	Lad	Platinum	10	63	177690.00	17769.00
C02635	Chaitanya	Sane	Bronze	12	51	151695.00	12641.25
C02636	Gaurav	Vasa	Bronze	11	60	170825.00	15529.55
C02637	Faris	Nagy	Bronze	7	27	96567.50	13795.36
C02638	Geetika	Balan	Silver	6	18	65990.00	10998.33
C02639	Arjun	Balasubramanian	Platinum	9	52	190980.00	21220.00
C02640	Finn	Butala	Bronze	14	83	262192.50	18728.04
C02641	Kamya	Bhandari	Silver	10	36	125227.50	12522.75
C02642	Ladli	Contractor	Gold	7	36	145115.00	20730.71
C02643	Manbir	Zacharia	Bronze	8	47	162092.50	20261.56
C02644	Faraj	Dora	Gold	14	61	191700.00	13692.86
C02645	Brijesh	Murthy	Bronze	6	40	129520.00	21586.67
C02646	Radhika	Sibal	Bronze	8	31	88045.00	11005.63
C02647	Advika	Korpal	Gold	7	33	95155.00	13593.57
C02648	Gaurang	Pathak	Silver	8	35	134292.50	16786.56
C02649	Jason	Keer	Gold	19	102	342677.50	18035.66
C02650	Yasti	Kari	Bronze	9	47	140332.50	15592.50
C02651	Onkar	Prashad	Silver	8	50	228320.00	28540.00
C02652	Niharika	Johal	Gold	8	44	147532.50	18441.56
C02653	Isha	Badal	Silver	10	49	135982.50	13598.25
C02654	Amrita	Batta	Gold	8	38	110970.00	13871.25
C02655	Jeet	Wadhwa	Gold	9	35	116370.00	12930.00
C02656	Peter	Som	Bronze	5	34	128605.00	25721.00
C02657	Kritika	Guha	Silver	11	56	167725.00	15247.73
C02658	Mohammed	Bhatti	Silver	13	59	222315.00	17101.15
C02659	Onkar	Vig	Bronze	10	65	216772.50	21677.25
C02660	Xavier	Saini	Silver	8	47	173000.00	21625.00
C02661	Tanish	Chawla	Gold	8	45	164270.00	20533.75
C02662	Madhavi	Manne	Bronze	8	47	142002.50	17750.31
C02663	Bina	Basak	Platinum	9	48	178140.00	19793.33
C02664	Jyoti	Oak	Silver	9	43	146467.50	16274.17
C02665	Arin	Chad	Gold	12	58	175537.50	14628.13
C02666	Ati	Mannan	Gold	11	56	172280.00	15661.82
C02667	Wyatt	Tella	Gold	7	24	62737.50	8962.50
C02668	Krish	Shroff	Bronze	10	47	151070.00	15107.00
C02669	Dakshesh	Manne	Platinum	14	84	276427.50	19744.82
C02670	Isha	Hari	Bronze	12	51	173072.50	14422.71
C02671	Tristan	Dhaliwal	Gold	15	49	223222.50	14881.50
C02672	Suhani	Vora	Gold	6	36	97575.00	16262.50
C02673	Rushil	Khosla	Bronze	10	57	162110.00	16211.00
C02674	Krish	Ravel	Bronze	13	62	192922.50	14840.19
C02675	Faraj	Chacko	Bronze	9	33	119370.00	13263.33
C02676	Triya	Tella	Bronze	12	57	171710.00	14309.17
C02677	Qasim	Joshi	Gold	11	72	241212.50	21928.41
C02678	Oeshi	Choudhury	Bronze	5	26	114435.00	22887.00
C02679	Krishna	Nath	Silver	2	12	26805.00	13402.50
C02680	Bhanumati	Dar	Silver	6	31	87545.00	14590.83
C02681	Tanay	Ramanathan	Silver	11	62	227837.50	20712.50
C02682	Deepa	Bobal	Bronze	14	82	294437.50	21031.25
C02683	Brinda	Kara	Silver	12	63	197665.00	16472.08
C02684	Hemal	Bala	Silver	12	68	188022.50	15668.54
C02685	Nakul	Kale	Bronze	10	55	160990.00	16099.00
C02686	Anvi	Nayak	Bronze	15	84	237660.00	15844.00
C02687	Balhaar	Menon	Bronze	12	63	185260.00	15438.33
C02688	Brijesh	Peri	Silver	10	48	126765.00	12676.50
C02689	Megha	Sangha	Silver	7	37	108460.00	15494.29
C02690	Gopal	Dada	Bronze	11	57	234162.50	21287.50
C02691	Reyansh	Bhakta	Bronze	8	30	113680.00	14210.00
C02692	Gaurang	Bala	Bronze	9	43	137065.00	15229.44
C02693	Elijah	Nagi	Bronze	9	48	151892.50	16876.94
C02694	Aachal	Oak	Bronze	11	50	178700.00	16245.45
C02695	Qadim	Sarin	Silver	12	62	175960.00	14663.33
C02696	Luke	Kade	Silver	14	77	277352.50	19810.89
C02697	Daksha	Ahluwalia	Bronze	9	43	134282.50	14920.28
C02698	Wazir	Sood	Bronze	9	49	183005.00	20333.89
C02699	Vivaan	Prasad	Gold	10	49	169702.50	16970.25
C02700	Kamala	Seth	Silver	7	24	74637.50	10662.50
C02701	Dhruv	Mann	Silver	8	36	102372.50	12796.56
C02702	Noah	Rau	Platinum	11	43	139000.00	12636.36
C02703	Chaman	Shan	Bronze	10	56	188775.00	18877.50
C02704	Jasmit	Rajagopalan	Gold	6	30	111142.50	18523.75
C02705	Harshil	Menon	Gold	7	29	96317.50	13759.64
C02706	Robert	Gill	Bronze	10	44	149130.00	14913.00
C02707	Chaitaly	Dhaliwal	Gold	6	22	107515.00	17919.17
C02708	Christopher	Reddy	Silver	11	53	191795.00	17435.91
C02709	Jacob	Shankar	Bronze	6	32	107827.50	17971.25
C02710	Owen	Kalita	Bronze	5	12	49595.00	9919.00
C02711	Eshana	Pathak	Bronze	10	58	182477.50	18247.75
C02712	Anay	Mane	Bronze	10	45	147057.50	14705.75
C02713	Jacob	Dhar	Bronze	8	46	171822.50	21477.81
C02714	Manan	Ravi	Bronze	13	77	219750.00	16903.85
C02715	Lavanya	Radhakrishnan	Silver	7	25	101482.50	14497.50
C02716	Vasatika	Sandhu	Platinum	14	71	225335.00	16095.36
C02717	Dipta	Nayar	Gold	6	33	88860.00	14810.00
C02718	Mohini	Dixit	Silver	16	70	222112.50	13882.03
C02719	Banjeet	Balan	Bronze	6	40	155260.00	25876.67
C02720	Abeer	Varkey	Bronze	7	36	81882.50	11697.50
C02721	Christopher	Dada	Bronze	12	53	193105.00	16092.08
C02722	Finn	Hans	Bronze	11	55	130202.50	11836.59
C02723	Daksh	Mallick	Bronze	8	38	144600.00	18075.00
C02724	Ekanta	Bhagat	Silver	11	59	174922.50	15902.05
C02725	Rohan	Savant	Bronze	13	60	211945.00	16303.46
C02726	Jyoti	Kannan	Bronze	7	31	88572.50	12653.21
C02727	Saanvi	Manda	Bronze	8	53	153422.50	19177.81
C02728	Saumya	Dey	Silver	11	51	174265.00	15842.27
C02729	Laksh	Padmanabhan	Platinum	16	92	283972.50	17748.28
C02730	Urvi	Rajagopalan	Gold	9	66	272787.50	30309.72
C02731	Arin	Ranganathan	Platinum	13	90	286722.50	22055.58
C02732	Sudiksha	Kata	Silver	10	55	166137.50	16613.75
C02733	Onveer	Jain	Bronze	17	83	246662.50	14509.56
C02734	Fariq	Shetty	Silver	8	34	128840.00	16105.00
C02735	Harsh	Brar	Gold	16	77	260915.00	16307.19
C02736	Theodore	Sami	Bronze	15	69	232647.50	15509.83
C02737	Unni	Tandon	Silver	7	43	139765.00	19966.43
C02738	Sara	Borde	Bronze	8	30	95627.50	11953.44
C02739	Om	Naidu	Gold	8	35	122052.50	15256.56
C02740	Yashvi	Bassi	Silver	6	33	90257.50	15042.92
C02741	Chatresh	Khalsa	Bronze	9	49	153217.50	17024.17
C02742	Harsh	Rao	Silver	8	55	166262.50	20782.81
C02743	Ubika	Tata	Platinum	7	38	128767.50	18395.36
C02744	Neel	Chanda	Silver	7	43	140627.50	20089.64
C02745	Rishi	Lal	Bronze	9	29	80555.00	8950.56
C02746	Harini	Swamy	Silver	14	73	258360.00	18454.29
C02747	Vincent	Zacharia	Bronze	5	26	93250.00	18650.00
C02748	Eiravati	Rege	Silver	8	42	118372.50	14796.56
C02749	Shivani	Bajaj	Bronze	6	32	99505.00	16584.17
C02750	Jagat	Setty	Bronze	9	61	180655.00	20072.78
C02751	Warinder	Ravel	Bronze	14	63	211140.00	15081.43
C02752	Krisha	Zachariah	Bronze	11	41	116535.00	10594.09
C02753	Udarsh	Palla	Silver	12	44	203110.00	16925.83
C02754	Jasmit	Aurora	Bronze	11	68	202280.00	18389.09
C02755	Mason	Bora	Bronze	12	64	213137.50	17761.46
C02756	Mitali	Shan	Bronze	12	48	188015.00	15667.92
C02757	Qushi	Mani	Silver	8	33	87917.50	10989.69
C02758	Ganga	Bandi	Silver	15	83	285110.00	19007.33
C02759	Bishakha	De	Gold	11	49	156742.50	14249.32
C02760	Dominic	Chad	Gold	11	68	197007.50	17909.77
C02761	Tanvi	Banik	Bronze	9	44	137582.50	15286.94
C02762	Wahab	Ratti	Bronze	10	41	135737.50	13573.75
C02763	Rachit	Bal	Gold	7	33	88515.00	12645.00
C02764	Devansh	Shenoy	Gold	8	48	115387.50	14423.44
C02765	Mason	Sarin	Bronze	7	25	69545.00	9935.00
C02766	Zaitra	Hayre	Bronze	6	27	84545.00	14090.83
C02767	Eesha	Viswanathan	Gold	5	29	77010.00	15402.00
C02768	Wazir	Pillay	Bronze	14	83	286005.00	20428.93
C02769	Jalsa	Ramakrishnan	Silver	9	46	140850.00	15650.00
C02770	Balvan	Balasubramanian	Silver	10	52	158320.00	15832.00
C02771	Patrick	Oommen	Bronze	4	23	72237.50	18059.38
C02772	Maya	Sharma	Bronze	17	61	219552.50	12914.85
C02773	Chaitaly	Grewal	Silver	11	60	254785.00	23162.27
C02774	Amruta	Raman	Bronze	7	39	121032.50	17290.36
C02775	Nidhi	Gala	Bronze	13	66	224037.50	17233.65
C02776	Geetika	Subramanian	Bronze	13	84	244010.00	18770.00
C02777	Onveer	Raval	Silver	8	34	101952.50	12744.06
C02778	Kala	Chaudry	Silver	5	34	96695.00	19339.00
C02779	Mahika	Pingle	Gold	10	40	157720.00	15772.00
C02780	Libni	Nair	Bronze	5	35	137950.00	27590.00
C02781	Bhavna	Lal	Gold	10	38	119212.50	11921.25
C02782	Jagdish	Vala	Bronze	12	57	190727.50	15893.96
C02783	Veda	Gala	Gold	12	54	172075.00	14339.58
C02784	Warinder	Luthra	Silver	10	48	152337.50	15233.75
C02785	Meera	Mohanty	Silver	9	38	122660.00	13628.89
C02786	Hritik	Narain	Silver	9	34	113900.00	12655.56
C02787	Oscar	Pau	Bronze	8	42	136557.50	17069.69
C02788	Gunbir	Khanna	Bronze	7	34	99295.00	14185.00
C02789	Amol	Lata	Silver	8	44	161307.50	20163.44
C02790	Balendra	Pandya	Silver	11	43	125687.50	11426.14
C02791	Jairaj	Viswanathan	Silver	13	64	186930.00	14379.23
C02792	Karan	Sridhar	Bronze	5	23	42892.50	8578.50
C02793	Wahab	Varkey	Bronze	7	45	122987.50	17569.64
C02794	Priya	Saha	Bronze	6	36	111642.50	18607.08
C02795	Shivani	Yohannan	Bronze	8	47	176690.00	22086.25
C02796	Lakshit	Tailor	Silver	5	26	74162.50	14832.50
C02797	Harinakshi	Sami	Silver	12	60	187615.00	15634.58
C02798	Yadavi	Dave	Silver	8	37	118135.00	14766.88
C02799	Atharv	Deshpande	Bronze	9	36	158680.00	17631.11
C02800	Damyanti	Pradhan	Bronze	6	33	114572.50	19095.42
C02801	Karan	D’Alia	Bronze	8	33	110210.00	13776.25
C02802	Ekiya	Oak	Silver	11	58	216720.00	19701.82
C02803	Pavani	Gopal	Silver	13	50	169930.00	13071.54
C02804	Zinal	Vohra	Bronze	13	46	126582.50	9737.12
C02805	Vritti	Dhawan	Bronze	9	40	144227.50	16025.28
C02806	Ridhi	Master	Gold	10	41	167692.50	16769.25
C02807	Kai	Peri	Bronze	10	40	143010.00	14301.00
C02808	Ekaraj	Vora	Silver	11	44	139895.00	12717.73
C02809	Kiaan	Gupta	Gold	8	40	109330.00	13666.25
C02810	Luke	Amble	Silver	9	49	143537.50	15948.61
C02811	Abhiram	Chana	Bronze	15	65	219310.00	14620.67
C02812	Nathaniel	Jani	Bronze	12	63	224520.00	18710.00
C02813	Noah	Sinha	Silver	6	27	79060.00	13176.67
C02814	Tamanna	Goel	Bronze	7	26	94452.50	13493.21
C02815	Ekani	Lad	Bronze	7	33	80930.00	11561.43
C02816	Mohammed	Bali	Silver	6	27	96502.50	16083.75
C02817	Sudiksha	Raja	Bronze	6	37	134155.00	22359.17
C02818	Qabil	Sarraf	Bronze	12	55	177532.50	14794.38
C02819	Tanvi	Kale	Silver	9	41	141722.50	15746.94
C02820	Quincy	Balakrishnan	Bronze	11	70	241755.00	21977.73
C02821	Tanish	Sabharwal	Bronze	5	28	104782.50	20956.50
C02822	Faqid	Mitter	Bronze	9	48	115740.00	12860.00
C02823	Ekta	Patla	Bronze	7	38	160825.00	22975.00
C02824	Darika	Loke	Silver	8	31	105067.50	13133.44
C02825	Ubika	Tailor	Bronze	17	73	226290.00	13311.18
C02826	Yug	Bahri	Silver	10	57	184452.50	18445.25
C02827	Jackson	Gole	Bronze	11	60	187745.00	17067.73
C02828	Owen	Sarraf	Gold	7	26	96642.50	13806.07
C02829	Yatin	Sidhu	Silver	5	21	62445.00	12489.00
C02830	Eta	Devi	Bronze	10	51	117960.00	11796.00
C02831	Guneet	Desai	Platinum	12	50	155405.00	12950.42
C02832	Oscar	Barad	Bronze	11	45	141875.00	12897.73
C02833	Udyati	Venkataraman	Bronze	12	58	185805.00	15483.75
C02834	Kashish	Varkey	Bronze	5	24	78995.00	15799.00
C02835	Darsh	Baria	Silver	8	34	102295.00	12786.88
C02836	Warinder	Rama	Gold	5	26	62305.00	12461.00
C02837	Ekalinga	Palan	Bronze	8	34	108612.50	13576.56
C02838	Manthan	Ganesh	Bronze	8	36	99832.50	12479.06
C02839	Vanya	Malhotra	Silver	12	59	198170.00	16514.17
C02840	Ojasvi	Singhal	Silver	10	54	159070.00	15907.00
C02841	Ishwar	Dhillon	Bronze	11	62	177287.50	16117.05
C02842	Max	D’Alia	Gold	12	51	169102.50	14091.88
C02843	Triveni	Rout	Silver	13	54	191545.00	14734.23
C02844	Gaurav	D’Alia	Silver	18	98	331860.00	18436.67
C02845	Kai	Golla	Bronze	6	31	102432.50	17072.08
C02846	Laban	Oza	Gold	11	43	148082.50	13462.05
C02847	Tanish	Bansal	Bronze	12	58	202037.50	16836.46
C02848	Sathvik	Yadav	Bronze	12	44	161820.00	13485.00
C02849	Charvi	Verma	Bronze	7	33	131347.50	18763.93
C02850	Harish	Chana	Bronze	10	67	209300.00	20930.00
C02851	Logan	Nazareth	Silver	12	60	169965.00	14163.75
C02852	Bhavini	Prashad	Silver	9	42	124042.50	13782.50
C02853	Jeevika	Palla	Bronze	7	40	133007.50	19001.07
C02854	Aarav	Kala	Bronze	15	61	195340.00	13022.67
C02855	Gunbir	Karnik	Silver	7	38	105652.50	15093.21
C02856	Rayaan	Samra	Bronze	11	55	172075.00	15643.18
C02857	Damyanti	De	Bronze	8	62	214080.00	26760.00
C02858	Nachiket	Bal	Bronze	8	30	108422.50	13552.81
C02859	Jatin	Pathak	Silver	3	11	30670.00	10223.33
C02860	Warda	Mall	Silver	6	22	72165.00	12027.50
C02861	Frederick	Sankar	Bronze	7	35	123602.50	17657.50
C02862	Kalpit	Date	Platinum	11	46	159800.00	14527.27
C02863	Nathan	Amble	Silver	13	81	199087.50	15314.42
C02864	Daniel	Dash	Gold	5	20	44915.00	8983.00
C02865	Siya	Pillay	Bronze	11	61	202125.00	18375.00
C02866	Kamala	Savant	Silver	3	16	90745.00	30248.33
C02867	Yatin	Krishnamurthy	Silver	10	57	155230.00	15523.00
C02868	Triya	Saraf	Bronze	7	50	179262.50	25608.93
C02869	Daniel	Dani	Silver	12	53	142242.50	11853.54
C02870	Nitara	Karpe	Bronze	6	29	105052.50	17508.75
C02871	Gautam	Suresh	Silver	10	40	104975.00	10497.50
C02872	Agastya	Varughese	Bronze	12	59	163730.00	13644.17
C02873	Manbir	Balasubramanian	Gold	4	18	56645.00	14161.25
C02874	Frado	Hayre	Silver	9	48	138075.00	15341.67
C02875	Yatin	Bhagat	Silver	7	39	82715.00	11816.43
C02876	Champak	Mani	Bronze	12	63	188740.00	15728.33
C02877	Nandini	Gill	Silver	11	55	190490.00	17317.27
C02878	Radhika	Gopal	Bronze	8	39	157960.00	19745.00
C02879	Pushti	Kulkarni	Silver	8	48	141997.50	17749.69
C02880	Abdul	Nath	Bronze	6	31	102252.50	17042.08
C02881	Ria	Kumar	Gold	10	47	141095.00	14109.50
C02882	Farhan	Pandit	Bronze	10	51	142460.00	14246.00
C02883	Vaishnavi	Bahl	Gold	11	63	163582.50	14871.14
C02884	Oeshi	Sandal	Bronze	9	37	114535.00	12726.11
C02885	Aryan	Bir	Gold	12	51	197190.00	16432.50
C02886	Vedika	Sibal	Silver	13	59	198937.50	15302.88
C02887	Adweta	Keer	Silver	13	54	156650.00	12050.00
C02888	Zaid	Bhatti	Silver	5	27	79675.00	15935.00
C02889	Yachana	Barad	Bronze	13	78	251540.00	19349.23
C02890	Waida	Kapur	Silver	9	37	88150.00	9794.44
C02891	Reva	Dara	Bronze	10	38	138450.00	13845.00
C02892	Brinda	Chaudry	Gold	9	43	143702.50	15966.94
C02893	Tarak	Sundaram	Bronze	14	79	216230.00	15445.00
C02894	Amaira	Kothari	Bronze	12	61	160065.00	13338.75
C02895	Qadim	Kade	Platinum	18	102	277702.50	15427.92
C02896	Ekalinga	Lalla	Bronze	12	52	179482.50	14956.88
C02897	Tanish	Sibal	Silver	12	59	168487.50	14040.63
C02898	Onveer	Cherian	Gold	9	49	178720.00	19857.78
C02899	Ayaan	Lad	Bronze	7	32	92405.00	13200.71
C02900	Yochana	Thaman	Bronze	16	84	285672.50	17854.53
C02901	Sai	Bains	Bronze	8	42	162902.50	20362.81
C02902	Mohini	Lad	Silver	2	7	13195.00	6597.50
C02903	Ishani	Vig	Bronze	8	48	192345.00	24043.13
C02904	Raksha	Apte	Platinum	9	47	158795.00	17643.89
C02905	Chakradhar	Sahota	Bronze	3	8	38090.00	12696.67
C02906	Girik	Gole	Bronze	11	60	166317.50	15119.77
C02907	Neha	Chand	Bronze	12	69	308315.00	25692.92
C02908	Anamika	Gandhi	Bronze	8	34	98875.00	12359.38
C02909	Manya	Sood	Bronze	7	36	160695.00	22956.43
C02910	Isha	Karnik	Silver	9	37	138057.50	15339.72
C02911	Pallavi	Chowdhury	Bronze	8	50	157407.50	19675.94
C02912	Yuvraj	Goel	Silver	9	55	214057.50	23784.17
C02913	Udarsh	Nath	Bronze	15	76	257230.00	17148.67
C02914	Mitali	Gopal	Bronze	11	54	149540.00	13594.55
C02915	Barkha	Puri	Bronze	11	59	158832.50	14439.32
C02916	Pushti	Bal	Silver	12	69	284210.00	23684.17
C02917	Dhruv	Sawhney	Silver	8	39	123747.50	15468.44
C02918	Libni	Dhar	Silver	11	51	173617.50	15783.41
C02919	Niharika	Maharaj	Platinum	10	65	203207.50	20320.75
C02920	Tristan	Lata	Bronze	8	48	167842.50	20980.31
C02921	Vedant	Barman	Bronze	15	91	335940.00	22396.00
C02922	Varsha	Dora	Bronze	13	63	179807.50	13831.35
C02923	Dev	Chakraborty	Silver	7	49	144277.50	20611.07
C02924	Yuvraj	Parmar	Bronze	4	18	82147.50	20536.88
C02925	Viraj	Kala	Platinum	8	33	115772.50	14471.56
C02926	Rachit	Kothari	Silver	5	13	33222.50	6644.50
C02927	Yasti	Chandra	Silver	8	26	72745.00	9093.13
C02928	Anthony	Gandhi	Silver	12	54	157822.50	13151.88
C02929	Adweta	Dash	Silver	11	51	211880.00	19261.82
C02930	Azad	Hans	Bronze	10	49	150875.00	15087.50
C02931	Neelima	Bhatnagar	Silver	10	36	114612.50	11461.25
C02932	Zaitra	Date	Bronze	3	21	73830.00	24610.00
C02933	Aarnav	Rattan	Bronze	10	48	152810.00	15281.00
C02934	Fariq	Savant	Bronze	11	52	157357.50	14305.23
C02935	Eta	Goyal	Bronze	6	32	119572.50	19928.75
C02936	Pahal	Yohannan	Silver	8	33	109790.00	13723.75
C02937	Yashawini	Raj	Bronze	13	67	320805.00	24677.31
C02938	Advika	Murthy	Bronze	13	58	170742.50	13134.04
C02939	Krishna	Gole	Gold	6	33	104067.50	17344.58
C02940	Lakshmi	Basu	Bronze	9	54	193205.00	21467.22
C02941	Pahal	Bhatia	Silver	8	29	111222.50	13902.81
C02942	Dipta	Kothari	Bronze	10	52	225222.50	22522.25
C02943	Abha	Narang	Platinum	10	51	142722.50	14272.25
C02944	Chandran	Bakshi	Gold	17	91	298690.00	17570.00
C02945	Zashil	Gola	Gold	7	40	112595.00	16085.00
C02946	Anusha	Saran	Silver	10	43	143442.50	14344.25
C02947	Eta	Sarin	Bronze	2	13	31942.50	15971.25
C02948	Pallavi	Patla	Silver	6	25	105620.00	17603.33
C02949	Ayush	Seshadri	Bronze	10	45	143662.50	14366.25
C02950	Ayush	Sandal	Silver	9	51	165827.50	18425.28
C02951	Nidhi	Raj	Bronze	10	47	133200.00	13320.00
C02952	Bimala	Bhagat	Bronze	8	49	155190.00	19398.75
C02953	Idika	Karnik	Silver	9	40	125802.50	13978.06
C02954	Rachit	Dani	Bronze	13	59	207565.00	15966.54
C02955	Siya	Sangha	Silver	6	27	109697.50	18282.92
C02956	Krish	Mutti	Silver	8	37	118745.00	14843.13
C02957	Farhan	Goel	Platinum	11	64	187085.00	17007.73
C02958	Zayan	Walla	Platinum	14	66	248560.00	17754.29
C02959	Alexander	Chokshi	Silver	11	48	182560.00	16596.36
C02960	Warda	Datta	Bronze	11	61	188227.50	17111.59
C02961	Ishita	Sawhney	Silver	9	38	120047.50	13338.61
C02962	Nilima	Lall	Silver	12	61	220495.00	18374.58
C02963	Indrajit	Gala	Bronze	15	81	280905.00	18727.00
C02964	Varenya	Oommen	Silver	10	44	120890.00	12089.00
C02965	Libni	Walia	Bronze	7	39	149875.00	21410.71
C02966	Om	Pillay	Silver	16	78	229397.50	14337.34
C02967	Jatin	Kaul	Bronze	11	47	97465.00	8860.45
C02968	Azad	Sanghvi	Silver	8	37	131210.00	16401.25
C02969	Unni	Nigam	Gold	16	65	229472.50	14342.03
C02970	Logan	Hari	Bronze	18	106	333077.50	18504.31
C02971	Vyanjana	Chad	Bronze	12	51	149735.00	12477.92
C02972	Samuel	Kibe	Silver	13	63	194912.50	14993.27
C02973	Rehaan	Yohannan	Silver	7	41	122530.00	17504.29
C02974	Irya	Arora	Gold	9	41	148457.50	16495.28
C02975	Benjamin	Kumer	Platinum	6	29	72312.50	12052.08
C02976	Victor	Nair	Silver	10	50	164165.00	16416.50
C02977	Victor	Mody	Platinum	9	51	179790.00	19976.67
C02978	Ekapad	Randhawa	Silver	13	80	267815.00	20601.15
C02979	Yoshita	Bhavsar	Silver	14	64	224735.00	16052.50
C02980	Aachal	Kumar	Bronze	15	82	271487.50	18099.17
C02981	Shivansh	Warrior	Bronze	14	77	255777.50	18269.82
C02982	Teerth	Seshadri	Silver	13	56	201555.00	15504.23
C02983	Jatin	Din	Bronze	9	48	141777.50	15753.06
C02984	Aadhya	Yohannan	Bronze	11	51	185460.00	16860.00
C02985	Yoshita	Dubey	Bronze	9	39	101335.00	11259.44
C02986	Kiaan	Srinivas	Bronze	8	31	117502.50	14687.81
C02987	Laksh	Kulkarni	Bronze	8	42	134780.00	16847.50
C02988	Lakshmi	Krishnan	Bronze	12	64	219772.50	18314.38
C02989	Upkaar	Sengupta	Bronze	14	68	229040.00	16360.00
C02990	Harshil	Dora	Bronze	13	67	204520.00	15732.31
C02991	Naksh	Kade	Bronze	7	49	148075.00	21153.57
C02992	Simon	Ganesh	Silver	12	55	162722.50	13560.21
C02993	Alexander	Goyal	Bronze	13	75	227807.50	17523.65
C02994	Dev	Vig	Bronze	9	29	83105.00	9233.89
C02995	Ishwar	Bath	Gold	14	52	178115.00	12722.50
C02996	Libni	Dara	Bronze	11	37	121870.00	11079.09
C02997	Kashish	Rajagopal	Bronze	16	88	267870.00	16741.88
C02998	Wahab	Mann	Bronze	10	45	152180.00	15218.00
C02999	Champak	Subramanian	Bronze	13	56	180555.00	13888.85
C03000	Divya	More	Bronze	12	61	257250.00	21437.50
C03001	Bakhshi	Aggarwal	Bronze	13	50	129780.00	9983.08
C03002	Qabil	Aggarwal	Gold	14	71	209397.50	14956.96
C03003	Raksha	Borde	Bronze	8	47	180525.00	22565.63
C03004	Madhavi	Sami	Bronze	15	65	209935.00	13995.67
C03005	Maya	Prabhakar	Silver	10	58	187330.00	18733.00
C03006	Aarav	Sekhon	Bronze	11	43	179807.50	16346.14
C03007	Amruta	Singh	Silver	9	45	144095.00	16010.56
C03008	Robert	Sani	Silver	6	33	100150.00	16691.67
C03009	Lohit	Purohit	Bronze	12	61	172707.50	14392.29
C03010	Tripti	Aurora	Bronze	6	30	112505.00	18750.83
C03011	Jagat	Sodhi	Silver	7	48	136647.50	19521.07
C03012	Kamala	Sanghvi	Gold	17	108	428345.00	25196.76
C03013	Suhani	Purohit	Bronze	12	51	138207.50	11517.29
C03014	Gagan	Deo	Silver	6	30	103927.50	17321.25
C03015	Rachit	Rai	Silver	12	63	289580.00	24131.67
C03016	Abdul	Pillay	Platinum	7	42	128502.50	18357.50
C03017	Gautami	Uppal	Gold	4	26	82720.00	20680.00
C03018	Bina	Chana	Silver	12	52	177075.00	14756.25
C03019	Qasim	Borde	Silver	8	39	143167.50	17895.94
C03020	Neha	Devi	Gold	8	37	125275.00	15659.38
C03021	Lohit	Sood	Silver	7	30	112497.50	16071.07
C03022	Chatresh	Lalla	Silver	8	43	134522.50	16815.31
C03023	Hiral	Memon	Bronze	5	21	77975.00	15595.00
C03024	Yashasvi	Date	Bronze	12	56	219727.50	18310.63
C03025	Watika	Acharya	Platinum	8	39	122087.50	15260.94
C03026	Mohini	Kanda	Bronze	8	33	107885.00	13485.63
C03027	Onveer	Kakar	Gold	11	62	220132.50	20012.05
C03028	Yahvi	Gaba	Silver	8	39	148225.00	18528.13
C03029	Vedika	Venkatesh	Bronze	10	51	159067.50	15906.75
C03030	Sneha	Khosla	Silver	14	69	219205.00	15657.50
C03031	Lopa	Prakash	Silver	6	35	100662.50	16777.08
C03032	Indali	Bhargava	Bronze	11	58	164010.00	14910.00
C03033	Pranav	Sheth	Bronze	10	44	146622.50	14662.25
C03034	Prisha	Buch	Silver	8	41	157345.00	19668.13
C03035	Chatresh	Deshpande	Silver	9	43	159010.00	17667.78
C03036	Ekavir	Sani	Bronze	9	52	172857.50	19206.39
C03037	Gabriel	Thaman	Bronze	11	58	172807.50	15709.77
C03038	Lohit	Vig	Gold	12	56	181440.00	15120.00
C03039	Tanay	Sachar	Gold	11	58	214045.00	19458.64
C03040	Urmi	D’Alia	Bronze	12	53	158942.50	13245.21
C03041	Yutika	Dhaliwal	Bronze	9	45	164407.50	18267.50
C03042	Fitan	Kala	Platinum	7	42	149940.00	21420.00
C03043	Chakradev	Dube	Bronze	9	47	140722.50	15635.83
C03044	Upadhriti	Minhas	Silver	13	67	231660.00	17820.00
C03045	Wyatt	Nazareth	Bronze	10	43	138077.50	13807.75
C03046	Nidra	Mahajan	Bronze	7	42	117392.50	16770.36
C03047	Sara	Hari	Gold	9	41	136192.50	15132.50
C03048	Yahvi	Hayer	Silver	10	52	176242.50	17624.25
C03049	Chanchal	Ravi	Bronze	8	41	115105.00	14388.13
C03050	Chatresh	Sehgal	Silver	12	69	223920.00	18660.00
C03051	Maya	Parsa	Silver	9	51	148682.50	16520.28
C03052	Januja	Ranganathan	Gold	13	71	203772.50	15674.81
C03053	Aditya	Bandi	Bronze	9	37	93470.00	10385.56
C03054	Dayamai	Bala	Bronze	12	70	280955.00	23412.92
C03055	Harish	Shere	Gold	9	47	167155.00	18572.78
C03056	Anirudh	Dhar	Silver	5	24	69000.00	13800.00
C03057	Peter	Ganguly	Bronze	15	77	290262.50	19350.83
C03058	Divya	Loyal	Silver	13	82	223125.00	17163.46
C03059	Krishna	Gopal	Silver	12	63	224190.00	18682.50
C03060	Ishanvi	Bhargava	Gold	6	28	86847.50	14474.58
C03061	Chandresh	Brar	Bronze	9	42	151110.00	16790.00
C03062	Qadim	Palan	Bronze	15	81	257402.50	17160.17
C03063	Raksha	Mandal	Bronze	12	57	177017.50	14751.46
C03064	Rayaan	Dayal	Silver	10	50	156287.50	15628.75
C03065	Jasmit	Bala	Platinum	6	21	82125.00	13687.50
C03066	Maya	Mani	Bronze	11	52	135800.00	12345.45
C03067	Jagat	Aggarwal	Bronze	10	50	165825.00	16582.50
C03068	Priya	Bath	Bronze	11	54	186325.00	16938.64
C03069	Girindra	Kant	Platinum	8	43	113602.50	14200.31
C03070	Yagnesh	Prakash	Silver	5	21	52967.50	10593.50
C03071	Ekavir	Bandi	Bronze	5	27	76385.00	15277.00
C03072	Agastya	Bahl	Silver	13	71	210982.50	16229.42
C03073	Ethan	Ram	Bronze	11	39	139320.00	12665.45
C03074	Wyatt	Srinivas	Bronze	11	63	233772.50	21252.05
C03075	Bhavya	Mohanty	Gold	13	69	245382.50	18875.58
C03076	Vritti	Shanker	Gold	10	48	174622.50	17462.25
C03077	Abhiram	Kamdar	Gold	10	34	102285.00	10228.50
C03078	Wakeeta	Kala	Bronze	13	68	220317.50	16947.50
C03079	Mahika	Gour	Silver	13	63	199217.50	15324.42
C03080	Qarin	Bhat	Silver	5	20	76490.00	15298.00
C03081	Darika	Narayanan	Bronze	15	61	204065.00	13604.33
C03082	Azad	Baral	Silver	10	40	137900.00	13790.00
C03083	Abdul	Zachariah	Bronze	9	50	134902.50	14989.17
C03084	Akshay	Doshi	Silver	13	58	205805.00	15831.15
C03085	Sachi	Kannan	Bronze	5	17	47117.50	9423.50
C03086	Gaurika	Shan	Bronze	10	41	139422.50	13942.25
C03087	Gagan	Garg	Silver	9	37	138452.50	15383.61
C03088	Chakradhar	Kashyap	Bronze	11	70	249472.50	22679.32
C03089	Lohit	Shankar	Silver	10	53	149812.50	14981.25
C03090	Aadhya	Shere	Bronze	11	53	163800.00	14890.91
C03091	Jonathan	Agarwal	Bronze	9	46	128457.50	14273.06
C03092	Neel	Kara	Gold	13	73	315762.50	24289.42
C03093	Om	Chaudhary	Bronze	8	49	139015.00	17376.88
C03094	Jeet	Vig	Silver	13	60	207430.00	15956.15
C03095	Girindra	Saraf	Bronze	6	31	94690.00	15781.67
C03096	Siddharth	Wason	Bronze	11	56	190767.50	17342.50
C03097	Dhriti	Sheth	Bronze	10	51	166727.50	16672.75
C03098	Girindra	Raj	Gold	13	74	311177.50	23936.73
C03099	Varenya	Warrior	Bronze	6	41	133510.00	22251.67
C03100	Mohammed	Trivedi	Bronze	7	37	104862.50	14980.36
C03101	Anya	Narula	Platinum	13	48	163165.00	12551.15
C03102	Om	Sood	Bronze	10	44	147237.50	14723.75
C03103	Tanay	Menon	Silver	7	29	66090.00	9441.43
C03104	Nachiket	Bhargava	Silver	6	23	88067.50	14677.92
C03105	Arya	Kakar	Bronze	13	61	191112.50	14700.96
C03106	Jagvi	Hayre	Silver	9	48	140817.50	15646.39
C03107	Balendra	Johal	Silver	9	46	207220.00	23024.44
C03108	Karan	De	Platinum	10	58	162500.00	16250.00
C03109	Harshil	Kohli	Bronze	15	76	210972.50	14064.83
C03110	Girik	Sahni	Gold	7	33	94062.50	13437.50
C03111	Ronith	Agate	Bronze	8	26	80992.50	10124.06
C03112	Tanmayi	Sharaf	Bronze	17	95	367165.00	21597.94
C03113	Udarsh	Deo	Bronze	5	24	69665.00	13933.00
C03114	Gaurav	Sagar	Bronze	10	52	163022.50	16302.25
C03115	Banjeet	Dutt	Platinum	14	63	198245.00	14160.36
C03116	Yug	Majumdar	Bronze	10	42	162010.00	16201.00
C03117	Matthew	Bumb	Platinum	15	95	279767.50	18651.17
C03118	Akshay	Thaker	Gold	14	62	200590.00	14327.86
C03119	Jyoti	Sahni	Silver	6	40	109457.50	18242.92
C03120	Leela	Kaur	Gold	14	68	218315.00	15593.93
C03121	Yauvani	Ramesh	Bronze	12	58	175105.00	14592.08
C03122	Bhavini	Kumar	Silver	8	35	98122.50	12265.31
C03123	Ronith	Mohan	Bronze	8	41	148107.50	18513.44
C03124	Abhiram	Mittal	Bronze	13	65	209002.50	16077.12
C03125	Kai	Ganguly	Silver	19	102	377860.00	19887.37
C03126	Gaurang	Merchant	Bronze	14	78	233435.00	16673.93
C03127	Laksh	Oza	Gold	6	30	96842.50	16140.42
C03128	Yutika	Varghese	Gold	7	32	96437.50	13776.79
C03129	Guneet	Reddy	Bronze	10	38	169752.50	16975.25
C03130	Frado	Rai	Bronze	12	78	269877.50	22489.79
C03131	Wriddhish	Desai	Silver	16	73	245645.00	15352.81
C03132	Dakshesh	Patla	Bronze	5	32	119605.00	23921.00
C03133	Samaksh	Banerjee	Bronze	7	28	86570.00	12367.14
C03134	Jasmit	Wadhwa	Silver	10	47	124605.00	12460.50
C03135	Amara	Pingle	Bronze	6	32	108835.00	18139.17
C03136	Amruta	Tata	Bronze	11	55	173440.00	15767.27
C03137	Amrita	Nayak	Platinum	10	52	169997.50	16999.75
C03138	Kamala	Sodhi	Gold	13	65	258590.00	19891.54
C03139	Lavanya	Bhatt	Silver	11	59	217145.00	19740.45
C03140	Farhan	Goel	Bronze	10	44	141187.50	14118.75
C03141	Abhiram	Natarajan	Silver	7	45	149442.50	21348.93
C03142	Mohini	Dhar	Bronze	12	51	162837.50	13569.79
C03143	Chasmum	Sekhon	Bronze	13	58	223350.00	17180.77
C03144	Sudiksha	Majumdar	Silver	12	53	140487.50	11707.29
C03145	Jagat	Lata	Bronze	10	66	213547.50	21354.75
C03146	Charles	Lanka	Bronze	10	56	196995.00	19699.50
C03147	Jackson	Mitra	Bronze	11	60	216372.50	19670.23
C03148	Nitara	Kannan	Silver	11	44	131532.50	11957.50
C03149	Andrew	Balan	Silver	5	31	95070.00	19014.00
C03150	Lucky	Dara	Silver	11	46	134575.00	12234.09
C03151	Avni	Nadkarni	Bronze	9	42	140160.00	15573.33
C03152	Ati	Goda	Gold	8	33	121637.50	15204.69
C03153	Aashi	Loke	Bronze	8	40	150687.50	18835.94
C03154	Rishi	Gade	Bronze	11	58	196142.50	17831.14
C03155	Manbir	Kapadia	Gold	9	36	123680.00	13742.22
C03156	Qushi	Ratta	Silver	9	47	141777.50	15753.06
C03157	Aarush	Choudhury	Platinum	5	25	123477.50	24695.50
C03158	Reva	Yadav	Bronze	5	31	103077.50	20615.50
C03159	Zilmil	Bath	Silver	7	42	104592.50	14941.79
C03160	Pranav	Dave	Bronze	12	49	205247.50	17103.96
C03161	Ubika	Hayer	Bronze	11	47	138822.50	12620.23
C03162	Charvi	Karan	Gold	17	97	279167.50	16421.62
C03163	Gabriel	Talwar	Silver	6	35	105367.50	17561.25
C03164	Rudra	Radhakrishnan	Silver	11	61	180930.00	16448.18
C03165	Patrick	Bala	Bronze	12	59	176087.50	14673.96
C03166	Joshua	Prakash	Bronze	9	50	156485.00	17387.22
C03167	Matthew	Savant	Bronze	12	54	171535.00	14294.58
C03168	Owen	Agarwal	Silver	10	50	152280.00	15228.00
C03169	Umang	Dayal	Bronze	12	61	214707.50	17892.29
C03170	Yashica	Palla	Platinum	3	12	49180.00	16393.33
C03171	Chandran	Sharaf	Platinum	11	52	124275.00	11297.73
C03172	Widisha	Dara	Silver	10	51	130867.50	13086.75
C03173	Hardik	Atwal	Silver	14	85	210100.00	15007.14
C03174	Harish	Pandya	Silver	8	38	137382.50	17172.81
C03175	Radhika	Lala	Bronze	13	71	223855.00	17219.62
C03176	Saanvi	Lala	Bronze	4	23	72925.00	18231.25
C03177	Michael	Dhar	Bronze	11	59	207040.00	18821.82
C03178	Hitesh	Master	Silver	8	30	72322.50	9040.31
C03179	Mitesh	Gour	Bronze	9	44	126107.50	14011.94
C03180	Krishna	Goswami	Silver	16	68	217400.00	13587.50
C03181	Xavier	Srinivas	Gold	17	75	219420.00	12907.06
C03182	Christopher	Magar	Silver	16	87	280385.00	17524.06
C03183	Warinder	Ahuja	Bronze	7	39	155360.00	22194.29
C03184	Dalaja	Dara	Bronze	6	29	69185.00	11530.83
C03185	Lekha	Ghosh	Bronze	12	58	207200.00	17266.67
C03186	Mohini	Karnik	Silver	12	56	177877.50	14823.13
C03187	Dipta	Malhotra	Bronze	7	30	99517.50	14216.79
C03188	Zayan	Bora	Platinum	12	68	185355.00	15446.25
C03189	Priya	Loyal	Bronze	10	62	191510.00	19151.00
C03190	Priya	Magar	Bronze	11	56	135460.00	12314.55
C03191	Siddharth	Nagi	Silver	10	54	185460.00	18546.00
C03192	Darpan	Sood	Silver	8	38	130265.00	16283.13
C03193	Om	Saran	Bronze	8	28	95180.00	11897.50
C03194	Watika	Char	Silver	8	32	95037.50	11879.69
C03195	Ethan	Jaggi	Bronze	9	53	187110.00	20790.00
C03196	Sudiksha	Ravi	Gold	9	42	143140.00	15904.44
C03197	Ethan	Gala	Bronze	8	34	102265.00	12783.13
C03198	Fariq	Goyal	Gold	13	57	157235.00	12095.00
C03199	Ayaan	Sharma	Silver	7	26	81372.50	11624.64
C03200	Warjas	Johal	Bronze	10	44	123547.50	12354.75
C03201	Lavanya	Narasimhan	Platinum	8	53	206070.00	25758.75
C03202	Gaurika	Gopal	Bronze	6	25	61255.00	10209.17
C03203	Nathan	Dara	Platinum	5	31	87125.00	17425.00
C03204	Vedika	Radhakrishnan	Gold	13	60	209720.00	16132.31
C03205	Varsha	Amble	Platinum	4	21	60287.50	15071.88
C03206	Ucchal	Randhawa	Bronze	14	74	195127.50	13937.68
C03207	Nandini	Mishra	Gold	9	47	166607.50	18511.94
C03208	Oni	Jaggi	Silver	9	41	126657.50	14073.06
C03209	Bahadurjit	Kurian	Silver	10	60	203127.50	20312.75
C03210	Ira	Murty	Gold	10	47	147150.00	14715.00
C03211	Libni	Magar	Bronze	13	62	192122.50	14778.65
C03212	Farhan	Choudhary	Bronze	10	57	167762.50	16776.25
C03213	Ekani	Jha	Bronze	11	50	178190.00	16199.09
C03214	Abhiram	Gola	Bronze	8	48	178722.50	22340.31
C03215	Naveen	Shere	Bronze	11	53	181772.50	16524.77
C03216	Wahab	Brar	Platinum	12	62	158330.00	13194.17
C03217	Gautami	Ramaswamy	Bronze	10	47	206047.50	20604.75
C03218	Chanchal	Narayanan	Silver	12	49	154452.50	12871.04
C03219	Aarini	Bora	Bronze	10	58	169570.00	16957.00
C03220	Yash	Kibe	Bronze	10	42	148972.50	14897.25
C03221	Upkaar	Madan	Bronze	10	56	244735.00	24473.50
C03222	Onveer	Dhingra	Silver	8	36	121667.50	15208.44
C03223	Osha	Dave	Silver	7	32	93540.00	13362.86
C03224	Anamika	Chaudhry	Silver	6	35	131585.00	21930.83
C03225	Sanaya	Dayal	Bronze	12	54	149875.00	12489.58
C03226	Caleb	Srinivas	Bronze	2	12	24790.00	12395.00
C03227	Bhavini	Sachar	Bronze	9	55	157797.50	17533.06
C03228	Jeremiah	Barad	Bronze	9	48	176610.00	19623.33
C03229	Arunima	Sant	Gold	16	75	276485.00	17280.31
C03230	Udant	Bhagat	Silver	9	45	142390.00	15821.11
C03231	Laban	Contractor	Bronze	9	45	172555.00	19172.78
C03232	Ishani	Wadhwa	Bronze	13	73	221370.00	17028.46
C03233	Geetika	Sinha	Bronze	10	41	95012.50	9501.25
C03234	Tejas	Biswas	Bronze	13	45	173945.00	13380.38
C03235	Aashi	Narang	Bronze	8	30	128500.00	16062.50
C03236	Elijah	Kapoor	Bronze	15	80	294880.00	19658.67
C03237	Rayaan	Reddy	Gold	5	27	73560.00	14712.00
C03238	Robert	Mukherjee	Bronze	8	41	148177.50	18522.19
C03239	Niharika	Johal	Bronze	9	47	161227.50	17914.17
C03240	Shravya	Sagar	Bronze	11	53	177270.00	16115.45
C03241	Dipta	Dhaliwal	Bronze	12	59	178885.00	14907.08
C03242	Gaurav	Sur	Bronze	7	28	93205.00	13315.00
C03243	Adya	Guha	Bronze	11	58	162052.50	14732.05
C03244	Dalbir	Dubey	Silver	8	44	105392.50	13174.06
C03245	Neel	Mand	Silver	7	37	93980.00	13425.71
C03246	Saumya	Nayar	Silver	13	75	219742.50	16903.27
C03247	Zinal	Dua	Bronze	14	61	201570.00	14397.86
C03248	Krish	Narayanan	Bronze	8	38	160477.50	20059.69
C03249	Advaith	Karpe	Silver	6	28	113945.00	18990.83
C03250	Nilima	Sidhu	Bronze	9	53	204710.00	22745.56
C03251	Jason	Sangha	Silver	11	45	163980.00	14907.27
C03252	Prisha	Dhar	Silver	12	54	133892.50	11157.71
C03253	Zaid	Bhandari	Bronze	11	52	139640.00	12694.55
C03254	Daksh	Brar	Platinum	13	76	229007.50	17615.96
C03255	Onkar	Keer	Bronze	11	55	159050.00	14459.09
C03256	Karan	Batra	Bronze	9	53	185600.00	20622.22
C03257	Amol	Chand	Silver	12	54	164970.00	13747.50
C03258	Kevin	Master	Bronze	5	31	101532.50	20306.50
C03259	Odika	Lad	Silver	6	31	127272.50	21212.08
C03260	Warhi	Nagi	Silver	9	44	152865.00	16985.00
C03261	Qadim	Lalla	Bronze	5	20	59792.50	11958.50
C03262	Utkarsh	Yadav	Silver	8	55	219580.00	27447.50
C03263	Upasna	Divan	Silver	14	70	233580.00	16684.29
C03264	Edhitha	Baria	Bronze	10	48	166330.00	16633.00
C03265	Aachal	Tripathi	Bronze	8	41	126395.00	15799.38
C03266	Raghav	Seth	Silver	10	45	170450.00	17045.00
C03267	Frado	Chadha	Bronze	7	29	111745.00	15963.57
C03268	Benjamin	Keer	Bronze	7	26	93030.00	13290.00
C03269	Ethan	Sha	Gold	10	46	173340.00	17334.00
C03270	Balendra	Kar	Bronze	7	37	89255.00	12750.71
C03271	Zayan	Pant	Bronze	10	47	166712.50	16671.25
C03272	Harsh	Gera	Silver	9	52	153905.00	17100.56
C03273	Aachal	Krish	Bronze	11	59	225527.50	20502.50
C03274	Ansh	Patel	Gold	8	49	140165.00	17520.63
C03275	Patrick	Puri	Gold	11	53	143542.50	13049.32
C03276	Robert	Agarwal	Bronze	8	41	101560.00	12695.00
C03277	Chasmum	Savant	Bronze	10	65	219885.00	21988.50
C03278	Xalak	Trivedi	Silver	10	36	149332.50	14933.25
C03279	Ojas	Anne	Silver	13	76	293955.00	22611.92
C03280	Dhriti	Gupta	Silver	9	52	171837.50	19093.06
C03281	Qabil	Ranganathan	Bronze	4	19	57000.00	14250.00
C03282	Edhitha	Sachdeva	Gold	3	11	34105.00	11368.33
C03283	Widisha	Som	Silver	9	47	147082.50	16342.50
C03284	Mitesh	Badal	Silver	13	58	186805.00	14369.62
C03285	Fiyaz	Dhar	Silver	9	41	123665.00	13740.56
C03286	Nakul	Dora	Gold	13	69	240742.50	18518.65
C03287	Tejas	Basak	Silver	12	62	241180.00	20098.33
C03288	Neelima	Kaul	Bronze	12	52	202100.00	16841.67
C03289	Mitesh	Rege	Silver	11	54	171710.00	15610.00
C03290	Raagini	Purohit	Bronze	14	69	265367.50	18954.82
C03291	Yoshita	Bala	Silver	6	35	119107.50	19851.25
C03292	Hredhaan	Kapoor	Silver	7	30	89600.00	12800.00
C03293	Udarsh	Dugar	Bronze	9	42	84435.00	9381.67
C03294	Girindra	Ghose	Silver	15	73	218697.50	14579.83
C03295	Isaiah	Pradhan	Bronze	9	41	144212.50	16023.61
C03296	Xalak	Ratti	Silver	10	45	130872.50	13087.25
C03297	Eta	Lala	Silver	12	79	247690.00	20640.83
C03298	Kiaan	Acharya	Bronze	7	24	69875.00	9982.14
C03299	Yadavi	Tank	Silver	7	34	107107.50	15301.07
C03300	Dipta	Verma	Bronze	16	61	182665.00	11416.56
C03301	Deepa	Dani	Bronze	8	41	99897.50	12487.19
C03302	Pranit	Choudhury	Bronze	5	22	82845.00	16569.00
C03303	Falan	Hans	Bronze	9	47	143625.00	15958.33
C03304	Devansh	Bath	Bronze	11	67	223405.00	20309.55
C03305	Teerth	Chowdhury	Bronze	19	84	230072.50	12109.08
C03306	Isaac	Chana	Silver	7	39	111772.50	15967.50
C03307	Arunima	Vyas	Bronze	10	54	163677.50	16367.75
C03308	Rushil	Choudhry	Bronze	10	49	185842.50	18584.25
C03309	Pahal	Rout	Gold	14	58	138742.50	9910.18
C03310	Abdul	Pall	Gold	13	72	246475.00	18959.62
C03311	Rishi	Randhawa	Bronze	7	42	154040.00	22005.71
C03312	Chakradhar	Narain	Silver	15	71	263480.00	17565.33
C03313	Wahab	Agarwal	Bronze	7	37	111587.50	15941.07
C03314	David	Bhasin	Silver	15	89	251932.50	16795.50
C03315	Rachana	Gade	Bronze	11	47	131915.00	11992.27
C03316	Peter	Jhaveri	Bronze	10	55	202700.00	20270.00
C03317	Nikita	Chacko	Silver	10	39	115277.50	11527.75
C03318	Mitali	Sha	Bronze	14	86	259812.50	18558.04
C03319	Dalaja	Chopra	Bronze	12	60	231632.50	19302.71
C03320	Yashasvi	Dugar	Bronze	7	33	133845.00	19120.71
C03321	Yashoda	Kapur	Gold	10	44	123312.50	12331.25
C03322	Dev	Wadhwa	Silver	5	27	86617.50	17323.50
C03323	Anmol	Ravi	Bronze	12	67	222515.00	18542.92
C03324	Caleb	Sami	Bronze	7	46	219630.00	31375.71
C03325	Harish	Lata	Platinum	6	27	117370.00	19561.67
C03326	Sai	Rout	Bronze	16	91	365382.50	22836.41
C03327	Indrajit	Pandey	Platinum	12	51	123422.50	10285.21
C03328	Chandani	Palla	Silver	7	45	137802.50	19686.07
C03329	Anay	Dora	Silver	6	29	94072.50	15678.75
C03330	Mohini	Walla	Bronze	11	57	184732.50	16793.86
C03331	Girindra	Devi	Bronze	7	38	93545.00	13363.57
C03332	Yashica	Gaba	Bronze	14	77	239592.50	17113.75
C03333	Radhika	Andra	Silver	3	22	89935.00	29978.33
C03334	Arin	Saxena	Platinum	11	58	185575.00	16870.45
C03335	Pallavi	Modi	Bronze	11	58	185805.00	16891.36
C03336	Anthony	Aggarwal	Bronze	10	56	159257.50	15925.75
C03337	Widisha	Kumer	Gold	10	56	212417.50	21241.75
C03338	Yashodhara	Hari	Bronze	10	63	232795.00	23279.50
C03339	Bhavya	Shanker	Silver	10	56	168002.50	16800.25
C03340	Hredhaan	Rai	Bronze	9	47	134057.50	14895.28
C03341	Advaith	Ganesan	Silver	7	38	99417.50	14202.50
C03342	Jagat	Balay	Bronze	9	54	154160.00	17128.89
C03343	Balveer	Ranganathan	Bronze	15	72	203157.50	13543.83
C03344	Darsh	Badami	Gold	4	23	74182.50	18545.63
C03345	Jagrati	Venkatesh	Silver	11	48	152407.50	13855.23
C03346	Ranveer	Barman	Bronze	10	64	218527.50	21852.75
C03347	Warjas	Som	Bronze	17	82	304397.50	17905.74
C03348	Warjas	Atwal	Bronze	11	49	192430.00	17493.64
C03349	Champak	Acharya	Bronze	13	71	267102.50	20546.35
C03350	Madhavi	Rau	Silver	7	37	144072.50	20581.79
C03351	Ishita	Ram	Bronze	16	86	267430.00	16714.38
C03352	Rehaan	Sarma	Silver	12	59	184802.50	15400.21
C03353	Yadavi	Srinivasan	Silver	9	51	151120.00	16791.11
C03354	Oeshi	Banerjee	Platinum	8	25	83430.00	10428.75
C03355	Kashish	Das	Bronze	19	89	265720.00	13985.26
C03356	Chavvi	Krishnan	Gold	15	72	208835.00	13922.33
C03357	Anusha	Oza	Gold	13	63	205822.50	15832.50
C03358	Charvi	Barad	Bronze	7	47	169970.00	24281.43
C03359	Jackson	Naik	Silver	8	30	94670.00	11833.75
C03360	Pavani	Gokhale	Bronze	9	36	113015.00	12557.22
C03361	Abhiram	Narula	Silver	7	27	78660.00	11237.14
C03362	Ayushman	Kuruvilla	Silver	8	44	118967.50	14870.94
C03363	Chavvi	Mani	Bronze	9	50	142172.50	15796.94
C03364	Rajeshri	Narain	Platinum	10	51	162525.00	16252.50
C03365	Umang	Munshi	Gold	10	42	122117.50	12211.75
C03366	Bhavna	Nath	Bronze	11	52	168872.50	15352.05
C03367	Daksh	Aggarwal	Silver	6	23	72967.50	12161.25
C03368	Qasim	Chand	Bronze	10	49	181702.50	18170.25
C03369	Luke	Sheth	Gold	11	48	160030.00	14548.18
C03370	Yatin	Pal	Bronze	8	36	89385.00	11173.13
C03371	Pratyush	Mody	Silver	9	49	154802.50	17200.28
C03372	Dhriti	Chaudhuri	Silver	12	55	205140.00	17095.00
C03373	Vrinda	Pillay	Silver	12	49	133110.00	11092.50
C03374	Gayathri	Ben	Silver	10	53	183362.50	18336.25
C03375	George	Kuruvilla	Platinum	11	51	182367.50	16578.86
C03376	Urishilla	Karpe	Bronze	16	67	189332.50	11833.28
C03377	Raksha	Wadhwa	Platinum	8	46	117862.50	14732.81
C03378	Charita	Sharaf	Gold	9	35	98310.00	10923.33
C03379	Samar	Bansal	Silver	2	6	49177.50	24588.75
C03380	Azaan	Kapadia	Bronze	11	41	135907.50	12355.23
C03381	Oviya	Chacko	Bronze	6	28	98020.00	16336.67
C03382	Qabil	Sane	Bronze	8	50	174560.00	21820.00
C03383	Parth	Bir	Bronze	9	41	116307.50	12923.06
C03384	Ronith	Andra	Gold	5	29	80650.00	16130.00
C03385	Dev	Munshi	Gold	11	55	183755.00	16705.00
C03386	Damini	Rege	Gold	17	97	315392.50	18552.50
C03387	Yauvani	Bedi	Bronze	8	39	117852.50	14731.56
C03388	Pavani	Sridhar	Bronze	5	28	71045.00	14209.00
C03389	Watika	Chahal	Silver	11	53	190797.50	17345.23
C03390	Nicholas	Rao	Bronze	7	43	168040.00	24005.71
C03391	Meghana	Deshpande	Bronze	12	70	223842.50	18653.54
C03392	Charles	Balakrishnan	Gold	11	64	214862.50	19532.95
C03393	Harini	Srinivasan	Bronze	12	54	156020.00	13001.67
C03394	Harini	Gade	Silver	14	77	216005.00	15428.93
C03395	Bina	Mani	Bronze	10	35	133147.50	13314.75
C03396	Yoshita	Varughese	Bronze	11	60	208260.00	18932.73
C03397	Onkar	Prabhakar	Gold	20	106	355457.50	17772.88
C03398	Ijaya	Venkatesh	Silver	14	64	194382.50	13884.46
C03399	Charan	Gola	Gold	9	33	99570.00	11063.33
C03400	Turvi	Yohannan	Bronze	15	74	208040.00	13869.33
C03401	Raghav	Seth	Silver	10	47	151150.00	15115.00
C03402	Chandani	Lala	Silver	8	25	64755.00	8094.38
C03403	Watika	Dutta	Gold	11	52	172442.50	15676.59
C03404	Qabil	Kalla	Bronze	6	19	46715.00	7785.83
C03405	Radha	Yadav	Bronze	11	40	120710.00	10973.64
C03406	Vyanjana	Yohannan	Gold	10	55	189340.00	18934.00
C03407	Advay	Bajaj	Silver	10	46	124352.50	12435.25
C03408	Champak	Prabhakar	Bronze	5	21	61292.50	12258.50
C03409	Sarthak	Kant	Platinum	9	41	128297.50	14255.28
C03410	Ansh	Shetty	Bronze	6	31	185262.50	30877.08
C03411	Megha	Bahri	Platinum	12	44	166930.00	13910.83
C03412	Fariq	Anne	Bronze	12	77	275465.00	22955.42
C03413	Krish	Murty	Gold	10	64	180487.50	18048.75
C03414	Daniel	Wali	Bronze	7	35	119140.00	17020.00
C03415	Bhanumati	Narang	Bronze	10	53	172790.00	17279.00
C03416	Triya	Jhaveri	Silver	16	63	207500.00	12968.75
C03417	Watika	Jha	Silver	8	38	143517.50	17939.69
C03418	Farhan	Kalla	Bronze	15	81	276182.50	18412.17
C03419	Yatan	Kadakia	Bronze	9	34	104052.50	11561.39
C03420	Abhimanyu	Nath	Gold	10	58	155747.50	15574.75
C03421	Bishakha	Seshadri	Bronze	9	50	169365.00	18818.33
C03422	Keya	Khatri	Gold	9	52	201087.50	22343.06
C03423	Jack	Chaudhuri	Gold	14	75	236740.00	16910.00
C03424	Brijesh	Desai	Gold	10	58	199935.00	19993.50
C03425	Tanmayi	Bala	Bronze	16	64	200247.50	12515.47
C03426	Aayush	Oza	Bronze	13	77	280897.50	21607.50
C03427	Fitan	Purohit	Bronze	9	47	155782.50	17309.17
C03428	Bakhshi	Cheema	Silver	14	70	249827.50	17844.82
C03429	Gaurika	Wason	Bronze	4	24	60392.50	15098.13
C03430	Jeet	Barad	Bronze	17	82	253045.00	14885.00
C03431	Tanish	Anand	Silver	10	49	189435.00	18943.50
C03432	Pahal	Desai	Gold	8	38	120480.00	15060.00
C03433	Anika	Setty	Gold	9	43	118897.50	13210.83
C03434	Edhitha	Kakar	Bronze	18	91	241210.00	13400.56
C03435	Warhi	Ratti	Bronze	11	61	217667.50	19787.95
C03436	Yashasvi	Yadav	Bronze	8	57	190532.50	23816.56
C03437	Indali	Choudhury	Silver	8	47	185155.00	23144.38
C03438	Sudiksha	Deshpande	Gold	10	49	195005.00	19500.50
C03439	Ronith	Bail	Bronze	14	67	250932.50	17923.75
C03440	Leela	Madan	Bronze	12	67	236592.50	19716.04
C03441	Yahvi	Virk	Silver	17	96	308640.00	18155.29
C03442	Upma	Savant	Silver	11	53	146825.00	13347.73
C03443	Nidhi	Mander	Bronze	5	15	54345.00	10869.00
C03444	Girindra	Kaul	Silver	5	18	74922.50	14984.50
C03445	Reyansh	Vala	Silver	13	51	163092.50	12545.58
C03446	Joshua	Randhawa	Bronze	5	30	86860.00	17372.00
C03447	Balveer	Lala	Bronze	9	43	139370.00	15485.56
C03448	Bakhshi	Parekh	Silver	5	36	122127.50	24425.50
C03449	Amrita	Mammen	Bronze	8	46	139277.50	17409.69
C03450	Warda	Magar	Bronze	10	40	120390.00	12039.00
C03451	Kamya	Khatri	Silver	9	43	156737.50	17415.28
C03452	Dayamai	Chaudhary	Silver	7	41	142245.00	20320.71
C03453	Udyati	Bala	Bronze	4	24	70630.00	17657.50
C03454	Aadhya	Ray	Silver	13	61	199030.00	15310.00
C03455	Farhan	Tandon	Silver	9	49	150620.00	16735.56
C03456	Alka	Kala	Silver	8	48	158635.00	19829.38
C03457	Charan	Banik	Silver	10	37	113930.00	11393.00
C03458	Raagini	Chaudhary	Silver	4	23	51002.50	12750.63
C03459	Advik	Dixit	Bronze	9	43	138155.00	15350.56
C03460	Omkaar	Bhalla	Bronze	10	57	205060.00	20506.00
C03461	Gautami	Khalsa	Bronze	19	96	352650.00	18560.53
C03462	Ekaraj	Patel	Bronze	2	11	63587.50	31793.75
C03463	Harinakshi	Shroff	Bronze	10	64	216785.00	21678.50
C03464	Gopal	Talwar	Gold	1	8	15270.00	15270.00
C03465	Advik	Bal	Gold	12	44	141117.50	11759.79
C03466	Gaurav	Gupta	Bronze	13	66	173690.00	13360.77
C03467	Girik	Chopra	Bronze	5	20	88687.50	17737.50
C03468	Yashodhara	Sodhi	Bronze	5	28	107375.00	21475.00
C03469	Quincy	Dar	Silver	10	46	140307.50	14030.75
C03470	Ati	Reddy	Silver	9	34	120960.00	13440.00
C03471	Oliver	Biswas	Silver	9	35	146082.50	16231.39
C03472	Damini	Konda	Bronze	10	42	108590.00	10859.00
C03473	Charvi	Memon	Bronze	11	53	153860.00	13987.27
C03474	Girik	Ranganathan	Bronze	16	80	279597.50	17474.84
C03475	Tanish	Madan	Silver	7	37	111785.00	15969.29
C03476	Anita	Mody	Bronze	10	59	233042.50	23304.25
C03477	Arin	Joshi	Silver	17	108	340402.50	20023.68
C03478	Girindra	Kar	Bronze	11	61	216512.50	19682.95
C03479	Udyati	Mital	Bronze	12	62	166647.50	13887.29
C03480	Jagrati	Zachariah	Bronze	8	40	130985.00	16373.13
C03481	Hitesh	Cherian	Bronze	14	64	196062.50	14004.46
C03482	Qushi	Zachariah	Bronze	7	37	103277.50	14753.93
C03483	Odika	Kumer	Bronze	11	62	192820.00	17529.09
C03484	Oviya	Date	Bronze	7	27	106020.00	15145.71
C03485	Aditya	Tella	Bronze	7	18	71705.00	10243.57
C03486	Yasti	Kashyap	Silver	13	73	257012.50	19770.19
C03487	Bachittar	Swaminathan	Bronze	10	49	142367.50	14236.75
C03488	Caleb	Bedi	Gold	6	20	74287.50	12381.25
C03489	Maya	Datta	Silver	7	37	124735.00	17819.29
C03490	Amruta	Uppal	Bronze	10	55	197522.50	19752.25
C03491	Yamini	Dugar	Bronze	13	60	181572.50	13967.12
C03492	Anusha	Sankaran	Silver	16	58	224047.50	14002.97
C03493	Dominic	Ganesan	Bronze	11	42	137277.50	12479.77
C03494	Jagrati	Narasimhan	Gold	15	78	266357.50	17757.17
C03495	Darsh	Bail	Silver	10	47	152625.00	15262.50
C03496	Bishakha	Rau	Bronze	9	38	114440.00	12715.56
C03497	Aayush	Aggarwal	Gold	15	82	234175.00	15611.67
C03498	Nidra	Agate	Bronze	7	34	113217.50	16173.93
C03499	Max	Keer	Gold	12	55	194985.00	16248.75
C03500	Tripti	Basu	Bronze	8	38	98057.50	12257.19
C03501	Gayathri	Mital	Silver	14	67	223452.50	15960.89
C03502	Lipika	Konda	Bronze	9	42	117817.50	13090.83
C03503	Yutika	Malhotra	Silver	8	41	148515.00	18564.38
C03504	Gunbir	Konda	Silver	7	34	101830.00	14547.14
C03505	Frederick	Nadkarni	Silver	11	38	147937.50	13448.86
C03506	Yachana	Dhaliwal	Silver	13	58	161742.50	12441.73
C03507	Abha	Arora	Bronze	10	47	167622.50	16762.25
C03508	William	Mall	Gold	6	25	83042.50	13840.42
C03509	Ekanta	Prashad	Bronze	12	73	266972.50	22247.71
C03510	Rachana	Sathe	Bronze	9	46	100292.50	11143.61
C03511	Lakshit	Loke	Silver	5	25	92637.50	18527.50
C03512	Yashica	Doshi	Silver	11	75	256280.00	23298.18
C03513	Bhavya	Agarwal	Bronze	13	67	200642.50	15434.04
C03514	Hiral	Tella	Bronze	11	52	164435.00	14948.64
C03515	Ekta	Deshpande	Platinum	9	46	147742.50	16415.83
C03516	Reyansh	Sabharwal	Bronze	10	53	189102.50	18910.25
C03517	Anay	Anand	Bronze	11	47	170042.50	15458.41
C03518	Liam	Narula	Silver	8	31	83877.50	10484.69
C03519	Patrick	Narang	Gold	14	73	193842.50	13845.89
C03520	Azad	Bhat	Bronze	11	45	150350.00	13668.18
C03521	Aishani	Sandhu	Silver	10	63	236202.50	23620.25
C03522	Joshua	Kibe	Platinum	12	59	202040.00	16836.67
C03523	Gaurav	Gill	Silver	13	61	196762.50	15135.58
C03524	Indali	Chakraborty	Gold	14	58	200472.50	14319.46
C03525	Kavya	Apte	Silver	11	49	180810.00	16437.27
C03526	Udarsh	Kuruvilla	Bronze	10	30	79435.00	7943.50
C03527	Peter	Dhawan	Bronze	9	39	166465.00	18496.11
C03528	Charita	Rajagopal	Gold	15	86	313137.50	20875.83
C03529	Warjas	Amble	Bronze	5	21	58280.00	11656.00
C03530	Manthan	Lad	Bronze	17	75	245337.50	14431.62
C03531	Vritti	Rout	Gold	11	70	255372.50	23215.68
C03532	Jonathan	Shanker	Bronze	15	77	264540.00	17636.00
C03533	Yashodhara	Ramanathan	Bronze	7	43	120385.00	17197.86
C03534	Mugdha	Dua	Bronze	5	26	88865.00	17773.00
C03535	Riya	Rege	Silver	15	77	331237.50	22082.50
C03536	Chaaya	Solanki	Platinum	13	67	226962.50	17458.65
C03537	Darpan	Johal	Bronze	10	48	172335.00	17233.50
C03538	Yashvi	Mitter	Bronze	10	50	159447.50	15944.75
C03539	Wahab	Munshi	Bronze	8	42	162332.50	20291.56
C03540	Oni	Radhakrishnan	Gold	10	32	98685.00	9868.50
C03541	Gayathri	Sant	Silver	8	49	182900.00	22862.50
C03542	Orinder	Badal	Bronze	5	39	90065.00	18013.00
C03543	Gaurang	Dasgupta	Silver	10	68	178502.50	17850.25
C03544	Faris	Wali	Platinum	15	69	192937.50	12862.50
C03545	Pushti	Kaur	Silver	14	52	163697.50	11692.68
C03546	Xiti	Thakkar	Bronze	7	27	78040.00	11148.57
C03547	Aradhana	Saini	Gold	8	31	75562.50	9445.31
C03548	Andrew	Palan	Silver	9	57	175447.50	19494.17
C03549	Gavin	Dyal	Bronze	13	66	190947.50	14688.27
C03550	Quincy	Kota	Silver	11	47	201000.00	18272.73
C03551	Deepa	Wable	Platinum	12	59	166690.00	13890.83
C03552	Lucky	Chaudhry	Silver	12	48	165997.50	13833.13
C03553	Nihal	Bhatia	Silver	11	84	289085.00	26280.45
C03554	Chandran	Buch	Gold	3	20	79310.00	26436.67
C03555	Shaurya	Mishra	Bronze	18	84	285495.00	15860.83
C03556	Watika	Chaudhary	Bronze	11	57	220310.00	20028.18
C03557	Henry	Rama	Silver	9	46	174952.50	19439.17
C03558	Yashica	Kuruvilla	Silver	12	54	162050.00	13504.17
C03559	Falguni	Patla	Silver	10	42	192942.50	19294.25
C03560	Raksha	Oak	Bronze	7	30	89062.50	12723.21
C03561	Jagdish	Bajaj	Silver	13	55	189772.50	14597.88
C03562	Sachi	Virk	Silver	11	48	146205.00	13291.36
C03563	Daksh	Karan	Silver	16	68	237927.50	14870.47
C03564	Pooja	Bala	Bronze	11	49	126455.00	11495.91
C03565	Samaksh	Rajagopalan	Bronze	9	39	128625.00	14291.67
C03566	Rudra	Sundaram	Silver	13	53	170277.50	13098.27
C03567	Hitesh	Amble	Gold	13	77	237905.00	18300.38
C03568	Jeevika	Pandey	Bronze	15	60	157262.50	10484.17
C03569	Omkaar	Kurian	Silver	7	45	141255.00	20179.29
C03570	Quincy	Gaba	Bronze	13	68	219332.50	16871.73
C03571	Lavanya	Pandey	Silver	14	69	194455.00	13889.64
C03572	Urmi	Bahri	Bronze	10	55	155855.00	15585.50
C03573	Ishanvi	Bhatti	Silver	13	70	210807.50	16215.96
C03574	Janya	Dhar	Bronze	14	80	278955.00	19925.36
C03575	Jack	Ray	Bronze	17	90	291855.00	17167.94
C03576	Varsha	Andra	Platinum	14	74	251372.50	17955.18
C03577	Aarna	Dugar	Bronze	4	17	43887.50	10971.88
C03578	Tristan	Devan	Bronze	10	50	150162.50	15016.25
C03579	Arjun	Anne	Bronze	9	39	109167.50	12129.72
C03580	Alexander	Mutti	Bronze	9	50	196472.50	21830.28
C03581	Jyoti	Bobal	Silver	8	36	142560.00	17820.00
C03582	Lipika	Mannan	Bronze	16	73	218132.50	13633.28
C03583	Forum	Kaul	Gold	5	24	61817.50	12363.50
C03584	Anay	Dani	Bronze	9	47	125602.50	13955.83
C03585	Vritti	Tiwari	Bronze	6	21	61687.50	10281.25
C03586	Yatin	Nazareth	Bronze	17	80	224817.50	13224.56
C03587	Saumya	Tailor	Bronze	11	70	238125.00	21647.73
C03588	Kashish	Tank	Silver	11	55	195905.00	17809.55
C03589	Mohammed	Puri	Silver	8	32	93892.50	11736.56
C03590	Leela	Bahl	Silver	11	59	180112.50	16373.86
C03591	Kala	Mammen	Bronze	11	73	225135.00	20466.82
C03592	Balhaar	Parmar	Bronze	14	60	196705.00	14050.36
C03593	Triveni	Jani	Bronze	9	45	152867.50	16985.28
C03594	Janaki	Rajagopalan	Gold	10	52	199335.00	19933.50
C03595	Darsh	Kalita	Silver	11	69	178477.50	16225.23
C03596	Vedant	Wagle	Bronze	12	65	200475.00	16706.25
C03597	Elijah	Mitra	Bronze	11	44	121212.50	11019.32
C03598	Neel	Gera	Gold	10	53	218815.00	21881.50
C03599	Manbir	Seshadri	Gold	9	37	165927.50	18436.39
C03600	Saumya	Saha	Bronze	12	61	190032.50	15836.04
C03601	Sanaya	Purohit	Bronze	6	39	103602.50	17267.08
C03602	Samuel	Nigam	Platinum	9	57	193840.00	21537.78
C03603	Lakshit	Parmar	Bronze	5	25	65765.00	13153.00
C03604	Yamini	Soman	Silver	12	42	121402.50	10116.88
C03605	Zansi	Virk	Silver	5	23	77587.50	15517.50
C03606	Gaurika	Prabhakar	Silver	12	61	175165.00	14597.08
C03607	Atharv	Vohra	Silver	13	67	190945.00	14688.08
C03608	Omya	Chacko	Bronze	13	55	193555.00	14888.85
C03609	Dipta	Handa	Silver	13	78	231182.50	17783.27
C03610	Urvi	Tella	Bronze	10	36	125237.50	12523.75
C03611	Hemangini	Kumar	Bronze	8	36	126990.00	15873.75
C03612	Ayaan	Khurana	Bronze	5	25	65070.00	13014.00
C03613	Neha	De	Bronze	7	31	99607.50	14229.64
C03614	Patrick	Gill	Bronze	13	88	248505.00	19115.77
C03615	Falan	Shetty	Bronze	11	58	171502.50	15591.14
C03616	Vyanjana	Chhabra	Platinum	10	37	115070.00	11507.00
C03617	Nakul	Prabhu	Gold	9	36	89282.50	9920.28
C03618	Netra	Kaul	Gold	10	59	212302.50	21230.25
C03619	Pavani	Anand	Bronze	8	40	122405.00	15300.63
C03620	Pranit	Sachdev	Bronze	8	43	168042.50	21005.31
C03621	Mitali	Luthra	Bronze	17	80	253540.00	14914.12
C03622	Aryan	Bora	Gold	12	42	124962.50	10413.54
C03623	Tarak	Buch	Silver	11	66	215177.50	19561.59
C03624	Hema	Apte	Platinum	12	70	257197.50	21433.13
C03625	Qasim	Sachdev	Bronze	5	21	63032.50	12606.50
C03626	Krisha	Kapur	Platinum	11	38	146900.00	13354.55
C03627	Arya	Sawhney	Gold	11	71	229612.50	20873.86
C03628	Tristan	Bali	Bronze	11	52	151700.00	13790.91
C03629	Naksh	Palla	Silver	5	18	78695.00	15739.00
C03630	Umang	Datta	Gold	14	84	337870.00	24133.57
C03631	Pranit	Zachariah	Bronze	6	33	118475.00	19745.83
C03632	Tristan	Pall	Gold	8	42	133795.00	16724.38
C03633	Jeremiah	Sani	Silver	10	52	138605.00	13860.50
C03634	Garima	Garg	Bronze	7	36	112960.00	16137.14
C03635	Daksha	Parekh	Bronze	11	55	143115.00	13010.45
C03636	Kashvi	Bajaj	Silver	10	36	98700.00	9870.00
C03637	Radhika	Mitra	Bronze	7	49	181987.50	25998.21
C03638	Nitara	Bains	Bronze	7	47	154060.00	22008.57
C03639	Harshil	Garg	Bronze	8	37	76807.50	9600.94
C03640	Kamya	Mistry	Bronze	12	58	179407.50	14950.63
C03641	Bakhshi	Kar	Bronze	13	56	164960.00	12689.23
C03642	Yug	Jhaveri	Gold	16	93	335780.00	20986.25
C03643	Ishita	Bhavsar	Silver	13	66	223780.00	17213.85
C03644	Garima	Padmanabhan	Silver	8	49	165552.50	20694.06
C03645	Bhanumati	Narasimhan	Bronze	7	34	117692.50	16813.21
C03646	Yamini	Mane	Bronze	10	54	205222.50	20522.25
C03647	Nicholas	Menon	Bronze	10	37	105552.50	10555.25
C03648	Pooja	Deo	Bronze	7	35	95345.00	13620.71
C03649	Vihaan	Das	Silver	15	75	244582.50	16305.50
C03650	Neel	Bhandari	Silver	11	50	175150.00	15922.73
C03651	Maya	Munshi	Bronze	7	33	121790.00	17398.57
C03652	Xavier	Taneja	Silver	9	60	186280.00	20697.78
C03653	Tripti	More	Silver	14	68	238917.50	17065.54
C03654	Leena	Gopal	Gold	11	53	197410.00	17946.36
C03655	Hema	Chaudhari	Platinum	9	36	97665.00	10851.67
C03656	Faqid	Karnik	Bronze	7	31	100370.00	14338.57
C03657	Nandini	Dave	Platinum	8	51	175037.50	21879.69
C03658	Matthew	Trivedi	Bronze	10	54	210697.50	21069.75
C03659	Lucky	Bal	Bronze	7	45	188222.50	26888.93
C03660	Avi	Agrawal	Bronze	6	18	46290.00	7715.00
C03661	Anamika	Bhat	Bronze	9	49	150170.00	16685.56
C03662	Irya	Karpe	Gold	9	53	173362.50	19262.50
C03663	Anika	Kadakia	Bronze	4	19	63017.50	15754.38
C03664	Wazir	Bawa	Silver	9	55	215812.50	23979.17
C03665	Logan	Lal	Silver	12	66	192862.50	16071.88
C03666	Zayan	Deep	Silver	8	40	99017.50	12377.19
C03667	Warinder	Kumar	Gold	8	39	115390.00	14423.75
C03668	Abhimanyu	Mittal	Silver	7	34	110717.50	15816.79
C03669	Waida	Raja	Silver	12	59	182390.00	15199.17
C03670	Qushi	Pandya	Silver	11	52	163447.50	14858.86
C03671	Harini	Sibal	Platinum	5	17	50560.00	10112.00
C03672	Gauri	Thakur	Bronze	7	42	123210.00	17601.43
C03673	Rajeshri	Sridhar	Silver	6	24	70897.50	11816.25
C03674	Yashoda	Lata	Bronze	8	51	156357.50	19544.69
C03675	Om	Patil	Silver	12	36	95225.00	7935.42
C03676	Manya	Ganguly	Silver	5	21	83870.00	16774.00
C03677	Abhiram	Cherian	Platinum	12	70	227040.00	18920.00
C03678	Charita	Sekhon	Bronze	15	83	281245.00	18749.67
C03679	Zayan	Gole	Bronze	17	95	286240.00	16837.65
C03680	Yatan	Mahal	Bronze	5	29	90352.50	18070.50
C03681	Advay	Arya	Gold	18	93	357430.00	19857.22
C03682	Sachi	Baral	Silver	8	43	163855.00	20481.88
C03683	Adweta	Oommen	Bronze	10	45	161120.00	16112.00
C03684	Qasim	Bhavsar	Silver	13	65	198245.00	15249.62
C03685	Anirudh	Kata	Bronze	6	15	45307.50	7551.25
C03686	Theodore	Korpal	Platinum	11	61	204270.00	18570.00
C03687	Krish	Dyal	Gold	7	32	81232.50	11604.64
C03688	Tristan	Raja	Bronze	8	46	149117.50	18639.69
C03689	Maanas	Shenoy	Bronze	7	35	92177.50	13168.21
C03690	Avni	Ratta	Bronze	9	49	134030.00	14892.22
C03691	Rajata	Dayal	Bronze	9	61	225157.50	25017.50
C03692	Irya	Anne	Bronze	8	40	168657.50	21082.19
C03693	Oscar	Iyengar	Silver	12	62	164700.00	13725.00
C03694	Manan	Kapoor	Bronze	10	50	166582.50	16658.25
C03695	Ishwar	Arora	Bronze	17	79	276817.50	16283.38
C03696	Laksh	Iyengar	Gold	11	62	212635.00	19330.45
C03697	Bhavna	Dada	Silver	11	54	184047.50	16731.59
C03698	Upma	Rama	Bronze	8	30	85595.00	10699.38
C03699	Sathvik	Krishnamurthy	Platinum	7	24	46475.00	6639.29
C03700	Priya	Boase	Gold	12	74	196945.00	16412.08
C03701	Yasti	Sastry	Platinum	9	43	175540.00	19504.44
C03702	Ranbir	Gera	Bronze	17	81	229157.50	13479.85
C03703	Theodore	Saxena	Silver	10	40	129162.50	12916.25
C03704	Om	Kanda	Bronze	10	44	158567.50	15856.75
C03705	Yachana	Ramachandran	Silver	10	63	202570.00	20257.00
C03706	Jagrati	Memon	Bronze	13	47	140477.50	10805.96
C03707	Benjamin	Mand	Silver	15	72	231245.00	15416.33
C03708	Radha	Lata	Bronze	11	79	230780.00	20980.00
C03709	Harinakshi	Karan	Gold	10	30	99462.50	9946.25
C03710	Gavin	Raman	Bronze	8	44	136802.50	17100.31
C03711	Amol	Bali	Gold	13	60	202590.00	15583.85
C03712	Adweta	Sane	Silver	9	48	147342.50	16371.39
C03713	Nirja	Chandra	Platinum	13	61	184895.00	14222.69
C03714	Adweta	Majumdar	Bronze	6	29	95972.50	15995.42
C03715	Keya	Butala	Bronze	10	48	173060.00	17306.00
C03716	Oeshi	Sibal	Gold	7	37	106500.00	15214.29
C03717	Ekalinga	Pillai	Bronze	10	36	143157.50	14315.75
C03718	Bahadurjit	Bhasin	Gold	14	63	210055.00	15003.93
C03719	Ojas	Choudhary	Bronze	10	45	149850.00	14985.00
C03720	Banjeet	Sha	Silver	13	77	263570.00	20274.62
C03721	Januja	Sabharwal	Bronze	13	70	227580.00	17506.15
C03722	Vedant	Kota	Silver	12	55	188487.50	15707.29
C03723	Yashodhara	Korpal	Bronze	7	40	171287.50	24469.64
C03724	Ria	Kakar	Bronze	5	25	68705.00	13741.00
C03725	Jai	Deshmukh	Bronze	11	49	152447.50	13858.86
C03726	Vaishnavi	Mand	Silver	10	54	174425.00	17442.50
C03727	Yashoda	Tripathi	Silver	10	42	155257.50	15525.75
C03728	Forum	Batra	Gold	7	36	93622.50	13374.64
C03729	Oeshi	Jayaraman	Bronze	8	34	90072.50	11259.06
C03730	Vasatika	Ratta	Gold	13	56	189067.50	14543.65
C03731	Chasmum	Devi	Platinum	9	60	195317.50	21701.94
C03732	Adweta	Sami	Platinum	9	34	120385.00	13376.11
C03733	Niharika	Raman	Bronze	10	44	126685.00	12668.50
C03734	Neelima	Gaba	Bronze	7	46	116072.50	16581.79
C03735	Peter	Upadhyay	Bronze	11	52	170362.50	15487.50
C03736	Jagdish	Dube	Gold	9	46	169732.50	18859.17
C03737	Viraj	Sheth	Bronze	12	58	185885.00	15490.42
C03738	Pallavi	Morar	Platinum	16	71	218590.00	13661.88
C03739	Nakul	Balan	Gold	13	58	195820.00	15063.08
C03740	Wazir	Narain	Silver	10	41	128790.00	12879.00
C03741	Omya	Sengupta	Bronze	12	55	156902.50	13075.21
C03742	Harini	Yohannan	Bronze	13	70	240667.50	18512.88
C03743	Aarna	Wali	Bronze	7	31	84897.50	12128.21
C03744	Yauvani	Mall	Silver	8	32	116987.50	14623.44
C03745	Faqid	Shukla	Silver	8	53	142450.00	17806.25
C03746	Abdul	Raju	Gold	12	70	274045.00	22837.08
C03747	Ishaan	Oza	Gold	9	53	178485.00	19831.67
C03748	Zayyan	Dhar	Silver	12	70	229095.00	19091.25
C03749	Saumya	Batra	Bronze	8	34	96435.00	12054.38
C03750	Nachiket	Sachar	Bronze	12	64	275267.50	22938.96
C03751	Azaan	Varghese	Silver	10	52	134872.50	13487.25
C03752	Nathaniel	Ratti	Silver	4	23	76610.00	19152.50
C03753	Owen	Minhas	Bronze	12	59	240167.50	20013.96
C03754	Manan	Varty	Bronze	8	33	91507.50	11438.44
C03755	Faqid	Saini	Platinum	16	79	241677.50	15104.84
C03756	Lekha	Choudhary	Bronze	13	68	206075.00	15851.92
C03757	Kevin	Aurora	Silver	11	54	182455.00	16586.82
C03758	Wriddhish	Dar	Bronze	8	53	161700.00	20212.50
C03759	Oviya	Hayer	Gold	12	55	182327.50	15193.96
C03760	Lakshmi	Gour	Silver	8	41	123832.50	15479.06
C03761	Finn	Gokhale	Silver	7	36	135660.00	19380.00
C03762	Nicholas	Prakash	Silver	7	36	104665.00	14952.14
C03763	Gautam	Dugal	Silver	6	28	77822.50	12970.42
C03764	Aditya	Goswami	Silver	9	43	156640.00	17404.44
C03765	Krisha	Sen	Silver	10	55	194067.50	19406.75
C03766	Keya	Nadkarni	Bronze	13	51	184592.50	14199.42
C03767	Isha	Kapadia	Bronze	5	16	68450.00	13690.00
C03768	Ria	Pillai	Bronze	10	43	107717.50	10771.75
C03769	Anita	Uppal	Silver	14	76	272915.00	19493.93
C03770	Siya	Tara	Silver	13	63	199990.00	15383.85
C03771	Mugdha	Roy	Bronze	13	78	250930.00	19302.31
C03772	Priya	Barad	Gold	15	73	234610.00	15640.67
C03773	Nikita	Mander	Platinum	11	44	137562.50	12505.68
C03774	Dayita	Sundaram	Bronze	11	51	162615.00	14783.18
C03775	Quincy	Vohra	Bronze	12	57	171907.50	14325.63
C03776	Kabir	Apte	Bronze	7	45	139457.50	19922.50
C03777	Sudiksha	Reddy	Bronze	12	59	163080.00	13590.00
C03778	Mohammed	Kota	Bronze	10	40	110110.00	11011.00
C03779	Yutika	Shetty	Gold	9	47	163100.00	18122.22
C03780	Kashish	Saraf	Bronze	9	56	185900.00	20655.56
C03781	Aachal	Vohra	Gold	9	58	184370.00	20485.56
C03782	Yatin	Chandran	Gold	10	48	143912.50	14391.25
C03783	Ranveer	Chad	Silver	6	14	47922.50	7987.08
C03784	Ayushman	Agrawal	Bronze	10	50	174767.50	17476.75
C03785	Unnati	Rastogi	Bronze	8	42	118097.50	14762.19
C03786	Utkarsh	Bandi	Bronze	10	65	271570.00	27157.00
C03787	Anay	Jayaraman	Gold	9	29	111722.50	12413.61
C03788	Upma	Deo	Bronze	9	43	126122.50	14013.61
C03789	Falak	Rajagopal	Bronze	9	55	179050.00	19894.44
C03790	Forum	Dora	Bronze	10	46	152165.00	15216.50
C03791	Gayathri	Kata	Bronze	7	34	109417.50	15631.07
C03792	Harsh	Lal	Gold	7	31	95645.00	13663.57
C03793	Bahadurjit	Pingle	Silver	11	49	181630.00	16511.82
C03794	Frederick	Som	Bronze	13	67	273492.50	21037.88
C03795	Nilima	Rege	Gold	8	44	202952.50	25369.06
C03796	Gauri	Srinivasan	Bronze	5	23	66615.00	13323.00
C03797	Yug	Mohanty	Bronze	8	35	121792.50	15224.06
C03798	Nihal	Nadkarni	Silver	13	88	271157.50	20858.27
C03799	Diya	Ravel	Bronze	11	67	195262.50	17751.14
C03800	Vrishti	Tandon	Silver	7	27	79617.50	11373.93
C03801	Inaya	Bhatia	Bronze	5	21	71275.00	14255.00
C03802	Praneel	Bath	Bronze	11	49	165845.00	15076.82
C03803	Rushil	Varty	Bronze	9	48	129105.00	14345.00
C03804	Banjeet	Gupta	Silver	13	71	267772.50	20597.88
C03805	Saumya	Mangat	Bronze	8	47	140962.50	17620.31
C03806	Atharv	Sawhney	Silver	8	45	126932.50	15866.56
C03807	Divya	Bhatti	Silver	21	121	390420.00	18591.43
C03808	Faraj	Bora	Gold	4	18	46080.00	11520.00
C03809	Ishanvi	Chakraborty	Bronze	18	99	315357.50	17519.86
C03810	Idika	Brar	Bronze	8	27	78117.50	9764.69
C03811	Balhaar	Borah	Platinum	10	45	128732.50	12873.25
C03812	Farhan	Chandran	Bronze	9	30	87152.50	9683.61
C03813	Manya	Pau	Silver	15	86	318677.50	21245.17
C03814	Vyanjana	Solanki	Silver	11	40	125130.00	11375.45
C03815	Yatan	Arora	Gold	14	76	249385.00	17813.21
C03816	Anya	Badami	Bronze	12	63	192155.00	16012.92
C03817	Arjun	Kadakia	Bronze	12	50	203750.00	16979.17
C03818	Balveer	Khare	Bronze	10	50	171602.50	17160.25
C03819	Sai	Walla	Silver	9	50	161625.00	17958.33
C03820	Nakul	Nigam	Bronze	15	74	216500.00	14433.33
C03821	Rajeshri	Jhaveri	Gold	11	65	215040.00	19549.09
C03822	Omisha	Deo	Gold	16	75	262075.00	16379.69
C03823	Upadhriti	Mital	Silver	14	64	220052.50	15718.04
C03824	Rachana	Sura	Bronze	8	36	101337.50	12667.19
C03825	Om	Barman	Platinum	11	49	160197.50	14563.41
C03826	Farhan	Chanda	Gold	16	91	307880.00	19242.50
C03827	Harish	Char	Bronze	13	70	230710.00	17746.92
C03828	Champak	Oza	Bronze	10	56	157335.00	15733.50
C03829	Jagdish	Choudhury	Silver	13	72	284710.00	21900.77
C03830	Nathan	Din	Silver	8	29	131000.00	16375.00
C03831	Upma	Amble	Bronze	10	59	196515.00	19651.50
C03832	Arya	Minhas	Bronze	11	47	138667.50	12606.14
C03833	Laksh	Hegde	Silver	6	34	87212.50	14535.42
C03834	Madhavi	Borah	Platinum	7	39	110652.50	15807.50
C03835	Vedika	Ram	Bronze	9	43	162140.00	18015.56
C03836	Yuvraj	Narain	Bronze	10	36	125712.50	12571.25
C03837	Agastya	Devi	Silver	9	53	167207.50	18578.61
C03838	Charvi	Babu	Bronze	11	49	235850.00	21440.91
C03839	Saumya	Ahuja	Bronze	15	65	218882.50	14592.17
C03840	Chanakya	Narayanan	Silver	10	58	168140.00	16814.00
C03841	Meghana	Randhawa	Bronze	8	38	127202.50	15900.31
C03842	Chaitanya	Dayal	Bronze	11	61	163282.50	14843.86
C03843	Jai	Apte	Silver	12	55	186327.50	15527.29
C03844	Daniel	Khalsa	Bronze	9	49	158125.00	17569.44
C03845	Arin	Lala	Gold	4	19	58762.50	14690.63
C03846	Unni	Peri	Bronze	7	27	127420.00	18202.86
C03847	Benjamin	Bawa	Gold	13	92	305467.50	23497.50
C03848	Ikshita	Tailor	Bronze	13	76	215645.00	16588.08
C03849	Laksh	Bassi	Gold	13	58	200567.50	15428.27
C03850	Bhavika	Narayan	Bronze	8	52	166830.00	20853.75
C03851	Amol	Dara	Bronze	5	24	67575.00	13515.00
C03852	Siddharth	Mander	Bronze	18	89	244052.50	13558.47
C03853	Oliver	Prabhakar	Silver	11	62	160342.50	14576.59
C03854	Warda	Ben	Bronze	7	30	114697.50	16385.36
C03855	Nilima	Chauhan	Bronze	15	67	200295.00	13353.00
C03856	Pallavi	Balasubramanian	Bronze	12	51	184352.50	15362.71
C03857	Mitesh	Sama	Silver	11	48	170217.50	15474.32
C03858	Ira	Bhatnagar	Bronze	14	50	155970.00	11140.71
C03859	Kavya	Issac	Bronze	11	64	153935.00	13994.09
C03860	Gautam	Sampath	Platinum	8	47	172792.50	21599.06
C03861	Chatura	Palan	Silver	13	59	221642.50	17049.42
C03862	Praneel	Kumer	Silver	11	49	147222.50	13383.86
C03863	Eta	Mohanty	Gold	12	60	161780.00	13481.67
C03864	Keya	Lalla	Bronze	9	42	148787.50	16531.94
C03865	Unni	Bhagat	Bronze	6	33	101742.50	16957.08
C03866	Fariq	Vohra	Gold	12	72	228640.00	19053.33
C03867	Nidhi	Kala	Silver	10	56	160930.00	16093.00
C03868	Wahab	Hayer	Bronze	10	58	201612.50	20161.25
C03869	Meghana	Amble	Bronze	14	72	198225.00	14158.93
C03870	Vanya	Som	Bronze	9	39	120175.00	13352.78
C03871	Harish	Grewal	Bronze	8	37	122595.00	15324.38
C03872	Vrinda	Khurana	Bronze	9	47	159550.00	17727.78
C03873	Varenya	Kala	Bronze	9	40	126007.50	14000.83
C03874	Aashi	Baral	Silver	5	27	97310.00	19462.00
C03875	Nihal	Rana	Silver	11	60	208632.50	18966.59
C03876	Rachit	Kuruvilla	Bronze	14	82	251977.50	17998.39
C03877	Nathaniel	Kapur	Bronze	15	80	262220.00	17481.33
C03878	Qabil	Bains	Silver	14	71	243315.00	17379.64
C03879	Pallavi	Gulati	Bronze	9	45	131190.00	14576.67
C03880	Chaaya	Devi	Bronze	13	64	224450.00	17265.38
C03881	Ekavir	Vohra	Bronze	2	14	32822.50	16411.25
C03882	Ekani	Chad	Bronze	9	56	195472.50	21719.17
C03883	Dakshesh	Savant	Bronze	5	23	54847.50	10969.50
C03884	Ekaraj	Jaggi	Bronze	6	33	124400.00	20733.33
C03885	Maya	Mane	Bronze	5	22	73920.00	14784.00
C03886	Rachana	Dora	Silver	10	55	173685.00	17368.50
C03887	Unni	Kamdar	Bronze	15	97	315042.50	21002.83
C03888	Yashawini	Bandi	Silver	7	38	114247.50	16321.07
C03889	Vanya	Bala	Bronze	8	49	146577.50	18322.19
C03890	Janaki	Ben	Silver	14	72	273327.50	19523.39
C03891	Dhriti	Gara	Gold	8	52	160007.50	20000.94
C03892	Baljiwan	Solanki	Bronze	6	46	150430.00	25071.67
C03893	Andrew	Saraf	Silver	10	47	161680.00	16168.00
C03894	Priya	Setty	Gold	9	63	185095.00	20566.11
C03895	Aarnav	Sani	Gold	4	19	59225.00	14806.25
C03896	Nidhi	Halder	Silver	10	52	159025.00	15902.50
C03897	Ekavir	Mandal	Platinum	8	49	136795.00	17099.38
C03898	Vedika	Joshi	Bronze	11	55	151652.50	13786.59
C03899	Vedhika	Mall	Bronze	9	58	172667.50	19185.28
C03900	Bakhshi	Murty	Gold	11	55	155020.00	14092.73
C03901	Sarthak	Dhar	Silver	9	48	134280.00	14920.00
C03902	Joshua	Deep	Gold	9	38	169787.50	18865.28
C03903	Kalpit	Chaudhuri	Bronze	10	48	116617.50	11661.75
C03904	Bhavya	Nori	Bronze	6	31	63400.00	10566.67
C03905	Elijah	Gopal	Bronze	11	47	173260.00	15750.91
C03906	Nihal	Devan	Silver	12	57	184875.00	15406.25
C03907	Orinder	Edwin	Bronze	7	27	98590.00	14084.29
C03908	Vyanjana	Bhatt	Bronze	4	12	48057.50	12014.38
C03909	Vasudha	Bhardwaj	Gold	9	56	239417.50	26601.94
C03910	Chandran	Rajagopalan	Bronze	5	31	65170.00	13034.00
C03911	Kala	Rattan	Silver	12	57	202615.00	16884.58
C03912	Anika	Raman	Silver	11	61	177197.50	16108.86
C03913	Sachi	Luthra	Bronze	9	60	188662.50	20962.50
C03914	Wyatt	Aggarwal	Silver	9	45	134925.00	14991.67
C03915	Jagdish	Bedi	Gold	8	52	196790.00	24598.75
C03916	Leena	Rattan	Bronze	8	46	148695.00	18586.88
C03917	Ekantika	Parekh	Bronze	7	34	111250.00	15892.86
C03918	Ganga	Tata	Bronze	9	53	140740.00	15637.78
C03919	Wakeeta	Pandey	Bronze	8	32	97675.00	12209.38
C03920	Raagini	Maharaj	Silver	15	64	201035.00	13402.33
C03921	Sanya	Nazareth	Bronze	7	31	96865.00	13837.86
C03922	Dakshesh	Parikh	Silver	17	83	329290.00	19370.00
C03923	Aadhya	Nair	Bronze	14	69	226487.50	16177.68
C03924	Chasmum	Lad	Gold	12	42	123895.00	10324.58
C03925	Abdul	Dhawan	Gold	12	61	188562.50	15713.54
C03926	Pooja	Badal	Bronze	6	26	77345.00	12890.83
C03927	Devansh	Sethi	Gold	13	79	337372.50	25951.73
C03928	Chakradev	Misra	Bronze	12	57	175622.50	14635.21
C03929	Nisha	Bhat	Gold	10	45	142012.50	14201.25
C03930	Chanakya	Zachariah	Bronze	12	49	145450.00	12120.83
C03931	Ekapad	Kala	Platinum	7	46	134982.50	19283.21
C03932	Dominic	Soni	Bronze	7	38	142442.50	20348.93
C03933	Gayathri	Dua	Platinum	14	80	211380.00	15098.57
C03934	Anamika	Vyas	Gold	6	18	52320.00	8720.00
C03935	Ucchal	Jayaraman	Gold	10	72	219997.50	21999.75
C03936	Akshay	Nagy	Bronze	11	59	192087.50	17462.50
C03937	Anirudh	Nayar	Silver	11	62	261380.00	23761.82
C03938	Om	Krishna	Bronze	8	49	182602.50	22825.31
C03939	Irya	Wali	Bronze	9	43	140175.00	15575.00
C03940	Anay	Sidhu	Gold	8	34	91330.00	11416.25
C03941	Utkarsh	Char	Platinum	9	43	111025.00	12336.11
C03942	Rajeshri	Sharma	Silver	16	86	311330.00	19458.13
C03943	Yochana	Sandal	Bronze	15	73	245402.50	16360.17
C03944	Kai	Nagarajan	Gold	8	42	145717.50	18214.69
C03945	Hitesh	Salvi	Bronze	9	33	90505.00	10056.11
C03946	Pushti	Balasubramanian	Bronze	17	101	350212.50	20600.74
C03947	Tripti	Salvi	Bronze	10	38	109112.50	10911.25
C03948	Hardik	Sawhney	Bronze	5	31	87820.00	17564.00
C03949	Qabil	Kala	Gold	7	29	99257.50	14179.64
C03950	Gautam	Sidhu	Bronze	11	75	272645.00	24785.91
C03951	Janaki	Oak	Gold	9	55	175810.00	19534.44
C03952	Arin	Salvi	Bronze	8	45	164352.50	20544.06
C03953	Maanas	Kannan	Bronze	14	73	253100.00	18078.57
C03954	Yadavi	Bala	Silver	4	23	71560.00	17890.00
C03955	Daksh	Banik	Silver	11	55	160077.50	14552.50
C03956	Sara	Bhakta	Bronze	12	55	151482.50	12623.54
C03957	Aashi	Bobal	Bronze	13	81	310512.50	23885.58
C03958	Dipta	Jain	Silver	6	30	82232.50	13705.42
C03959	Shivansh	Shere	Silver	11	48	147452.50	13404.77
C03960	Wakeeta	Bhardwaj	Gold	6	26	73170.00	12195.00
C03961	Madhavi	Ganesh	Gold	12	82	305160.00	25430.00
C03962	Yauvani	Savant	Silver	9	53	161940.00	17993.33
C03963	Nachiket	Badal	Silver	13	61	179110.00	13777.69
C03964	Wazir	Rastogi	Bronze	11	59	170622.50	15511.14
C03965	Ayaan	Nath	Bronze	11	57	208360.00	18941.82
C03966	Lila	Chaudhari	Bronze	11	52	199232.50	18112.05
C03967	Neelima	Rama	Bronze	6	31	99175.00	16529.17
C03968	Kevin	Kanda	Bronze	9	41	158325.00	17591.67
C03969	Maanas	Ram	Silver	10	49	159420.00	15942.00
C03970	Yasti	Sarkar	Silver	7	33	119097.50	17013.93
C03971	Diya	Basu	Bronze	3	15	65920.00	21973.33
C03972	Yasti	Sachdev	Silver	8	47	117445.00	14680.63
C03973	Sanaya	Arya	Bronze	8	47	127572.50	15946.56
C03974	Harrison	Garde	Platinum	13	62	254280.00	19560.00
C03975	Harini	Basak	Bronze	6	35	148015.00	24669.17
C03976	Girik	Vohra	Silver	10	45	157342.50	15734.25
C03977	Ati	Lall	Silver	9	59	162357.50	18039.72
C03978	Shaurya	Cheema	Silver	9	43	152235.00	16915.00
C03979	Vasudha	Behl	Bronze	9	50	138832.50	15425.83
C03980	Ekantika	Bawa	Bronze	7	31	104687.50	14955.36
C03981	Ishaan	Nair	Bronze	9	36	115410.00	12823.33
C03982	Baljiwan	Sarma	Bronze	11	47	193995.00	17635.91
C03983	Lucky	Kata	Bronze	6	25	80387.50	13397.92
C03984	Bishakha	Lall	Silver	12	64	170897.50	14241.46
C03985	Aryan	Kata	Silver	10	40	137380.00	13738.00
C03986	Dominic	Sankaran	Bronze	10	62	163567.50	16356.75
C03987	Tejas	Tara	Gold	11	50	164655.00	14968.64
C03988	Wishi	Pau	Silver	13	67	194317.50	14947.50
C03989	Manan	Sarna	Silver	8	37	178042.50	22255.31
C03990	Sathvik	Barad	Bronze	9	41	144060.00	16006.67
C03991	Jyoti	Modi	Silver	9	39	123107.50	13678.61
C03992	Charita	Chana	Silver	12	59	163145.00	13595.42
C03993	Idika	Kumar	Bronze	11	67	215447.50	19586.14
C03994	Unnati	Johal	Bronze	5	13	49265.00	9853.00
C03995	Aachal	Ramachandran	Bronze	9	48	110162.50	12240.28
C03996	Ishanvi	Mander	Gold	6	29	87270.00	14545.00
C03997	Ishwar	Samra	Bronze	10	66	214120.00	21412.00
C03998	Agastya	Edwin	Bronze	6	48	148000.00	24666.67
C03999	Girindra	Ravel	Silver	6	27	84867.50	14144.58
C04000	Charita	Mahal	Bronze	12	58	167270.00	13939.17
C04001	Aadhya	Jani	Silver	8	33	107682.50	13460.31
C04002	Kabir	Dass	Silver	12	45	142090.00	11840.83
C04003	Wyatt	Jaggi	Silver	15	65	197572.50	13171.50
C04004	Ijaya	Balan	Gold	5	21	72020.00	14404.00
C04005	Ranbir	Sagar	Silver	8	40	169867.50	21233.44
C04006	Krishna	Sagar	Silver	11	49	153550.00	13959.09
C04007	Liam	Munshi	Silver	5	28	94897.50	18979.50
C04008	Azad	Desai	Bronze	11	57	150590.00	13690.00
C04009	Balveer	Bora	Gold	13	76	251242.50	19326.35
C04010	Timothy	Sama	Bronze	16	87	229800.00	14362.50
C04011	Amol	Chandra	Bronze	9	49	137315.00	15257.22
C04012	Falak	Doctor	Bronze	12	57	163245.00	13603.75
C04013	Chaaya	Bala	Silver	8	33	104335.00	13041.88
C04014	Dev	Shankar	Bronze	8	40	133672.50	16709.06
C04015	Logan	Puri	Bronze	8	48	186182.50	23272.81
C04016	Vrishti	Dave	Bronze	11	56	194477.50	17679.77
C04017	Ishanvi	Raj	Silver	13	71	203950.00	15688.46
C04018	Qadim	Sunder	Gold	14	72	248257.50	17732.68
C04019	Chanchal	Bath	Bronze	7	26	82912.50	11844.64
C04020	Praneel	Natt	Silver	13	77	233277.50	17944.42
C04021	Aadhya	Rastogi	Bronze	13	99	334225.00	25709.62
C04022	Veer	Acharya	Platinum	10	57	196830.00	19683.00
C04023	Zayyan	Patel	Silver	12	50	154387.50	12865.63
C04024	Vasatika	Master	Bronze	9	37	114540.00	12726.67
C04025	Ishwar	Lad	Platinum	13	72	273640.00	21049.23
C04026	Edhitha	Kala	Bronze	18	92	265012.50	14722.92
C04027	Akshay	Nagy	Silver	12	54	173247.50	14437.29
C04028	Radhika	Sandal	Silver	11	54	192850.00	17531.82
C04029	Kashvi	Thakkar	Bronze	6	18	72715.00	12119.17
C04030	Varsha	Kohli	Silver	9	44	139837.50	15537.50
C04031	Frado	Nair	Bronze	9	44	154852.50	17205.83
C04032	Rachita	Srivastava	Silver	11	50	141657.50	12877.95
C04033	Alexander	Sunder	Silver	8	47	174402.50	21800.31
C04034	Nidra	Vohra	Bronze	9	48	133982.50	14886.94
C04035	Suhani	Bera	Silver	9	42	146970.00	16330.00
C04036	Rudra	Konda	Bronze	7	36	90277.50	12896.79
C04037	Rohan	Arora	Silver	7	38	131590.00	18798.57
C04038	Robert	Bhagat	Bronze	10	50	147052.50	14705.25
C04039	Gautami	Bahl	Bronze	18	92	304467.50	16914.86
C04040	Girish	Char	Bronze	9	50	153225.00	17025.00
C04041	Varsha	Bansal	Bronze	3	19	75607.50	25202.50
C04042	Ekaja	Dhar	Bronze	11	42	174232.50	15839.32
C04043	Zaid	Jha	Gold	16	66	227297.50	14206.09
C04044	Arunima	Barad	Silver	6	35	121592.50	20265.42
C04045	Kalpit	Gour	Bronze	7	46	141342.50	20191.79
C04046	Logan	Bala	Bronze	7	35	85047.50	12149.64
C04047	Sarthak	Kunda	Silver	7	46	139812.50	19973.21
C04048	Reyansh	Kari	Gold	15	67	260910.00	17394.00
C04049	Kritika	Dada	Bronze	9	45	146835.00	16315.00
C04050	Aachal	Nayak	Bronze	13	64	184952.50	14227.12
C04051	Tarak	Modi	Bronze	16	79	310025.00	19376.56
C04052	Chanchal	Savant	Silver	10	46	134175.00	13417.50
C04053	Yauvani	Sani	Silver	9	47	127372.50	14152.50
C04054	Chatura	Parikh	Silver	11	41	128397.50	11672.50
C04055	Urvashi	Kibe	Gold	13	75	261077.50	20082.88
C04056	Vincent	Parekh	Platinum	7	21	60792.50	8684.64
C04057	Peter	Rajagopal	Platinum	7	39	177977.50	25425.36
C04058	Dominic	Loke	Bronze	11	52	123757.50	11250.68
C04059	Yatin	Vaidya	Bronze	9	41	150685.00	16742.78
C04060	Henry	Lata	Gold	8	44	155707.50	19463.44
C04061	Nidhi	Prabhakar	Bronze	4	12	26817.50	6704.38
C04062	Meera	Saraf	Silver	13	69	212165.00	16320.38
C04063	Nikita	Datta	Bronze	6	33	83817.50	13969.58
C04064	Lipika	Tak	Bronze	16	63	206682.50	12917.66
C04065	Vaishnavi	Bumb	Bronze	13	69	272125.00	20932.69
C04066	Udarsh	Naik	Silver	11	60	241547.50	21958.86
C04067	Falguni	Tella	Bronze	16	72	205907.50	12869.22
C04068	Atharv	Sachar	Bronze	7	30	92840.00	13262.86
C04069	Upma	Khalsa	Bronze	8	46	167122.50	20890.31
C04070	Udarsh	Tella	Silver	16	91	333477.50	20842.34
C04071	Ronith	Shenoy	Bronze	13	73	246335.00	18948.85
C04072	Widisha	Joshi	Bronze	11	46	102590.00	9326.36
C04073	Urishilla	Ganesan	Silver	9	54	213272.50	23696.94
C04074	Pallavi	Subramaniam	Gold	6	40	148227.50	24704.58
C04075	Anvi	Johal	Silver	18	80	248967.50	13831.53
C04076	Mitali	Hegde	Silver	13	62	263725.00	20286.54
C04077	Arunima	Dhawan	Silver	4	25	73062.50	18265.63
C04078	Nidra	Jha	Bronze	10	63	192415.00	19241.50
C04079	Charita	Apte	Silver	12	60	194562.50	16213.54
C04080	Fariq	Choudhary	Bronze	11	49	133665.00	12151.36
C04081	Brinda	Sharma	Silver	10	63	182152.50	18215.25
C04082	Atharv	Sabharwal	Bronze	17	79	253922.50	14936.62
C04083	Indrajit	Bali	Bronze	8	42	154822.50	19352.81
C04084	Inaya	Bala	Bronze	12	56	186130.00	15510.83
C04085	Anita	Bandi	Bronze	14	68	204750.00	14625.00
C04086	Anita	Magar	Bronze	2	4	9077.50	4538.75
C04087	Samesh	Mahal	Gold	14	64	205745.00	14696.07
C04088	Alka	Chakrabarti	Gold	6	30	109042.50	18173.75
C04089	Tarak	Barad	Gold	10	39	139622.50	13962.25
C04090	Nandini	Anne	Silver	10	46	123502.50	12350.25
C04091	Neel	Barad	Silver	2	15	57292.50	28646.25
C04092	Netra	Bali	Bronze	6	28	102690.00	17115.00
C04093	Maanas	Dara	Silver	16	81	346840.00	21677.50
C04094	Forum	Mittal	Bronze	8	40	136317.50	17039.69
C04095	Rudra	Borde	Silver	11	63	173742.50	15794.77
C04096	Gopal	Sunder	Bronze	8	44	161597.50	20199.69
C04097	Fariq	Naik	Bronze	9	40	132260.00	14695.56
C04098	Warhi	D’Alia	Gold	6	45	171335.00	28555.83
C04099	Dayamai	Babu	Silver	8	45	126722.50	15840.31
C04100	Aayush	Edwin	Bronze	7	39	108930.00	15561.43
C04101	Kevin	Walla	Silver	13	52	148827.50	11448.27
C04102	Vedhika	Borde	Bronze	13	70	247715.00	19055.00
C04103	Jyoti	Swaminathan	Silver	8	41	96230.00	12028.75
C04104	Ekbal	Khare	Bronze	11	69	229597.50	20872.50
C04105	Indrajit	Raghavan	Bronze	14	69	218645.00	15617.50
C04106	Max	Dani	Bronze	10	55	211107.50	21110.75
C04107	Wazir	Butala	Silver	10	50	194817.50	19481.75
C04108	Rachita	Goyal	Bronze	6	31	110257.50	18376.25
C04109	Zehaan	Padmanabhan	Gold	7	46	160290.00	22898.57
C04110	Watika	Muni	Silver	6	35	122972.50	20495.42
C04111	Januja	Mandal	Bronze	13	79	266542.50	20503.27
C04112	Anya	Verma	Gold	9	49	140732.50	15636.94
C04113	Yashawini	Kant	Bronze	12	70	234367.50	19530.63
C04114	Harini	Sant	Silver	9	35	94147.50	10460.83
C04115	Sathvik	Pau	Bronze	13	81	232427.50	17879.04
C04116	Saumya	Chadha	Silver	9	60	181875.00	20208.33
C04117	Kiaan	Pathak	Silver	14	78	234797.50	16771.25
C04118	Lavanya	Anand	Bronze	9	41	141927.50	15769.72
C04119	Fitan	Menon	Gold	10	55	168047.50	16804.75
C04120	Yashodhara	Sama	Silver	12	69	242615.00	20217.92
C04121	Yauvani	Saxena	Bronze	6	19	71545.00	11924.17
C04122	Nisha	Rege	Silver	10	48	101380.00	10138.00
C04123	Krishna	Yadav	Silver	4	28	96095.00	24023.75
C04124	Om	Handa	Silver	10	46	151837.50	15183.75
C04125	Neel	Dey	Bronze	14	69	233902.50	16707.32
C04126	Parth	Dubey	Bronze	8	50	171827.50	21478.44
C04127	Eta	Dugal	Silver	18	109	344382.50	19132.36
C04128	Aarav	Mahajan	Bronze	18	87	293145.00	16285.83
C04129	Jack	Kari	Bronze	6	29	89250.00	14875.00
C04130	Ayushman	Murthy	Silver	8	37	121220.00	15152.50
C04131	Nitesh	Wali	Gold	12	62	197540.00	16461.67
C04132	Jacob	Parsa	Gold	18	87	263150.00	14619.44
C04133	Wridesh	Balakrishnan	Platinum	8	33	127502.50	15937.81
C04134	Charita	Chaudry	Bronze	11	58	215857.50	19623.41
C04135	Gaurangi	Date	Bronze	13	70	234132.50	18010.19
C04136	Nimrat	Sha	Silver	13	41	104770.00	8059.23
C04137	Frederick	Uppal	Bronze	7	30	97510.00	13930.00
C04138	Hemangini	Tank	Bronze	10	42	133310.00	13331.00
C04139	Jack	Dhingra	Gold	7	27	89045.00	12720.71
C04140	Wriddhish	Rau	Bronze	13	80	318277.50	24482.88
C04141	Ekantika	Padmanabhan	Gold	10	43	157797.50	15779.75
C04142	Damini	Bail	Bronze	12	64	215825.00	17985.42
C04143	Qushi	Bawa	Bronze	9	41	136795.00	15199.44
C04144	Pushti	Aurora	Silver	10	54	173607.50	17360.75
C04145	Lipika	Narula	Silver	6	32	116785.00	19464.17
C04146	Sneha	Mahajan	Bronze	8	37	128855.00	16106.88
C04147	Eesha	Dhawan	Gold	11	55	174080.00	15825.45
C04148	Omya	Biswas	Bronze	9	51	158882.50	17653.61
C04149	Anmol	Vala	Bronze	8	33	125920.00	15740.00
C04150	Naveen	Rao	Bronze	12	51	175885.00	14657.08
C04151	Pranit	Naidu	Silver	6	37	145930.00	24321.67
C04152	Qarin	Khosla	Silver	12	47	188232.50	15686.04
C04153	Charvi	Vala	Silver	9	45	116395.00	12932.78
C04154	Suhani	Date	Bronze	16	90	305855.00	19115.94
C04155	Mitali	Chokshi	Silver	12	51	161887.50	13490.63
C04156	Ayush	Rajagopalan	Gold	9	41	156227.50	17358.61
C04157	Nicholas	Mall	Bronze	7	27	78927.50	11275.36
C04158	William	Kala	Platinum	9	38	97865.00	10873.89
C04159	Bishakha	Parmer	Silver	16	77	252980.00	15811.25
C04160	Liam	Vohra	Silver	9	49	168427.50	18714.17
C04161	Anmol	Dey	Bronze	13	69	264322.50	20332.50
C04162	Gautam	Savant	Silver	13	58	169872.50	13067.12
C04163	Naksh	Dewan	Silver	7	31	95520.00	13645.71
C04164	Nikita	Shetty	Bronze	14	53	139125.00	9937.50
C04165	Wridesh	Goda	Bronze	10	54	193445.00	19344.50
C04166	Vaishnavi	Ahluwalia	Silver	5	25	59085.00	11817.00
C04167	Bachittar	Kale	Silver	10	46	124335.00	12433.50
C04168	Chakradev	Mittal	Bronze	17	76	253192.50	14893.68
C04169	Omya	Chandran	Bronze	13	57	179217.50	13785.96
C04170	Yagnesh	Kakar	Bronze	4	15	49597.50	12399.38
C04171	Frado	Bhatia	Silver	14	71	268897.50	19206.96
C04172	Harita	Sani	Bronze	9	54	156115.00	17346.11
C04173	Harini	Puri	Gold	5	24	63070.00	12614.00
C04174	Jyoti	Pandya	Bronze	7	42	130912.50	18701.79
C04175	Luke	Karan	Silver	13	71	204195.00	15707.31
C04176	Teerth	Deshpande	Bronze	14	62	174322.50	12451.61
C04177	Upadhriti	Shroff	Bronze	17	96	271902.50	15994.26
C04178	Bimala	Sastry	Bronze	15	64	213077.50	14205.17
C04179	Jagat	Merchant	Platinum	4	26	111442.50	27860.63
C04180	Siya	Tara	Bronze	15	91	247662.50	16510.83
C04181	Harini	Bhardwaj	Bronze	11	54	175455.00	15950.45
C04182	Jeremiah	Bala	Silver	15	92	330860.00	22057.33
C04183	Christopher	Ray	Gold	6	26	68590.00	11431.67
C04184	Yatan	Biswas	Gold	16	69	261642.50	16352.66
C04185	Riya	Bajwa	Bronze	10	54	165375.00	16537.50
C04186	Samarth	Nayak	Platinum	16	101	330265.00	20641.56
C04187	Vedika	Dasgupta	Gold	13	61	189725.00	14594.23
C04188	Zansi	Mane	Silver	11	51	167535.00	15230.45
C04189	Fiyaz	Mangal	Gold	7	26	81892.50	11698.93
C04190	Banjeet	Balakrishnan	Platinum	10	57	245865.00	24586.50
C04191	Manthan	Kohli	Silver	11	52	209540.00	19049.09
C04192	Rajeshri	Padmanabhan	Gold	10	38	108720.00	10872.00
C04193	Jonathan	Srinivas	Silver	10	55	156425.00	15642.50
C04194	Watika	Sachar	Bronze	8	51	140892.50	17611.56
C04195	Liam	Barman	Silver	10	56	166990.00	16699.00
C04196	Azaan	Rama	Bronze	11	49	189160.00	17196.36
C04197	Qarin	Sankar	Gold	8	38	148015.00	18501.88
C04198	Maanas	Sura	Bronze	16	97	312712.50	19544.53
C04199	Thomas	Kothari	Gold	12	65	183955.00	15329.58
C04200	Dipta	Raju	Bronze	12	53	145157.50	12096.46
C04201	Ridhi	Vaidya	Bronze	11	59	231150.00	21013.64
C04202	Bhavna	Pillai	Bronze	6	31	115235.00	19205.83
C04203	Lakshit	Murty	Bronze	11	51	191422.50	17402.05
C04204	Omya	Narain	Bronze	12	64	243512.50	20292.71
C04205	Luke	Bhagat	Bronze	14	57	180615.00	12901.07
C04206	Omisha	Tailor	Gold	11	72	194232.50	17657.50
C04207	Anthony	Sastry	Bronze	12	60	185065.00	15422.08
C04208	Elijah	Deep	Bronze	8	36	130237.50	16279.69
C04209	Kamya	Agrawal	Bronze	6	30	78600.00	13100.00
C04210	Wakeeta	Shenoy	Bronze	13	53	185422.50	14263.27
C04211	Ubika	Devan	Silver	5	24	86770.00	17354.00
C04212	Charles	Shanker	Silver	12	50	161792.50	13482.71
C04213	Krish	Chander	Silver	7	42	112730.00	16104.29
C04214	Reyansh	Saxena	Bronze	8	41	165022.50	20627.81
C04215	Devansh	Rana	Gold	11	70	255657.50	23241.59
C04216	Sai	Arora	Bronze	1	3	21487.50	21487.50
C04217	Theodore	Dey	Bronze	9	61	171995.00	19110.56
C04218	Ekalinga	Devi	Bronze	10	53	209947.50	20994.75
C04219	Zarna	Master	Silver	12	63	203345.00	16945.42
C04220	Samar	Jayaraman	Gold	11	37	100210.00	9110.00
C04221	Lakshmi	Bajaj	Gold	10	40	108575.00	10857.50
C04222	Frederick	Jhaveri	Platinum	10	45	147285.00	14728.50
C04223	Zehaan	Mangal	Silver	16	83	269037.50	16814.84
C04224	Kamala	Saini	Bronze	9	40	157385.00	17487.22
C04225	Advika	Pingle	Gold	10	41	111807.50	11180.75
C04226	Aadi	Brahmbhatt	Silver	11	48	172555.00	15686.82
C04227	Imaran	Soman	Silver	8	42	171950.00	21493.75
C04228	Yashodhara	Banik	Silver	6	25	77522.50	12920.42
C04229	Darsh	Magar	Gold	13	63	214640.00	16510.77
C04230	Lekha	Upadhyay	Bronze	15	71	269667.50	17977.83
C04231	Harshil	Maharaj	Bronze	15	63	226272.50	15084.83
C04232	Ekaja	Pandey	Silver	5	22	88222.50	17644.50
C04233	Advik	Chauhan	Bronze	14	54	206662.50	14761.61
C04234	Baghyawati	Sem	Bronze	13	65	193040.00	14849.23
C04235	Adweta	Banik	Gold	8	39	134127.50	16765.94
C04236	Harshil	Ravel	Platinum	16	82	267900.00	16743.75
C04237	Girik	Chhabra	Silver	11	49	158787.50	14435.23
C04238	Pahal	Chowdhury	Gold	8	41	126727.50	15840.94
C04239	Ishani	Verma	Bronze	10	43	158550.00	15855.00
C04240	Dominic	Soni	Bronze	16	95	288065.00	18004.06
C04241	Sarthak	Prasad	Gold	10	51	174797.50	17479.75
C04242	Ekalinga	Pall	Bronze	10	54	178412.50	17841.25
C04243	Mason	Pingle	Bronze	13	70	197400.00	15184.62
C04244	Yashodhara	Gade	Silver	11	65	219220.00	19929.09
C04245	Lucky	Chandra	Bronze	14	68	202732.50	14480.89
C04246	Caleb	Bhavsar	Bronze	9	55	191432.50	21270.28
C04247	Vedhika	Joshi	Silver	16	69	208152.50	13009.53
C04248	Yutika	Om	Gold	14	60	169807.50	12129.11
C04249	Varenya	Rajagopalan	Silver	8	39	129080.00	16135.00
C04250	Ekaraj	Prabhakar	Gold	14	62	235730.00	16837.86
C04251	Zarna	Prabhakar	Bronze	12	59	194422.50	16201.88
C04252	Unni	Halder	Gold	9	44	171797.50	19088.61
C04253	Abhiram	Shan	Bronze	10	53	160167.50	16016.75
C04254	Upasna	Shah	Bronze	8	35	107205.00	13400.63
C04255	Logan	Nagar	Platinum	8	47	133420.00	16677.50
C04256	Rushil	Agarwal	Bronze	7	20	74962.50	10708.93
C04257	Madhav	Bora	Bronze	12	70	209657.50	17471.46
C04258	Rishi	Merchant	Gold	13	59	200915.00	15455.00
C04259	Veda	Sekhon	Silver	10	49	148275.00	14827.50
C04260	Prisha	Dara	Gold	6	39	126672.50	21112.08
C04261	Radha	Palla	Bronze	9	53	195895.00	21766.11
C04262	Niharika	Minhas	Gold	9	35	121880.00	13542.22
C04263	Bhavna	Lata	Silver	12	48	142977.50	11914.79
C04264	Neel	Manda	Silver	9	50	175360.00	19484.44
C04265	Tara	Iyer	Silver	10	42	117707.50	11770.75
C04266	Faqid	Kuruvilla	Bronze	14	59	147730.00	10552.14
C04267	Janaki	Mane	Bronze	10	54	157740.00	15774.00
C04268	Ishaan	Natt	Silver	8	41	122325.00	15290.63
C04269	Baljiwan	Char	Silver	14	75	247212.50	17658.04
C04270	Max	Saini	Bronze	14	70	285692.50	20406.61
C04271	Krish	Rattan	Bronze	11	66	216662.50	19696.59
C04272	Tamanna	Jani	Bronze	10	48	157000.00	15700.00
C04273	Xiti	Jhaveri	Bronze	8	43	145582.50	18197.81
C04274	Hritik	Mander	Bronze	8	28	114455.00	14306.88
C04275	Zayyan	Rajagopalan	Silver	11	56	203397.50	18490.68
C04276	Lila	Mander	Platinum	9	47	163867.50	18207.50
C04277	Gavin	Talwar	Gold	8	37	116765.00	14595.63
C04278	Madhav	Vasa	Bronze	12	88	306452.50	25537.71
C04279	Gauri	Lalla	Bronze	11	64	202102.50	18372.95
C04280	Aarnav	Baral	Gold	7	38	155477.50	22211.07
C04281	Mahika	Bawa	Bronze	10	36	93582.50	9358.25
C04282	Ekaja	Chadha	Silver	11	48	152080.00	13825.45
C04283	Luke	Tandon	Silver	9	43	136900.00	15211.11
C04284	Dakshesh	Hora	Silver	3	19	69195.00	23065.00
C04285	Teerth	Raj	Silver	9	55	210862.50	23429.17
C04286	Dakshesh	Barad	Bronze	9	54	172692.50	19188.06
C04287	Sachi	Verma	Bronze	9	48	169140.00	18793.33
C04288	Chaitanya	Ghose	Silver	13	67	233062.50	17927.88
C04289	Gautami	Gole	Bronze	10	56	188862.50	18886.25
C04290	Thomas	Sawhney	Silver	16	68	217915.00	13619.69
C04291	Omisha	Ramesh	Bronze	9	47	161507.50	17945.28
C04292	Logan	Devan	Silver	5	16	46590.00	9318.00
C04293	Chavvi	Shanker	Bronze	12	49	164045.00	13670.42
C04294	Thomas	Borah	Silver	8	52	139515.00	17439.38
C04295	Simon	Konda	Silver	16	81	232957.50	14559.84
C04296	Sara	Thakur	Silver	11	42	133745.00	12158.64
C04297	Jeet	Morar	Bronze	13	65	201300.00	15484.62
C04298	Nikita	Parekh	Bronze	11	54	206055.00	18732.27
C04299	Prisha	Srinivas	Bronze	8	49	158222.50	19777.81
C04300	Mitali	Dass	Platinum	15	85	290827.50	19388.50
C04301	Ishita	Bakshi	Silver	5	26	121180.00	24236.00
C04302	Neelima	Gera	Silver	8	29	88355.00	11044.38
C04303	Radhika	Sawhney	Bronze	13	61	166202.50	12784.81
C04304	Mekhala	Chada	Bronze	10	34	100610.00	10061.00
C04305	Aadi	Sheth	Bronze	11	47	187962.50	17087.50
C04306	Hitesh	Deshmukh	Gold	12	60	165957.50	13829.79
C04307	Udyati	Doshi	Silver	11	37	128145.00	11649.55
C04308	Lajita	Minhas	Bronze	8	48	138722.50	17340.31
C04309	Aryan	Nadig	Bronze	13	70	285357.50	21950.58
C04310	Ridhi	Chopra	Silver	15	62	195682.50	13045.50
C04311	Raghav	Boase	Silver	12	56	177612.50	14801.04
C04312	Girik	Warrior	Gold	11	57	182285.00	16571.36
C04313	Darika	Vora	Bronze	11	41	115285.00	10480.45
C04314	Jalsa	Bassi	Silver	12	62	213435.00	17786.25
C04315	Pratyush	Virk	Gold	9	54	149747.50	16638.61
C04316	Ubika	Bawa	Bronze	6	23	69950.00	11658.33
C04317	Rohan	Badami	Bronze	12	60	184380.00	15365.00
C04318	Agastya	Bhatt	Bronze	10	53	157967.50	15796.75
C04319	Onveer	Bajaj	Bronze	11	56	174145.00	15831.36
C04320	Neel	Karan	Bronze	15	91	266427.50	17761.83
C04321	Amol	Rajagopalan	Bronze	12	67	254447.50	21203.96
C04322	Rohan	Bahri	Bronze	8	59	190112.50	23764.06
C04323	Pallavi	Dewan	Silver	10	35	84182.50	8418.25
C04324	Bhavya	Bakshi	Bronze	13	74	243267.50	18712.88
C04325	Mahika	Pillai	Bronze	3	19	88927.50	29642.50
C04326	Lajita	Tailor	Bronze	6	40	127192.50	21198.75
C04327	Kashish	Kanda	Bronze	11	52	161985.00	14725.91
C04328	Pushti	Yadav	Bronze	8	38	140577.50	17572.19
C04329	Amrita	Toor	Silver	8	44	126727.50	15840.94
C04330	Ira	Sanghvi	Bronze	9	43	149355.00	16595.00
C04331	Radha	Ramanathan	Silver	14	71	245215.00	17515.36
C04332	Ayushman	Sharma	Bronze	11	52	126875.00	11534.09
C04333	Aayush	Trivedi	Silver	9	44	121300.00	13477.78
C04334	Tejas	Krishnamurthy	Bronze	7	28	154027.50	22003.93
C04335	Geetika	Wason	Bronze	11	52	194170.00	17651.82
C04336	Dalaja	Nagar	Bronze	13	72	264010.00	20308.46
C04337	Parth	Wali	Gold	10	45	161020.00	16102.00
C04338	Abhiram	Behl	Bronze	13	50	148632.50	11433.27
C04339	Rohan	Bath	Bronze	12	51	163287.50	13607.29
C04340	Vrishti	Dhar	Bronze	9	58	174167.50	19351.94
C04341	Ayush	Bhatnagar	Bronze	12	62	219797.50	18316.46
C04342	Indali	Choudhary	Bronze	11	48	142595.00	12963.18
C04343	Hemal	Bajaj	Silver	13	83	261127.50	20086.73
C04344	Hemal	Karan	Platinum	7	39	114072.50	16296.07
C04345	Alka	Kaul	Bronze	9	52	164175.00	18241.67
C04346	Farhan	Chaudhry	Silver	9	51	154540.00	17171.11
C04347	Ira	Balakrishnan	Bronze	6	22	92127.50	15354.58
C04348	Triveni	Lalla	Silver	14	78	247067.50	17647.68
C04349	Hemangini	Choudhry	Silver	18	76	238047.50	13224.86
C04350	Udant	Wadhwa	Bronze	11	61	184410.00	16764.55
C04351	Hema	Buch	Bronze	11	39	98495.00	8954.09
C04352	Faris	Kata	Silver	10	48	158672.50	15867.25
C04353	Daksha	Padmanabhan	Bronze	11	47	168600.00	15327.27
C04354	Azad	Sahni	Bronze	11	58	195317.50	17756.14
C04355	Hritik	Sagar	Silver	13	59	234067.50	18005.19
C04356	Zashil	Rajan	Silver	10	56	177667.50	17766.75
C04357	Eesha	Soni	Bronze	5	29	97275.00	19455.00
C04358	Harrison	Ghose	Platinum	8	58	176495.00	22061.88
C04359	Jagat	Vaidya	Silver	8	57	164990.00	20623.75
C04360	Daniel	Samra	Gold	7	45	184397.50	26342.50
C04361	Anmol	Keer	Bronze	8	47	187440.00	23430.00
C04362	Deepa	Nayak	Bronze	6	31	98232.50	16372.08
C04363	Omya	Sastry	Bronze	8	38	96592.50	12074.06
C04364	Avni	Karnik	Platinum	5	36	117260.00	23452.00
C04365	Gautam	Manne	Bronze	10	49	159420.00	15942.00
C04366	Xavier	Rattan	Bronze	9	41	102120.00	11346.67
C04367	Parth	Khanna	Gold	18	80	255125.00	14173.61
C04368	Urishilla	Pathak	Bronze	10	50	180975.00	18097.50
C04369	Devansh	Choudhary	Gold	16	76	222582.50	13911.41
C04370	Bhavika	Kuruvilla	Bronze	12	58	205000.00	17083.33
C04371	Samaksh	Mistry	Gold	9	52	200230.00	22247.78
C04372	Frado	Barad	Bronze	7	34	122072.50	17438.93
C04373	Hredhaan	Nagi	Gold	7	34	135897.50	19413.93
C04374	Ishwar	Sibal	Bronze	11	40	114262.50	10387.50
C04375	Siya	Kala	Bronze	6	40	130860.00	21810.00
C04376	Lohit	Chacko	Silver	11	59	186730.00	16975.45
C04377	Nachiket	Dugar	Bronze	9	47	166447.50	18494.17
C04378	Faqid	Nagy	Bronze	12	67	188045.00	15670.42
C04379	Radhika	Sule	Bronze	12	65	264005.00	22000.42
C04380	Yoshita	Seth	Bronze	8	45	132285.00	16535.63
C04381	Brinda	Pal	Bronze	10	55	164220.00	16422.00
C04382	Aachal	Mahal	Bronze	10	51	151980.00	15198.00
C04383	Karan	Purohit	Gold	11	72	262307.50	23846.14
C04384	Dayita	Pal	Silver	8	49	139617.50	17452.19
C04385	Mugdha	Sethi	Bronze	9	44	172962.50	19218.06
C04386	Champak	Magar	Gold	6	24	80415.00	13402.50
C04387	Tripti	Pall	Bronze	12	51	158150.00	13179.17
C04388	Panini	Tiwari	Silver	10	62	230110.00	23011.00
C04389	Kevin	Sekhon	Platinum	9	43	149842.50	16649.17
C04390	Harish	Kohli	Bronze	13	60	221960.00	17073.85
C04391	Harish	Mukherjee	Bronze	6	21	57237.50	9539.58
C04392	Wahab	Wason	Silver	11	59	188562.50	17142.05
C04393	Azad	Hegde	Bronze	17	64	226942.50	13349.56
C04394	Nirja	Kapadia	Bronze	10	61	196000.00	19600.00
C04395	Gabriel	Srinivas	Bronze	12	65	240165.00	20013.75
C04396	Yashvi	Mohan	Bronze	12	71	280042.50	23336.88
C04397	Chakradhar	Basak	Gold	14	78	255217.50	18229.82
C04398	Aarini	Chaudhry	Bronze	11	55	175700.00	15972.73
C04399	Ishaan	Saraf	Bronze	9	47	124412.50	13823.61
C04400	Ekani	Chawla	Gold	4	16	53040.00	13260.00
C04401	Kamya	Buch	Bronze	10	59	189007.50	18900.75
C04402	Daksha	Pathak	Platinum	8	48	187490.00	23436.25
C04403	Lucky	Rana	Gold	11	57	162910.00	14810.00
C04404	Quincy	Setty	Bronze	16	85	255592.50	15974.53
C04405	Reva	Sehgal	Bronze	17	55	159012.50	9353.68
C04406	Lohit	Sandal	Platinum	12	49	196255.00	16354.58
C04407	Krish	Ratti	Gold	16	84	267170.00	16698.13
C04408	Aryan	Pradhan	Silver	9	53	186607.50	20734.17
C04409	Rohan	Vohra	Gold	8	37	107030.00	13378.75
C04410	Logan	Kalla	Silver	9	48	121437.50	13493.06
C04411	Mahika	Raj	Platinum	11	38	113250.00	10295.45
C04412	Tejas	Acharya	Bronze	10	59	180105.00	18010.50
C04413	Gunbir	Misra	Bronze	12	63	215737.50	17978.13
C04414	Chakrika	Vaidya	Bronze	9	28	88050.00	9783.33
C04415	Oviya	Johal	Bronze	14	74	283097.50	20221.25
C04416	Zashil	Rama	Bronze	15	87	284135.00	18942.33
C04417	Yashvi	Subramanian	Silver	14	86	240555.00	17182.50
C04418	Vihaan	Aggarwal	Bronze	6	31	131555.00	21925.83
C04419	Vedant	Ratti	Silver	8	22	72427.50	9053.44
C04420	Pratyush	Dhillon	Silver	10	45	138795.00	13879.50
C04421	Leela	Narayan	Gold	11	61	221577.50	20143.41
C04422	Aishani	Bedi	Silver	10	59	227177.50	22717.75
C04423	Finn	Seth	Silver	10	49	184060.00	18406.00
C04424	Avni	Srinivasan	Bronze	7	30	124367.50	17766.79
C04425	Gagan	Yadav	Gold	14	69	243440.00	17388.57
C04426	Chatresh	Srinivasan	Silver	15	70	204420.00	13628.00
C04427	Zayyan	Sood	Gold	13	71	216135.00	16625.77
C04428	Diya	Edwin	Bronze	8	44	144792.50	18099.06
C04429	Indrajit	Mallick	Silver	12	52	183815.00	15317.92
C04430	Zansi	Chandran	Bronze	9	50	208405.00	23156.11
C04431	Waida	Kakar	Silver	10	56	180472.50	18047.25
C04432	Ryan	Chandra	Silver	10	50	165552.50	16555.25
C04433	Saumya	Gokhale	Bronze	6	35	98845.00	16474.17
C04434	Dalaja	Roy	Bronze	16	71	231862.50	14491.41
C04435	Gaurang	Kakar	Bronze	12	76	249750.00	20812.50
C04436	Champak	Comar	Bronze	11	53	192852.50	17532.05
C04437	Pooja	Tak	Silver	7	26	47197.50	6742.50
C04438	Tristan	Hayer	Silver	7	32	114785.00	16397.86
C04439	Faraj	Singhal	Silver	14	73	226185.00	16156.07
C04440	Dayita	Bhalla	Silver	10	59	167160.00	16716.00
C04441	Ishanvi	Merchant	Silver	9	49	164455.00	18272.78
C04442	Harita	Sama	Bronze	11	55	158080.00	14370.91
C04443	Arya	Kamdar	Bronze	9	45	108055.00	12006.11
C04444	Hitesh	Sarma	Silver	8	60	184202.50	23025.31
C04445	Ekalinga	Kumar	Gold	4	18	52950.00	13237.50
C04446	Qabil	Guha	Bronze	13	78	214922.50	16532.50
C04447	Megha	Kaul	Gold	11	53	136270.00	12388.18
C04448	Zayan	Nadkarni	Bronze	5	23	82945.00	16589.00
C04449	Teerth	Ben	Silver	11	48	136700.00	12427.27
C04450	Mugdha	Verma	Bronze	10	55	159362.50	15936.25
C04451	Damini	Patil	Bronze	10	48	112532.50	11253.25
C04452	Azad	Goda	Bronze	9	33	123180.00	13686.67
C04453	Raghav	Narasimhan	Silver	15	91	306742.50	20449.50
C04454	Devansh	Bhavsar	Platinum	6	31	101145.00	16857.50
C04455	Pushti	Sethi	Gold	8	37	131287.50	16410.94
C04456	Varenya	Kara	Platinum	9	32	80607.50	8956.39
C04457	Onveer	Garde	Silver	12	44	164125.00	13677.08
C04458	Victor	Bhat	Gold	10	52	164652.50	16465.25
C04459	Wahab	Saraf	Gold	10	62	213902.50	21390.25
C04460	Harish	Mukherjee	Silver	17	90	260357.50	15315.15
C04461	Anika	Dugal	Bronze	13	63	193502.50	14884.81
C04462	Jhalak	Amble	Bronze	9	38	145987.50	16220.83
C04463	Gavin	Dalal	Bronze	12	58	217567.50	18130.63
C04464	Anusha	Anand	Gold	7	26	97412.50	13916.07
C04465	Reyansh	Zacharia	Gold	8	43	134737.50	16842.19
C04466	Ekaja	Mukhopadhyay	Silver	7	41	167867.50	23981.07
C04467	Daksh	Trivedi	Silver	11	57	164760.00	14978.18
C04468	Ekavir	Bala	Bronze	9	48	132797.50	14755.28
C04469	Amara	Golla	Silver	9	50	164257.50	18250.83
C04470	Varsha	Raja	Silver	16	68	227137.50	14196.09
C04471	Pallavi	Ghose	Gold	9	45	140650.00	15627.78
C04472	Leela	Chander	Bronze	10	39	129017.50	12901.75
C04473	Amol	Kashyap	Bronze	6	35	121257.50	20209.58
C04474	Aarnav	Radhakrishnan	Gold	11	62	213460.00	19405.45
C04475	Raghav	Madan	Silver	11	50	143755.00	13068.64
C04476	Zansi	Yohannan	Bronze	15	67	196832.50	13122.17
C04477	Urmi	Prabhakar	Bronze	12	51	148475.00	12372.92
C04478	Aachal	Barad	Bronze	8	51	171040.00	21380.00
C04479	Parth	Mane	Silver	10	56	177772.50	17777.25
C04480	Kiaan	Narayan	Bronze	11	43	125010.00	11364.55
C04481	Harini	Bains	Gold	8	40	146230.00	18278.75
C04482	Kashvi	Magar	Bronze	8	45	141257.50	17657.19
C04483	Prisha	Sami	Bronze	9	44	119770.00	13307.78
C04484	Gopal	Singhal	Bronze	7	42	140080.00	20011.43
C04485	Tanvi	Dash	Silver	10	47	151552.50	15155.25
C04486	Harini	Mahal	Bronze	8	54	178792.50	22349.06
C04487	Anvi	Mane	Bronze	7	41	130672.50	18667.50
C04488	Qushi	Sengupta	Bronze	4	24	73995.00	18498.75
C04489	Hredhaan	Shankar	Silver	8	43	150582.50	18822.81
C04490	Advika	Sarraf	Bronze	9	38	123015.00	13668.33
C04491	Abha	Sem	Platinum	9	57	199027.50	22114.17
C04492	Jagrati	Sahota	Bronze	11	59	184867.50	16806.14
C04493	Hamsini	Bose	Gold	15	71	242145.00	16143.00
C04494	Leena	Swamy	Bronze	15	67	244195.00	16279.67
C04495	Bhanumati	Johal	Bronze	11	61	196922.50	17902.05
C04496	Anirudh	Mall	Silver	7	38	129300.00	18471.43
C04497	Veer	Sundaram	Silver	11	62	166765.00	15160.45
C04498	Aishani	Gokhale	Silver	7	41	152057.50	21722.50
C04499	Oliver	Narula	Silver	11	40	146027.50	13275.23
C04500	Kalpit	Narayanan	Gold	4	21	87170.00	21792.50
C04501	Vritti	Sangha	Bronze	12	59	174152.50	14512.71
C04502	Ekbal	Sabharwal	Bronze	3	11	46737.50	15579.17
C04503	Yash	Ray	Silver	15	91	292085.00	19472.33
C04504	Yauvani	Panchal	Silver	9	57	170370.00	18930.00
C04505	Fariq	Dhaliwal	Bronze	6	26	74505.00	12417.50
C04506	Frado	Joshi	Silver	11	47	131607.50	11964.32
C04507	Manan	Suri	Bronze	12	63	187177.50	15598.13
C04508	Vaishnavi	Bava	Silver	14	71	255810.00	18272.14
C04509	Manan	Behl	Bronze	10	57	176110.00	17611.00
C04510	Daksha	Manda	Bronze	10	46	145042.50	14504.25
C04511	Krishna	Konda	Bronze	9	47	186010.00	20667.78
C04512	Matthew	Hayre	Bronze	10	52	168205.00	16820.50
C04513	Oviya	Chakrabarti	Bronze	12	52	146097.50	12174.79
C04514	Jeet	Sekhon	Bronze	14	75	216005.00	15428.93
C04515	Priya	Ghose	Bronze	10	47	117515.00	11751.50
C04516	Manya	Saxena	Platinum	15	82	243125.00	16208.33
C04517	Vrinda	Tandon	Gold	7	49	131160.00	18737.14
C04518	Bhavini	Khatri	Bronze	7	33	82820.00	11831.43
C04519	Irya	Gupta	Bronze	19	89	326032.50	17159.61
C04520	Ayaan	Khatri	Silver	9	37	115930.00	12881.11
C04521	Vaishnavi	Manda	Bronze	13	55	208522.50	16040.19
C04522	Varsha	Sama	Bronze	10	49	191412.50	19141.25
C04523	Sai	Panchal	Bronze	11	48	131235.00	11930.45
C04524	Edhitha	Sinha	Bronze	10	48	208027.50	20802.75
C04525	Dalbir	Bali	Bronze	13	67	227300.00	17484.62
C04526	Kashish	Rao	Silver	9	47	112870.00	12541.11
C04527	Bina	Lall	Silver	17	102	339717.50	19983.38
C04528	Pahal	Pau	Bronze	8	40	113155.00	14144.38
C04529	Kalpit	Sabharwal	Silver	12	65	189820.00	15818.33
C04530	Agastya	Bansal	Gold	7	38	112657.50	16093.93
C04531	Farhan	Boase	Gold	7	37	119375.00	17053.57
C04532	Janaki	Sama	Bronze	14	70	195600.00	13971.43
C04533	Mohini	Murthy	Silver	12	48	194855.00	16237.92
C04534	Eesha	Thakkar	Silver	3	11	28322.50	9440.83
C04535	Pooja	Bose	Platinum	10	50	212780.00	21278.00
C04536	Girik	Uppal	Bronze	10	52	191215.00	19121.50
C04537	Aadi	Mand	Gold	9	54	189350.00	21038.89
C04538	Leela	Din	Gold	8	46	144307.50	18038.44
C04539	Netra	Oza	Bronze	9	47	151390.00	16821.11
C04540	Anya	Gala	Gold	11	58	186380.00	16943.64
C04541	Pranit	Grewal	Bronze	16	85	297090.00	18568.13
C04542	Diya	Mall	Gold	12	55	182175.00	15181.25
C04543	Pahal	Ghosh	Bronze	14	88	267500.00	19107.14
C04544	Isha	Bhavsar	Silver	11	59	178770.00	16251.82
C04545	Krisha	Bali	Silver	11	61	171467.50	15587.95
C04546	Tanay	Chana	Bronze	9	54	160012.50	17779.17
C04547	Advika	Shah	Bronze	6	28	76870.00	12811.67
C04548	Falak	Lala	Bronze	9	40	126902.50	14100.28
C04549	Upkaar	Thaman	Silver	3	15	39315.00	13105.00
C04550	Niharika	Sachdev	Silver	9	43	126862.50	14095.83
C04551	Samar	Chana	Bronze	10	45	150840.00	15084.00
C04552	Raghav	Anand	Gold	11	67	206025.00	18729.55
C04553	Rohan	Loke	Bronze	11	52	183830.00	16711.82
C04554	Ikshita	Kade	Bronze	9	48	189200.00	21022.22
C04555	Falak	Oza	Bronze	7	30	127062.50	18151.79
C04556	Faqid	Garde	Bronze	6	20	52007.50	8667.92
C04557	Indrajit	Puri	Bronze	6	22	69160.00	11526.67
C04558	Pranav	Kale	Bronze	10	35	101322.50	10132.25
C04559	Gavin	Barman	Bronze	10	57	171020.00	17102.00
C04560	Lekha	Gulati	Bronze	8	32	94905.00	11863.13
C04561	Naksh	Chauhan	Bronze	7	27	65192.50	9313.21
C04562	Harsh	Ghose	Silver	9	48	188947.50	20994.17
C04563	Urmi	Hans	Bronze	5	26	83097.50	16619.50
C04564	Neelima	Chakrabarti	Silver	14	68	206552.50	14753.75
C04565	Ishani	Patil	Bronze	6	32	102405.00	17067.50
C04566	Udant	Barad	Bronze	14	83	288270.00	20590.71
C04567	Advaith	Sengupta	Bronze	11	52	162577.50	14779.77
C04568	Harish	Batta	Silver	11	61	224245.00	20385.91
C04569	Chavvi	Munshi	Bronze	17	86	266487.50	15675.74
C04570	Dalaja	Nanda	Bronze	8	58	213797.50	26724.69
C04571	Guneet	Dhaliwal	Silver	12	43	163860.00	13655.00
C04572	Christopher	Saha	Bronze	12	49	137047.50	11420.63
C04573	Oni	Cheema	Silver	7	46	176225.00	25175.00
C04574	Girik	Badal	Platinum	7	41	149865.00	21409.29
C04575	Zashil	Desai	Gold	12	56	172865.00	14405.42
C04576	Yahvi	Dass	Platinum	11	50	150090.00	13644.55
C04577	Neelima	Garde	Silver	8	39	129025.00	16128.13
C04578	Rishi	Madan	Silver	10	30	81567.50	8156.75
C04579	Advay	Pai	Bronze	11	53	166455.00	15132.27
C04580	Kai	Deo	Bronze	8	43	137372.50	17171.56
C04581	Nakul	Dhingra	Bronze	11	66	184420.00	16765.45
C04582	Harinakshi	Tak	Bronze	12	57	202627.50	16885.63
C04583	Ubika	Das	Bronze	7	41	176107.50	25158.21
C04584	Gaurika	Grewal	Silver	16	102	273540.00	17096.25
C04585	Arin	Din	Gold	15	87	267727.50	17848.50
C04586	Caleb	Mani	Silver	4	22	74320.00	18580.00
C04587	Agastya	Sahota	Gold	6	33	74332.50	12388.75
C04588	Mohini	Om	Bronze	11	49	156965.00	14269.55
C04589	Yadavi	Tiwari	Bronze	11	68	231850.00	21077.27
C04590	Balendra	Chandra	Silver	7	48	174697.50	24956.79
C04591	Raagini	Desai	Gold	13	58	143872.50	11067.12
C04592	Yashoda	Uppal	Bronze	6	23	71145.00	11857.50
C04593	Wazir	Borah	Silver	15	87	277502.50	18500.17
C04594	Kabir	Devi	Bronze	8	28	80947.50	10118.44
C04595	Rishi	Raja	Bronze	12	55	173887.50	14490.63
C04596	Aradhana	Sekhon	Bronze	13	67	178662.50	13743.27
C04597	Anay	Johal	Bronze	8	47	166585.00	20823.13
C04598	Ekantika	Korpal	Bronze	8	43	140417.50	17552.19
C04599	Jairaj	Lad	Bronze	5	24	80160.00	16032.00
C04600	Darika	Sastry	Silver	12	45	148992.50	12416.04
C04601	Nilima	Som	Bronze	11	58	221202.50	20109.32
C04602	Timothy	Date	Bronze	17	89	261537.50	15384.56
C04603	Aadhya	Uppal	Bronze	5	26	82952.50	16590.50
C04604	Garima	Rai	Silver	8	32	111985.00	13998.13
C04605	Quincy	Dutt	Platinum	7	30	91912.50	13130.36
C04606	Tejas	Dube	Bronze	13	63	183817.50	14139.81
C04607	Rajeshri	Uppal	Bronze	10	43	147632.50	14763.25
C04608	Pahal	Sundaram	Platinum	6	24	92037.50	15339.58
C04609	Mohini	Mallick	Bronze	10	52	173845.00	17384.50
C04610	Avni	Nanda	Bronze	9	61	160332.50	17814.72
C04611	Vihaan	Parikh	Gold	9	49	155697.50	17299.72
C04612	Hemangini	Narayan	Bronze	9	36	135277.50	15030.83
C04613	Tanvi	Malhotra	Bronze	13	82	233697.50	17976.73
C04614	Libni	Dugar	Bronze	15	87	276525.00	18435.00
C04615	Jacob	Tailor	Bronze	11	58	150120.00	13647.27
C04616	Amrita	Ray	Silver	12	59	206577.50	17214.79
C04617	Rajata	Mukhopadhyay	Platinum	5	35	90555.00	18111.00
C04618	Prisha	Khanna	Bronze	12	66	204680.00	17056.67
C04619	Yamini	Gour	Bronze	10	58	189687.50	18968.75
C04620	Baljiwan	Chada	Silver	7	30	113322.50	16188.93
C04621	Maanav	Date	Bronze	13	82	249725.00	19209.62
C04622	Varsha	Raj	Bronze	9	32	95560.00	10617.78
C04623	Zinal	Kumar	Silver	8	28	69640.00	8705.00
C04624	Yashawini	Bandi	Silver	10	61	196997.50	19699.75
C04625	Abdul	Bora	Bronze	13	75	221200.00	17015.38
C04626	Mohini	Ratta	Silver	9	53	123720.00	13746.67
C04627	Advika	Mahajan	Platinum	8	47	113055.00	14131.88
C04628	Mitesh	Ramaswamy	Bronze	13	73	270885.00	20837.31
C04629	Neha	Devi	Platinum	5	41	126457.50	25291.50
C04630	Gaurangi	Jhaveri	Gold	6	29	87790.00	14631.67
C04631	Dev	Chhabra	Gold	14	78	204507.50	14607.68
C04632	Mitesh	Thaker	Gold	14	70	243957.50	17425.54
C04633	Ekani	Kalla	Silver	9	53	165627.50	18403.06
C04634	Harini	Nagarajan	Silver	14	56	173462.50	12390.18
C04635	Qabil	Saha	Bronze	14	80	268422.50	19173.04
C04636	Vanya	Vala	Silver	9	48	116017.50	12890.83
C04637	Anthony	Srivastava	Gold	9	50	146097.50	16233.06
C04638	Yamini	Bhattacharyya	Bronze	9	43	156145.00	17349.44
C04639	Ekapad	Dua	Bronze	6	38	87082.50	14513.75
C04640	Noah	Nori	Gold	10	54	219505.00	21950.50
C04641	Pranav	Venkatesh	Bronze	11	50	177690.00	16153.64
C04642	Vamakshi	Magar	Silver	9	39	136572.50	15174.72
C04643	Ladli	Nagar	Bronze	8	39	115362.50	14420.31
C04644	Eshana	Mitter	Silver	6	32	88265.00	14710.83
C04645	Urishilla	Tailor	Bronze	14	65	196970.00	14069.29
C04646	Owen	Dhaliwal	Silver	13	70	224855.00	17296.54
C04647	Nidhi	Khosla	Bronze	11	62	200582.50	18234.77
C04648	Ubika	Shukla	Gold	6	33	74582.50	12430.42
C04649	Jatin	Nath	Bronze	14	63	179357.50	12811.25
C04650	Adya	Khosla	Bronze	9	38	132667.50	14740.83
C04651	Oscar	Pandey	Silver	8	50	151322.50	18915.31
C04652	Aachal	Chawla	Gold	11	71	222102.50	20191.14
C04653	Vinaya	More	Platinum	10	52	154250.00	15425.00
C04654	Kavya	Sibal	Gold	17	80	250487.50	14734.56
C04655	Maanav	Yadav	Platinum	9	59	210687.50	23409.72
C04656	Hemangini	Sunder	Bronze	7	41	129080.00	18440.00
C04657	Nilima	Rau	Bronze	18	93	258310.00	14350.56
C04658	Jacob	Hari	Gold	8	35	124450.00	15556.25
C04659	Chasmum	Sawhney	Bronze	7	40	149550.00	21364.29
C04660	Harsh	Krishnamurthy	Platinum	11	52	199450.00	18131.82
C04661	Gopal	Kumar	Bronze	12	56	166910.00	13909.17
C04662	Yatan	Mannan	Bronze	13	66	192387.50	14799.04
C04663	Harini	Barman	Bronze	9	35	110270.00	12252.22
C04664	Neha	Bansal	Bronze	6	18	48255.00	8042.50
C04665	Lipika	Chaudhuri	Platinum	11	57	235617.50	21419.77
C04666	Azaan	Baral	Bronze	12	61	176497.50	14708.13
C04667	Triveni	Madan	Silver	8	41	115480.00	14435.00
C04668	Pranav	Wadhwa	Bronze	6	22	63120.00	10520.00
C04669	Nachiket	Choudhary	Platinum	9	47	142907.50	15878.61
C04670	Sai	Ratti	Silver	9	59	190312.50	21145.83
C04671	Vidhi	Khatri	Gold	4	23	63635.00	15908.75
C04672	Chakradev	Suresh	Gold	6	30	142325.00	23720.83
C04673	Tanish	Madan	Bronze	7	28	104735.00	14962.14
C04674	Hredhaan	Hari	Platinum	11	73	220635.00	20057.73
C04675	Champak	Sidhu	Bronze	11	42	139402.50	12672.95
C04676	Utkarsh	Sankaran	Silver	16	82	277380.00	17336.25
C04677	Odika	Sathe	Bronze	9	37	115607.50	12845.28
C04678	Rohan	Apte	Gold	10	47	158737.50	15873.75
C04679	Rajeshri	Patla	Gold	14	58	194572.50	13898.04
C04680	Owen	Oommen	Silver	20	115	455910.00	22795.50
C04681	Urishilla	Lalla	Silver	10	47	169975.00	16997.50
C04682	Madhavi	Sanghvi	Bronze	12	34	115497.50	9624.79
C04683	Kabir	Hayre	Gold	5	13	35945.00	7189.00
C04684	Ojas	Naidu	Bronze	8	47	141632.50	17704.06
C04685	Vrinda	Din	Gold	15	66	267312.50	17820.83
C04686	Aishani	Mahajan	Silver	6	38	118567.50	19761.25
C04687	Pratyush	Prasad	Gold	7	35	99700.00	14242.86
C04688	Gunbir	Walia	Bronze	13	65	257975.00	19844.23
C04689	Raghav	Vaidya	Silver	8	30	94035.00	11754.38
C04690	Samuel	Zacharia	Bronze	7	24	72047.50	10292.50
C04691	Pushti	Varghese	Bronze	14	69	206630.00	14759.29
C04692	Faris	Lad	Silver	11	60	184857.50	16805.23
C04693	Falan	Lal	Bronze	12	74	227645.00	18970.42
C04694	Amara	Bhasin	Gold	12	38	96130.00	8010.83
C04695	Omkaar	Johal	Silver	12	67	238092.50	19841.04
C04696	Yashoda	Subramaniam	Bronze	12	60	199515.00	16626.25
C04697	Chakradhar	Anne	Bronze	11	61	182300.00	16572.73
C04698	Warjas	Shroff	Bronze	10	64	207915.00	20791.50
C04699	Kashvi	Agate	Bronze	7	42	166075.00	23725.00
C04700	Dominic	Saha	Bronze	12	64	232105.00	19342.08
C04701	Benjamin	Manda	Bronze	7	26	62262.50	8894.64
C04702	Harshil	Thaker	Bronze	18	101	373835.00	20768.61
C04703	Neel	Ram	Bronze	10	51	127895.00	12789.50
C04704	Pushti	Sibal	Gold	10	52	212902.50	21290.25
C04705	Nandini	Bansal	Silver	9	42	115212.50	12801.39
C04706	Zashil	Bali	Bronze	14	74	280422.50	20030.18
C04707	Kalpit	Nayar	Bronze	11	37	112730.00	10248.18
C04708	Ekapad	Prakash	Bronze	13	86	316140.00	24318.46
C04709	Lucky	Raman	Bronze	6	27	64197.50	10699.58
C04710	Parth	Dalal	Bronze	13	68	204107.50	15700.58
C04711	Mitali	Devi	Gold	10	49	140817.50	14081.75
C04712	Owen	Chowdhury	Silver	10	35	138820.00	13882.00
C04713	Yashvi	Shah	Silver	14	81	271757.50	19411.25
C04714	Vincent	Issac	Silver	6	35	165557.50	27592.92
C04715	Fitan	Agrawal	Bronze	9	51	145967.50	16218.61
C04716	Eta	Chad	Bronze	13	57	182560.00	14043.08
C04717	Krishna	Kalla	Bronze	7	43	122395.00	17485.00
C04718	Finn	Modi	Silver	3	15	44845.00	14948.33
C04719	Yash	Gulati	Bronze	7	35	68052.50	9721.79
C04720	Vasatika	Arora	Silver	14	64	242007.50	17286.25
C04721	Waida	Tailor	Silver	12	75	236670.00	19722.50
C04722	Bachittar	Pai	Gold	8	38	113642.50	14205.31
C04723	Chavvi	Borah	Bronze	7	46	174150.00	24878.57
C04724	Forum	Chander	Gold	11	37	93785.00	8525.91
C04725	Ekani	Joshi	Silver	4	11	40762.50	10190.63
C04726	Aashi	D’Alia	Bronze	8	40	115702.50	14462.81
C04727	Rajata	Bhat	Bronze	7	28	79905.00	11415.00
C04728	Dayita	Nair	Silver	8	31	80910.00	10113.75
C04729	Urmi	Khalsa	Bronze	10	46	146912.50	14691.25
C04730	Aishani	Salvi	Bronze	9	57	188260.00	20917.78
C04731	Aishani	Oak	Silver	9	42	116697.50	12966.39
C04732	Avni	Walla	Gold	17	81	265185.00	15599.12
C04733	Teerth	Dada	Silver	6	20	70420.00	11736.67
C04734	Harita	Mann	Bronze	6	22	97667.50	16277.92
C04735	Jagvi	Mistry	Bronze	12	68	227047.50	18920.63
C04736	Hritik	Behl	Bronze	6	16	59230.00	9871.67
C04737	Shivani	Pathak	Bronze	11	61	184962.50	16814.77
C04738	Mason	Vala	Platinum	10	48	166137.50	16613.75
C04739	Shivansh	Minhas	Gold	12	59	167845.00	13987.08
C04740	Advaith	Tripathi	Bronze	13	65	236175.00	18167.31
C04741	Omaja	Apte	Bronze	20	97	308342.50	15417.13
C04742	Qabil	Reddy	Bronze	12	66	223440.00	18620.00
C04743	Nimrat	Soni	Bronze	11	59	235305.00	21391.36
C04744	Reva	Prasad	Bronze	9	53	162767.50	18085.28
C04745	Samesh	Ray	Bronze	2	14	47880.00	23940.00
C04746	Upadhriti	Gour	Silver	12	56	175810.00	14650.83
C04747	Christopher	Sarma	Silver	11	54	136862.50	12442.05
C04748	Oni	Gera	Gold	11	52	175820.00	15983.64
C04749	Oliver	Mani	Bronze	8	36	116755.00	14594.38
C04750	Wyatt	Ben	Platinum	9	50	207890.00	23098.89
C04751	Ati	Raghavan	Bronze	8	35	123875.00	15484.38
C04752	Aarna	Karan	Bronze	13	68	205095.00	15776.54
C04753	Kalpit	Halder	Bronze	13	72	226830.00	17448.46
C04754	Logan	Mody	Silver	12	40	109880.00	9156.67
C04755	Xavier	Subramaniam	Bronze	11	47	137152.50	12468.41
C04756	Zehaan	Wali	Bronze	12	69	246930.00	20577.50
C04757	Yatan	Chhabra	Gold	6	32	125617.50	20936.25
C04758	Ojas	Pathak	Gold	9	49	198760.00	22084.44
C04759	Ekiya	Kota	Bronze	8	28	116780.00	14597.50
C04760	Kevin	Patla	Silver	6	26	83282.50	13880.42
C04761	Sanya	Ranganathan	Bronze	9	39	109692.50	12188.06
C04762	Kalpit	Ganguly	Silver	9	49	124530.00	13836.67
C04763	Bakhshi	Chander	Gold	4	21	74177.50	18544.38
C04764	Karan	Zacharia	Silver	5	16	66747.50	13349.50
C04765	Nathaniel	Venkataraman	Bronze	9	43	159692.50	17743.61
C04766	Faraj	Krishnamurthy	Gold	11	60	218457.50	19859.77
C04767	Oscar	Chowdhury	Bronze	10	34	119492.50	11949.25
C04768	Ishwar	Sane	Gold	8	47	132157.50	16519.69
C04769	Yashawini	Ahuja	Bronze	11	66	268625.00	24420.45
C04770	Farhan	Barman	Silver	9	51	174930.00	19436.67
C04771	Fariq	Doctor	Bronze	11	57	183457.50	16677.95
C04772	Aarush	Butala	Silver	9	48	199665.00	22185.00
C04773	Anita	Bhavsar	Bronze	10	55	192997.50	19299.75
C04774	Laksh	Bir	Gold	18	88	330862.50	18381.25
C04775	Karan	Shukla	Silver	7	29	87720.00	12531.43
C04776	Nidra	Sem	Gold	14	73	202480.00	14462.86
C04777	Mitali	Bhakta	Silver	6	44	172530.00	28755.00
C04778	Brinda	Gulati	Bronze	11	58	203192.50	18472.05
C04779	Wakeeta	Dhar	Platinum	9	45	178487.50	19831.94
C04780	Advaith	Sandhu	Silver	9	50	193815.00	21535.00
C04781	Sanaya	Dube	Gold	12	65	174850.00	14570.83
C04782	Faqid	Loyal	Bronze	10	51	186065.00	18606.50
C04783	Triveni	Amble	Bronze	11	47	182235.00	16566.82
C04784	Hredhaan	Sankaran	Bronze	8	45	155612.50	19451.56
C04785	Ayaan	Dayal	Bronze	7	52	136045.00	19435.00
C04786	Jagdish	Dubey	Bronze	14	52	139810.00	9986.43
C04787	Manthan	Sengupta	Gold	10	59	193537.50	19353.75
C04788	Harini	Tiwari	Silver	9	44	132497.50	14721.94
C04789	Kamya	Naidu	Bronze	11	57	202600.00	18418.18
C04790	Sachi	Chacko	Silver	9	46	154345.00	17149.44
C04791	Tripti	Mittal	Bronze	7	27	110962.50	15851.79
C04792	Unni	Khanna	Gold	11	56	213122.50	19374.77
C04793	Hiral	Buch	Bronze	9	57	182057.50	20228.61
C04794	Upma	Sengupta	Bronze	9	45	202852.50	22539.17
C04795	Onveer	Kuruvilla	Silver	14	68	195072.50	13933.75
C04796	Hema	Modi	Silver	7	39	116042.50	16577.50
C04797	Krisha	Pathak	Bronze	8	41	125702.50	15712.81
C04798	Damyanti	Kapoor	Bronze	7	21	130895.00	18699.29
C04799	Anamika	Walla	Gold	7	29	92960.00	13280.00
C04800	Urishilla	Sahota	Bronze	8	44	111255.00	13906.88
C04801	Bhavini	Andra	Silver	12	75	251060.00	20921.67
C04802	Vedant	Sridhar	Bronze	9	35	87667.50	9740.83
C04803	Nidra	Raja	Bronze	9	55	174467.50	19385.28
C04804	Mitesh	Bali	Silver	13	71	199365.00	15335.77
C04805	Frado	Loyal	Bronze	7	36	145527.50	20789.64
C04806	Unnati	Khurana	Bronze	6	24	69342.50	11557.08
C04807	Qabil	Randhawa	Bronze	13	67	200392.50	15414.81
C04808	Oviya	Arya	Bronze	8	40	119930.00	14991.25
C04809	Udant	Kalla	Gold	8	54	160127.50	20015.94
C04810	Nakul	Yohannan	Bronze	6	40	106077.50	17679.58
C04811	Ojasvi	Srivastava	Bronze	14	76	206537.50	14752.68
C04812	Anmol	Ganguly	Bronze	6	39	103645.00	17274.17
C04813	Charvi	Shroff	Bronze	7	34	109840.00	15691.43
C04814	Brijesh	Jain	Bronze	8	41	134035.00	16754.38
C04815	Christopher	Sankaran	Bronze	5	27	89205.00	17841.00
C04816	Devika	Mitra	Silver	9	44	147507.50	16389.72
C04817	Zaid	Nair	Gold	11	53	119525.00	10865.91
C04818	Yuvraj	Dash	Silver	8	51	108092.50	13511.56
C04819	Darsh	Sant	Silver	9	50	157125.00	17458.33
C04820	Umang	Hegde	Bronze	16	71	225550.00	14096.88
C04821	Anirudh	Malhotra	Silver	11	29	88215.00	8019.55
C04822	Idika	Ghosh	Silver	10	54	196682.50	19668.25
C04823	Rudra	Kothari	Bronze	11	52	220242.50	20022.05
C04824	Vasana	Kaul	Silver	11	52	169797.50	15436.14
C04825	Pratyush	Karpe	Gold	13	62	193582.50	14890.96
C04826	Michael	Memon	Bronze	7	23	114110.00	16301.43
C04827	Kavya	Halder	Gold	15	57	193707.50	12913.83
C04828	Victor	Palan	Bronze	4	24	68735.00	17183.75
C04829	Chanakya	Dass	Bronze	8	33	71445.00	8930.63
C04830	Ayush	Sura	Bronze	16	77	236752.50	14797.03
C04831	Wishi	Bhagat	Gold	19	91	275897.50	14520.92
C04832	Chandani	Om	Gold	11	60	208685.00	18971.36
C04833	Naksh	Prabhu	Silver	14	51	150095.00	10721.07
C04834	Yashvi	Banik	Silver	11	51	161027.50	14638.86
C04835	Gavin	Krish	Bronze	10	47	141582.50	14158.25
C04836	Dayita	Kumar	Bronze	10	43	135722.50	13572.25
C04837	Widisha	Murthy	Bronze	9	42	156175.00	17352.78
C04838	Vihaan	Ghose	Silver	11	57	167547.50	15231.59
C04839	Anay	Sani	Gold	3	24	75057.50	25019.17
C04840	Janya	Sankaran	Bronze	9	46	132517.50	14724.17
C04841	Aadi	Shanker	Silver	11	53	179595.00	16326.82
C04842	Bimala	Dube	Bronze	10	47	156797.50	15679.75
C04843	Jagrati	Salvi	Bronze	7	42	170347.50	24335.36
C04844	Ranveer	Kale	Bronze	6	28	70507.50	11751.25
C04845	Baljiwan	Chopra	Bronze	10	48	125470.00	12547.00
C04846	Gopal	Bedi	Bronze	7	34	79327.50	11332.50
C04847	Xiti	Chaudhari	Bronze	7	31	101922.50	14560.36
C04848	Ishwar	Raju	Silver	9	31	112827.50	12536.39
C04849	Urvashi	Wason	Silver	11	47	153690.00	13971.82
C04850	Chakradev	Palla	Bronze	11	62	195215.00	17746.82
C04851	Naveen	Rai	Bronze	8	30	104010.00	13001.25
C04852	Advik	Srinivas	Bronze	12	66	226810.00	18900.83
C04853	Isaac	Mannan	Bronze	8	34	114022.50	14252.81
C04854	Tara	Kade	Bronze	10	57	168422.50	16842.25
C04855	Zaitra	Kapoor	Silver	17	76	219750.00	12926.47
C04856	Mugdha	Sawhney	Silver	15	95	301897.50	20126.50
C04857	Samarth	Sabharwal	Bronze	6	21	50050.00	8341.67
C04858	Vasana	Lall	Silver	4	22	75257.50	18814.38
C04859	Yutika	Sahni	Silver	12	82	311532.50	25961.04
C04860	Geetika	Swamy	Silver	11	47	166430.00	15130.00
C04861	Irya	Sankar	Silver	9	48	148340.00	16482.22
C04862	Sarthak	Mitter	Bronze	7	31	104565.00	14937.86
C04863	Reva	Kadakia	Bronze	4	24	74077.50	18519.38
C04864	Ikshita	Wadhwa	Silver	10	55	161545.00	16154.50
C04865	Upasna	Sood	Bronze	11	66	222572.50	20233.86
C04866	Ryan	Chaudhary	Bronze	10	50	201860.00	20186.00
C04867	Vasana	Chokshi	Silver	7	32	101970.00	14567.14
C04868	Barkha	Srivastava	Bronze	14	55	220000.00	15714.29
C04869	Adweta	Bhandari	Bronze	19	77	194092.50	10215.39
C04870	Ekani	Bajwa	Bronze	14	70	208860.00	14918.57
C04871	Azad	Tripathi	Silver	9	46	139725.00	15525.00
C04872	Tara	Khalsa	Silver	9	36	138910.00	15434.44
C04873	Gunbir	Ramanathan	Silver	8	32	120447.50	15055.94
C04874	Yuvraj	Vora	Silver	14	69	195872.50	13990.89
C04875	Fariq	Manne	Bronze	11	54	161157.50	14650.68
C04876	Damyanti	Kara	Bronze	10	63	254162.50	25416.25
C04877	Raksha	Sachar	Gold	11	50	156445.00	14222.27
C04878	Yauvani	Taneja	Silver	13	63	205105.00	15777.31
C04879	Krishna	Dugar	Silver	10	46	130790.00	13079.00
C04880	Falak	Raval	Bronze	8	36	105122.50	13140.31
C04881	Zaid	Barad	Bronze	10	51	175420.00	17542.00
C04882	Kashish	Raja	Bronze	8	45	140842.50	17605.31
C04883	Jagvi	Brar	Silver	14	67	206725.00	14766.07
C04884	Harsh	Varty	Silver	14	75	304115.00	21722.50
C04885	Ekaraj	Sachar	Silver	12	52	184512.50	15376.04
C04886	Ishwar	Gole	Bronze	5	31	130032.50	26006.50
C04887	Chaaya	Majumdar	Bronze	9	41	139572.50	15508.06
C04888	Lakshmi	Hari	Gold	7	41	130380.00	18625.71
C04889	Urvi	Raman	Bronze	7	29	106637.50	15233.93
C04890	Alexander	Dhillon	Bronze	7	26	97097.50	13871.07
C04891	Maya	Halder	Bronze	7	37	112350.00	16050.00
C04892	Turvi	Bose	Bronze	8	50	106257.50	13282.19
C04893	Imaran	Walia	Bronze	10	61	239562.50	23956.25
C04894	Lajita	Dara	Bronze	12	54	142302.50	11858.54
C04895	Nilima	Ahuja	Silver	5	25	71685.00	14337.00
C04896	Suhani	Chanda	Silver	12	56	187547.50	15628.96
C04897	Divya	Radhakrishnan	Bronze	4	20	85855.00	21463.75
C04898	Siddharth	Mann	Platinum	9	32	106110.00	11790.00
C04899	Farhan	Mand	Silver	10	51	178310.00	17831.00
C04900	Hemang	Choudhry	Silver	19	101	308887.50	16257.24
C04901	Frederick	Kata	Bronze	5	23	85905.00	17181.00
C04902	Aarnav	Mukherjee	Bronze	10	49	187247.50	18724.75
C04903	Oeshi	Agarwal	Gold	14	65	199747.50	14267.68
C04904	Chaman	Thakur	Bronze	11	42	157930.00	14357.27
C04905	Anthony	Hora	Silver	5	20	59415.00	11883.00
C04906	Anita	Murty	Gold	8	34	106022.50	13252.81
C04907	Tanvi	Narang	Silver	10	55	213765.00	21376.50
C04908	Suhani	Loyal	Bronze	18	89	285837.50	15879.86
C04909	Alka	Kuruvilla	Bronze	10	58	257090.00	25709.00
C04910	Yatin	Chhabra	Silver	10	64	221977.50	22197.75
C04911	Quincy	Ravel	Bronze	16	86	316367.50	19772.97
C04912	Udarsh	Ganesh	Bronze	10	52	114332.50	11433.25
C04913	Dhruv	Bath	Platinum	6	26	76735.00	12789.17
C04914	Balhaar	Bumb	Bronze	12	79	229940.00	19161.67
C04915	Gaurangi	Merchant	Bronze	14	73	220007.50	15714.82
C04916	Upkaar	Randhawa	Silver	14	64	185805.00	13271.79
C04917	Darsh	Mand	Bronze	11	44	157662.50	14332.95
C04918	Ucchal	Mital	Bronze	9	44	162640.00	18071.11
C04919	Yashoda	Krishnan	Bronze	7	44	187725.00	26817.86
C04920	Yatin	Ravi	Bronze	13	55	149495.00	11499.62
C04921	Upadhriti	Agrawal	Bronze	11	54	161330.00	14666.36
C04922	Vasana	Munshi	Bronze	3	20	61187.50	20395.83
C04923	Harshil	Choudhry	Silver	10	53	179937.50	17993.75
C04924	Pallavi	Ben	Silver	10	45	144985.00	14498.50
C04925	Girik	Loyal	Bronze	11	53	214692.50	19517.50
C04926	Pallavi	Sem	Silver	5	19	73752.50	14750.50
C04927	Zilmil	Mitter	Gold	9	43	131630.00	14625.56
C04928	Veer	Chopra	Bronze	7	35	126215.00	18030.71
C04929	Vivaan	Parsa	Gold	8	41	149975.00	18746.88
C04930	Pranit	Rajagopalan	Silver	9	42	117585.00	13065.00
C04931	Libni	Choudhury	Bronze	18	78	236227.50	13123.75
C04932	Suhani	Kalita	Bronze	10	55	204565.00	20456.50
C04933	Warhi	Doshi	Silver	6	38	118427.50	19737.92
C04934	Forum	Kohli	Bronze	6	24	85940.00	14323.33
C04935	Sudiksha	Chanda	Platinum	7	35	80337.50	11476.79
C04936	Sai	Dash	Bronze	11	71	234277.50	21297.95
C04937	Qushi	Ahuja	Bronze	9	41	133405.00	14822.78
C04938	Veer	Nagarajan	Silver	13	75	273510.00	21039.23
C04939	Jairaj	Rama	Bronze	9	38	126600.00	14066.67
C04940	Raghav	Prabhakar	Bronze	14	79	249522.50	17823.04
C04941	Sara	Aurora	Silver	8	40	117635.00	14704.38
C04942	Vedika	Ahluwalia	Silver	12	61	209807.50	17483.96
C04943	Kevin	Soman	Silver	4	25	88562.50	22140.63
C04944	Matthew	Pathak	Silver	11	48	150490.00	13680.91
C04945	Arjun	Ghose	Silver	11	57	178200.00	16200.00
C04946	Faris	Choudhry	Bronze	13	71	227380.00	17490.77
C04947	Ethan	Sagar	Bronze	6	34	125640.00	20940.00
C04948	Aarna	Krishnan	Bronze	7	29	95020.00	13574.29
C04949	Aarav	Batta	Silver	5	26	89827.50	17965.50
C04950	Keya	Behl	Bronze	6	34	103715.00	17285.83
C04951	Tejas	Borah	Bronze	8	54	144870.00	18108.75
C04952	Jeet	Tak	Bronze	8	57	164675.00	20584.38
C04953	Janani	Nadig	Bronze	9	50	167710.00	18634.44
C04954	Jonathan	Bora	Silver	10	47	152360.00	15236.00
C04955	Tanay	Bumb	Bronze	11	62	205287.50	18662.50
C04956	Leena	Bhatnagar	Bronze	17	74	244677.50	14392.79
C04957	Odika	Lala	Gold	13	67	193867.50	14912.88
C04958	Yashawini	Gulati	Silver	14	89	309680.00	22120.00
C04959	Anusha	Aurora	Gold	11	72	284257.50	25841.59
C04960	Ekansh	Kari	Silver	10	60	209502.50	20950.25
C04961	Manthan	Ratti	Gold	10	63	206420.00	20642.00
C04962	Wridesh	Shenoy	Gold	6	32	95720.00	15953.33
C04963	Qasim	Sachdeva	Silver	11	56	216642.50	19694.77
C04964	Yuvraj	Sanghvi	Gold	9	45	114672.50	12741.39
C04965	Falan	More	Silver	8	40	113647.50	14205.94
C04966	Aarini	Bajwa	Bronze	12	52	191955.00	15996.25
C04967	Frederick	Nath	Gold	8	37	124960.00	15620.00
C04968	Lipika	Ganesan	Bronze	11	57	164965.00	14996.82
C04969	Charles	Garg	Silver	8	41	135317.50	16914.69
C04970	Amaira	Ramakrishnan	Gold	8	44	185045.00	23130.63
C04971	Nitara	Gokhale	Bronze	7	36	103307.50	14758.21
C04972	Tarak	Dhingra	Bronze	16	76	217237.50	13577.34
C04973	Elijah	Wason	Gold	8	41	145532.50	18191.56
C04974	Vrishti	Sidhu	Bronze	9	50	188017.50	20890.83
C04975	Jagrati	Suresh	Bronze	10	66	231292.50	23129.25
C04976	Madhav	Kumar	Bronze	9	51	202622.50	22513.61
C04977	Ethan	Bhatt	Gold	20	93	295275.00	14763.75
C04978	Advik	Kamdar	Platinum	9	56	185302.50	20589.17
C04979	Ubika	Sankar	Bronze	1	3	11660.00	11660.00
C04980	Bishakha	Dyal	Bronze	12	58	156420.00	13035.00
C04981	Brijesh	Pathak	Silver	12	57	182047.50	15170.63
C04982	Yashoda	Dhingra	Silver	6	35	124285.00	20714.17
C04983	Unnati	Kapoor	Bronze	8	34	100197.50	12524.69
C04984	Samaksh	Chacko	Bronze	7	27	107165.00	15309.29
C04985	Prisha	Pandit	Silver	4	24	68027.50	17006.88
C04986	Urmi	Deol	Gold	15	65	200852.50	13390.17
C04987	Chakrika	Devi	Bronze	10	46	169235.00	16923.50
C04988	Rajeshri	Dyal	Bronze	10	54	163972.50	16397.25
C04989	Meghana	Narain	Gold	11	55	184840.00	16803.64
C04990	Garima	Chand	Gold	8	37	122652.50	15331.56
C04991	Bachittar	Varghese	Bronze	15	63	179140.00	11942.67
C04992	Kabir	Dave	Gold	11	68	230512.50	20955.68
C04993	Champak	Arya	Silver	16	101	339562.50	21222.66
C04994	Krish	Dayal	Bronze	16	83	238802.50	14925.16
C04995	Vihaan	Agate	Bronze	9	34	80775.00	8975.00
C04996	Anvi	Hora	Platinum	6	31	90207.50	15034.58
C04997	Ishwar	Saran	Platinum	7	31	83552.50	11936.07
C04998	Meghana	Kant	Platinum	7	24	99542.50	14220.36
C04999	Lekha	Sinha	Gold	9	51	187347.50	20816.39
C05000	Aachal	Prakash	Gold	9	39	123217.50	13690.83
