customer_id,first_name,last_name,email,city,state,age,gender,signup_date,loyalty_tier
C00001,Isaac,Bakshi,yash32@example.net,New Delhi,Delhi,35,Female,2026-05-28,Bronze
C00002,Harsh,Chahal,bbalay@example.org,Pune,Maharashtra,23,Female,2023-06-28,Bronze
C00003,Tejas,Kaul,issaconi@example.org,Pune,Maharashtra,50,Female,2025-03-29,Silver
C00004,Saumya,Mall,duttapahal@example.com,New Delhi,Delhi,52,Female,2022-08-12,Bronze
C00005,Arunima,Dugal,gayathrichaudry@example.org,Mumbai,Maharashtra,28,Female,2026-07-05,Bronze
C00006,Lajita,Chatterjee,hemangini94@example.org,Pune,Maharashtra,24,Female,2024-08-28,Bronze
C00007,Tripti,Yadav,radhakrishnanfarhan@example.net,Chennai,Tamil Nadu,34,Male,2023-02-28,Silver
C00008,Chaaya,Pathak,ekarajbath@example.net,Bengaluru,Karnataka,23,Female,2024-06-03,Gold
C00009,Vedant,Mann,kaulharrison@example.com,Bengaluru,Karnataka,54,Female,2024-07-08,Bronze
C00010,Arunima,Setty,nicholas55@example.org,New Delhi,Delhi,23,Male,2024-12-03,Gold
C00011,Amara,Bora,yashgade@example.com,Mumbai,Maharashtra,58,Male,2024-01-02,Bronze
C00012,Ladli,Madan,ektabhalla@example.org,Mumbai,Maharashtra,35,Female,2022-10-15,Silver
C00013,Azad,Mutti,eloyal@example.org,Pune,Maharashtra,28,Female,2022-12-26,Bronze
C00014,Divya,Kala,prandhawa@example.com,Bengaluru,Karnataka,58,Female,2025-01-12,Bronze
C00015,Luke,Lanka,yatinyohannan@example.com,Mumbai,Maharashtra,32,Male,2026-03-26,Gold
C00016,Priya,Rastogi,theodore28@example.com,Mumbai,Maharashtra,31,Male,2026-03-05,Silver
C00017,Gavin,Batta,duanathaniel@example.net,New Delhi,Delhi,59,Female,2025-05-09,Gold
C00018,Pahal,Bhatt,mraj@example.com,New Delhi,Delhi,34,Female,2025-09-29,Silver
C00019,Zayan,Apte,yadavamara@example.net,Bengaluru,Karnataka,45,Male,2023-04-08,Bronze
C00020,Harini,Choudhury,radhika27@example.org,Pune,Maharashtra,50,Female,2025-10-08,Silver
C00021,Adya,Tella,yashicacherian@example.net,Chennai,Tamil Nadu,58,Female,2025-09-08,Silver
C00022,Chanchal,Tripathi,michaelprakash@example.org,Bengaluru,Karnataka,42,Female,2024-05-21,Bronze
C00023,Aadi,Naik,hbahl@example.com,Mumbai,Maharashtra,18,Female,2023-06-11,Bronze
C00024,Damyanti,Khatri,khoslafarhan@example.org,Chennai,Tamil Nadu,59,Female,2025-01-18,Bronze
C00025,Vedika,Biswas,kabirsoman@example.net,Pune,Maharashtra,34,Other,2026-07-12,Silver
C00026,Noah,Lanka,ikakar@example.net,Bengaluru,Karnataka,58,Female,2025-12-13,Silver
C00027,Sai,Muni,cprakash@example.net,Bengaluru,Karnataka,41,Male,2025-09-08,Silver
C00028,Siya,Dara,umangbhatt@example.com,Hyderabad,Telangana,18,Female,2023-07-28,Bronze
C00029,Ansh,Karpe,abhimanyubobal@example.net,Pune,Maharashtra,37,Female,2024-07-05,Bronze
C00030,Daniel,Karnik,balayganga@example.org,Bengaluru,Karnataka,23,Male,2026-02-07,Gold
C00031,Yoshita,Khanna,vedika38@example.org,Gurugram,Haryana,26,Female,2023-07-24,Bronze
C00032,Urvashi,Kibe,mray@example.org,Bengaluru,Karnataka,51,Male,2025-01-22,Bronze
C00033,Gunbir,Sankar,pallavi67@example.net,Pune,Maharashtra,30,Female,2023-07-10,Bronze
C00034,Chatura,Chaudhari,rauharinakshi@example.org,New Delhi,Delhi,46,Male,2024-06-14,Bronze
C00035,Yuvraj,Handa,saumyadey@example.com,Pune,Maharashtra,39,Female,2026-03-09,Silver
C00036,Qadim,Mallick,ekrish@example.com,Bengaluru,Karnataka,22,Female,2026-07-04,Bronze
C00037,Guneet,Bedi,chanderwarjas@example.org,Pune,Maharashtra,39,Female,2026-05-15,Bronze
C00038,Niharika,Sunder,zkala@example.org,New Delhi,Delhi,52,Female,2025-05-06,Gold
C00039,Nitesh,Raghavan,ramakrishnanalka@example.com,Bengaluru,Karnataka,33,Male,2023-11-23,Gold
C00040,Bhavika,Sampath,mdubey@example.com,Pune,Maharashtra,60,Female,2026-01-01,Bronze
C00041,Teerth,Bhardwaj,murthydakshesh@example.org,Bengaluru,Karnataka,59,Other,2026-03-30,Bronze
C00042,Vansha,Thakkar,daksheshtrivedi@example.org,Mumbai,Maharashtra,24,Female,2024-08-23,Bronze
C00043,Quincy,Biswas,keernetra@example.org,Mumbai,Maharashtra,29,Female,2024-03-06,Bronze
C00044,Yatin,Baral,sainidiya@example.com,Ahmedabad,Gujarat,53,Female,2024-01-23,Silver
C00045,Samarth,Murthy,alkarandhawa@example.org,Bengaluru,Karnataka,23,Male,2026-06-18,Gold
C00046,Charita,Shankar,elijah07@example.net,Pune,Maharashtra,48,Female,2023-10-28,Bronze
C00047,Harish,Borah,yashawinilanka@example.org,Pune,Maharashtra,18,Other,2024-06-02,Bronze
C00048,Ikshita,Biswas,kalamane@example.org,Hyderabad,Telangana,36,Female,2023-12-30,Platinum
C00049,Raksha,Mittal,mistryhemang@example.org,Noida,Uttar Pradesh,60,Female,2023-06-06,Bronze
C00050,Aishani,D’Alia,dugalanita@example.com,Mumbai,Maharashtra,55,Male,2026-03-21,Bronze
C00051,Shivansh,Oza,aishanitiwari@example.com,Mumbai,Maharashtra,55,Female,2026-04-07,Gold
C00052,Zayan,Behl,sampatharadhana@example.org,Bengaluru,Karnataka,50,Female,2026-03-24,Bronze
C00053,Aarush,Nath,adwetaedwin@example.net,Bengaluru,Karnataka,33,Female,2022-10-05,Gold
C00054,Riya,Sane,choudhuryfaqid@example.net,Bengaluru,Karnataka,56,Female,2023-04-20,Bronze
C00055,Manthan,Banik,manbir62@example.org,New Delhi,Delhi,51,Female,2023-05-18,Bronze
C00056,Darika,Patla,parmarshivansh@example.net,New Delhi,Delhi,33,Female,2024-10-13,Bronze
C00057,Zaid,Chauhan,niharika92@example.org,New Delhi,Delhi,38,Male,2023-12-25,Gold
C00058,Nicholas,Goel,lbakshi@example.net,Pune,Maharashtra,54,Other,2023-01-23,Bronze
C00059,Gaurangi,Sabharwal,amaradutta@example.net,Pune,Maharashtra,26,Male,2025-01-21,Gold
C00060,Hritik,Raja,singhaltristan@example.org,Chennai,Tamil Nadu,36,Female,2024-06-22,Gold
C00061,Triveni,Palla,vedant30@example.net,New Delhi,Delhi,59,Female,2023-02-12,Silver
C00062,Reyansh,Rastogi,arya14@example.com,Bengaluru,Karnataka,24,Male,2022-10-29,Bronze
C00063,Yashodhara,Ratta,ayaan14@example.org,Pune,Maharashtra,53,Female,2025-12-11,Bronze
C00064,Alka,Barad,sarafhemani@example.net,Pune,Maharashtra,31,Female,2024-08-15,Gold
C00065,Dipta,Sarin,rajanranveer@example.com,Bengaluru,Karnataka,21,Female,2025-02-19,Bronze
C00066,Chaitanya,Sarin,venkateshronith@example.com,Mumbai,Maharashtra,39,Male,2026-07-11,Silver
C00067,Raagini,Boase,dipta14@example.net,Mumbai,Maharashtra,53,Female,2024-01-26,Silver
C00068,Dayamai,Rege,neha48@example.org,Pune,Maharashtra,27,Female,2022-09-02,Gold
C00069,Rehaan,Salvi,nghosh@example.net,Bengaluru,Karnataka,45,Female,2025-09-18,Bronze
C00070,Charvi,Ravi,modibhavini@example.org,Ahmedabad,Gujarat,40,Female,2026-04-28,Bronze
C00071,Qushi,Nagy,csathe@example.net,Pune,Maharashtra,44,Other,2023-05-29,Silver
C00072,Tanay,Vaidya,qgara@example.org,Ahmedabad,Gujarat,28,Other,2025-03-21,Gold
C00073,Bhanumati,Varma,girik34@example.org,Chennai,Tamil Nadu,29,Male,2026-05-29,Bronze
C00074,Rushil,Din,batrayash@example.com,Kolkata,West Bengal,33,Female,2022-10-16,Silver
C00075,Elijah,Shah,thayer@example.net,Pune,Maharashtra,48,Female,2026-04-30,Gold
C00076,Leena,Talwar,jkohli@example.net,Bengaluru,Karnataka,32,Female,2024-10-31,Silver
C00077,Abdul,Chhabra,lkanda@example.net,Mumbai,Maharashtra,22,Male,2024-12-25,Bronze
C00078,Zarna,Shetty,krishjairaj@example.com,New Delhi,Delhi,52,Female,2024-04-21,Bronze
C00079,Kiaan,Shetty,saanvi98@example.com,Chennai,Tamil Nadu,29,Female,2025-01-30,Platinum
C00080,Sanaya,Dutt,qsengupta@example.org,Pune,Maharashtra,45,Female,2023-03-15,Silver
C00081,Aradhana,Verma,rkhare@example.com,Mumbai,Maharashtra,25,Female,2023-09-05,Silver
C00082,Faras,Mangal,anitanayak@example.com,Mumbai,Maharashtra,45,Female,2022-07-28,Gold
C00083,Faris,Devi,vihaanrajagopal@example.net,Bengaluru,Karnataka,30,Female,2022-10-14,Bronze
C00084,Michael,Kala,sachdevanikita@example.com,New Delhi,Delhi,57,Female,2024-09-10,Gold
C00085,Unnati,Sagar,jhaveriosha@example.com,New Delhi,Delhi,50,Female,2024-11-10,Bronze
C00086,Anmol,Rai,wahuja@example.com,Mumbai,Maharashtra,53,Female,2024-11-20,Bronze
C00087,Madhavi,Saini,vinayakanda@example.com,Kolkata,West Bengal,29,Female,2022-09-30,Bronze
C00088,Rajata,Sunder,ramachandrangayathri@example.net,Bengaluru,Karnataka,37,Female,2026-07-18,Bronze
C00089,Nidhi,Gandhi,ndatta@example.net,Bengaluru,Karnataka,38,Female,2022-11-16,Bronze
C00090,Avi,Ramesh,chackopriya@example.org,Pune,Maharashtra,28,Female,2023-11-22,Bronze
C00091,Triya,Gopal,ladladli@example.com,New Delhi,Delhi,39,Female,2023-01-27,Platinum
C00092,Siddharth,Sha,geetika64@example.com,Pune,Maharashtra,32,Male,2024-10-21,Bronze
C00093,Zayyan,Bumb,vbahl@example.net,Pune,Maharashtra,57,Male,2023-11-18,Bronze
C00094,Charles,Palla,ekapadbaria@example.org,Mumbai,Maharashtra,54,Female,2023-01-06,Silver
C00095,Yug,Iyengar,duawilliam@example.org,Bengaluru,Karnataka,27,Female,2025-03-06,Bronze
C00096,Urvashi,Contractor,udyatikunda@example.com,Hyderabad,Telangana,45,Female,2025-12-12,Gold
C00097,Oliver,Contractor,deepachokshi@example.net,New Delhi,Delhi,21,Female,2023-12-10,Gold
C00098,Atharv,Muni,tranganathan@example.org,Pune,Maharashtra,47,Female,2025-10-18,Platinum
C00099,Faqid,Kibe,mitrajai@example.net,Bengaluru,Karnataka,57,Male,2024-01-24,Gold
C00100,Benjamin,Palan,eprabhakar@example.net,Mumbai,Maharashtra,46,Male,2023-06-22,Silver
C00101,Harita,Arora,gsuri@example.com,Bengaluru,Karnataka,33,Male,2025-02-03,Bronze
C00102,Janaki,Sharaf,radhikagoda@example.net,Hyderabad,Telangana,58,Female,2023-10-30,Bronze
C00103,Anamika,Yohannan,bshroff@example.net,New Delhi,Delhi,35,Female,2025-03-25,Gold
C00104,Amrita,Naidu,gabrielmallick@example.com,Pune,Maharashtra,32,Female,2025-09-13,Bronze
C00105,Yagnesh,Shetty,bnayar@example.com,Pune,Maharashtra,44,Female,2024-03-21,Bronze
C00106,Ekta,Gopal,wkala@example.com,Pune,Maharashtra,42,Male,2024-03-10,Silver
C00107,Harini,Mammen,advaith83@example.org,New Delhi,Delhi,42,Female,2023-04-26,Gold
C00108,Wyatt,Ray,skhosla@example.com,Mumbai,Maharashtra,44,Female,2024-05-11,Silver
C00109,Vritti,Sem,chanderchaitaly@example.org,Hyderabad,Telangana,49,Female,2025-04-23,Bronze
C00110,Nidhi,Kohli,jyoti78@example.net,Pune,Maharashtra,60,Female,2024-08-29,Bronze
C00111,Hemangini,Sandal,indira74@example.com,Pune,Maharashtra,26,Other,2023-12-04,Silver
C00112,Zayan,Kashyap,hansdiya@example.org,Ahmedabad,Gujarat,54,Female,2023-03-24,Bronze
C00113,Qasim,Handa,vedamalhotra@example.net,Mumbai,Maharashtra,29,Female,2023-12-16,Bronze
C00114,Barkha,Chaudhry,chamankaran@example.com,Pune,Maharashtra,39,Male,2024-09-17,Bronze
C00115,Praneel,Mittal,wallajonathan@example.com,Hyderabad,Telangana,34,Male,2024-03-07,Bronze
C00116,Chakradev,Bhagat,jonathan71@example.org,New Delhi,Delhi,40,Female,2026-04-03,Bronze
C00117,Bhavani,Singh,vsastry@example.org,Kolkata,West Bengal,19,Male,2026-04-27,Bronze
C00118,Charan,Krishnan,ecomar@example.com,Pune,Maharashtra,33,Female,2025-09-09,Silver
C00119,Vyanjana,Borah,doshimanthan@example.net,Bengaluru,Karnataka,47,Female,2025-04-28,Silver
C00120,Daksha,Chada,jagatsaha@example.net,Pune,Maharashtra,25,Male,2023-02-21,Bronze
C00121,Upkaar,Virk,cseshadri@example.com,Mumbai,Maharashtra,19,Male,2023-04-20,Silver
C00122,Pushti,Mody,chaudharysarthak@example.net,Ahmedabad,Gujarat,43,Male,2024-06-10,Bronze
C00123,Siddharth,Lalla,dugarwriddhish@example.org,Bengaluru,Karnataka,33,Female,2023-01-11,Silver
C00124,Falan,Dugar,regeshravya@example.net,Chennai,Tamil Nadu,25,Male,2023-03-07,Silver
C00125,Upma,Manne,katabhavya@example.net,Pune,Maharashtra,45,Female,2023-07-23,Bronze
C00126,Barkha,Setty,kauraishani@example.net,New Delhi,Delhi,44,Male,2026-06-23,Bronze
C00127,Rudra,Sandal,karmanthan@example.com,Kolkata,West Bengal,47,Female,2022-12-25,Bronze
C00128,Lucky,Bora,gandhidamyanti@example.net,New Delhi,Delhi,35,Female,2022-11-24,Gold
C00129,Bhavya,Sarna,sidhudaksha@example.net,Hyderabad,Telangana,45,Male,2023-12-09,Silver
C00130,Neha,Magar,fsarma@example.net,Mumbai,Maharashtra,23,Female,2025-03-03,Bronze
C00131,Balveer,Sankaran,zashil01@example.org,Hyderabad,Telangana,57,Female,2023-05-08,Bronze
C00132,Ansh,Luthra,gillupma@example.net,Bengaluru,Karnataka,29,Female,2024-09-21,Bronze
C00133,Riya,Mall,rajataswamy@example.org,Mumbai,Maharashtra,56,Female,2024-12-23,Bronze
C00134,Upma,Pall,unath@example.net,Pune,Maharashtra,23,Female,2025-06-22,Bronze
C00135,Henry,Dyal,nisha74@example.net,Bengaluru,Karnataka,48,Female,2025-03-13,Bronze
C00136,Nandini,Bansal,uchakrabarti@example.com,Hyderabad,Telangana,36,Female,2026-01-09,Silver
C00137,Ekiya,D’Alia,avarkey@example.net,Mumbai,Maharashtra,41,Female,2023-04-14,Silver
C00138,Turvi,Sachdev,guhazarna@example.com,Mumbai,Maharashtra,39,Female,2023-06-17,Bronze
C00139,Wishi,Sathe,janiamara@example.net,Mumbai,Maharashtra,25,Male,2025-04-02,Bronze
C00140,Karan,Mani,hsundaram@example.org,New Delhi,Delhi,29,Female,2022-09-04,Silver
C00141,Wriddhish,Dutt,akshay86@example.org,Mumbai,Maharashtra,51,Female,2023-03-29,Platinum
C00142,Umang,Comar,pdalal@example.org,Chennai,Tamil Nadu,32,Female,2024-11-19,Bronze
C00143,Wishi,Manne,ojasvi77@example.org,New Delhi,Delhi,35,Female,2025-11-01,Bronze
C00144,Tanmayi,Dhillon,mhalder@example.net,Mumbai,Maharashtra,58,Male,2025-11-02,Bronze
C00145,Laban,Boase,oeshi58@example.com,Chennai,Tamil Nadu,36,Female,2023-04-30,Bronze
C00146,Aarnav,Mandal,vrishti27@example.net,Pune,Maharashtra,34,Male,2026-04-04,Bronze
C00147,Veda,Pai,krishna75@example.org,Hyderabad,Telangana,49,Female,2024-04-19,Silver
C00148,William,Rajagopal,nirjabassi@example.com,Pune,Maharashtra,54,Male,2025-09-16,Bronze
C00149,Urvashi,Raj,fdoshi@example.org,Pune,Maharashtra,44,Female,2023-06-02,Silver
C00150,Jonathan,Thakkar,harish71@example.net,Pune,Maharashtra,42,Female,2023-08-13,Bronze
C00151,Tanmayi,Aurora,nimratdubey@example.org,Chennai,Tamil Nadu,37,Female,2024-02-21,Bronze
C00152,Upasna,Lanka,mitali15@example.net,Kolkata,West Bengal,31,Female,2025-12-27,Bronze
C00153,Lajita,Nadig,nbanik@example.org,Pune,Maharashtra,29,Female,2025-03-14,Bronze
C00154,Wahab,Mani,gautamsaraf@example.org,Mumbai,Maharashtra,56,Female,2022-09-06,Bronze
C00155,Harish,Sawhney,chandanibalakrishnan@example.org,Mumbai,Maharashtra,47,Female,2024-12-16,Bronze
C00156,Ekta,Bhalla,jagrati56@example.org,Mumbai,Maharashtra,55,Female,2023-01-15,Gold
C00157,Yash,Wali,kgole@example.org,Mumbai,Maharashtra,32,Female,2023-06-29,Gold
C00158,Farhan,Raja,widishadhar@example.org,Hyderabad,Telangana,21,Female,2026-02-22,Bronze
C00159,Triya,Kumar,qkumer@example.org,New Delhi,Delhi,36,Female,2023-05-10,Bronze
C00160,Udyati,Mani,ethansathe@example.com,Mumbai,Maharashtra,35,Female,2024-04-15,Bronze
C00161,Chandani,Samra,tanmayi43@example.com,Pune,Maharashtra,45,Male,2026-04-28,Silver
C00162,Vasudha,Chhabra,lakshmiparmer@example.net,Pune,Maharashtra,54,Female,2025-04-06,Bronze
C00163,Chakrika,Merchant,randhawaanvi@example.org,Hyderabad,Telangana,54,Female,2025-01-13,Silver
C00164,Chandran,Taneja,victor95@example.org,Bengaluru,Karnataka,46,Male,2022-11-22,Bronze
C00165,Ranveer,Krishna,gunbirbaral@example.com,Bengaluru,Karnataka,49,Male,2022-12-26,Bronze
C00166,Ridhi,Bandi,karan14@example.com,Mumbai,Maharashtra,60,Female,2024-09-29,Bronze
C00167,Ojasvi,Gill,kevinzacharia@example.com,Mumbai,Maharashtra,36,Female,2023-10-08,Bronze
C00168,Yachana,Mahajan,aarinisubramaniam@example.com,Hyderabad,Telangana,47,Female,2026-05-04,Bronze
C00169,Hamsini,Contractor,jborra@example.org,Pune,Maharashtra,50,Male,2024-04-12,Bronze
C00170,Mekhala,Pau,ranaakshay@example.com,Chennai,Tamil Nadu,44,Female,2023-12-15,Silver
C00171,Jatin,Sha,adweta96@example.net,Bengaluru,Karnataka,58,Female,2023-10-02,Bronze
C00172,Kamya,Chokshi,urishillabakshi@example.net,Mumbai,Maharashtra,36,Female,2025-10-23,Silver
C00173,Falak,Kant,shettychasmum@example.net,Pune,Maharashtra,56,Male,2023-01-05,Silver
C00174,Nilima,Dada,chakradevbarad@example.com,Mumbai,Maharashtra,53,Female,2026-06-20,Bronze
C00175,Waida,D’Alia,keerkrishna@example.com,Chennai,Tamil Nadu,47,Male,2025-11-28,Silver
C00176,Sudiksha,Prabhakar,adubey@example.net,Pune,Maharashtra,36,Female,2022-07-12,Bronze
C00177,Hardik,Suri,cmammen@example.net,Chennai,Tamil Nadu,33,Female,2023-11-24,Bronze
C00178,Kamala,Kalla,psaxena@example.com,Pune,Maharashtra,50,Male,2023-03-09,Bronze
C00179,Hardik,Pillai,darsh64@example.org,Pune,Maharashtra,39,Male,2024-03-21,Silver
C00180,Jason,Sha,kalaansh@example.org,Hyderabad,Telangana,37,Male,2024-12-16,Silver
C00181,Gauri,Kohli,sameshbiswas@example.net,New Delhi,Delhi,46,Female,2025-09-17,Bronze
C00182,Sarthak,Kalita,falgunidivan@example.net,Bengaluru,Karnataka,42,Female,2023-07-02,Bronze
C00183,Aarnav,Malhotra,kalpitzachariah@example.com,Pune,Maharashtra,33,Female,2022-08-20,Bronze
C00184,Owen,Choudhary,deepalexander@example.com,Hyderabad,Telangana,38,Male,2026-04-20,Silver
C00185,Wazir,Naik,ghoshalka@example.org,Hyderabad,Telangana,60,Male,2024-05-19,Silver
C00186,Jonathan,Sama,bhattvamakshi@example.com,Pune,Maharashtra,26,Female,2026-05-04,Silver
C00187,Janaki,Varghese,sethyahvi@example.org,Chennai,Tamil Nadu,24,Female,2024-01-29,Bronze
C00188,Caleb,Verma,tara00@example.com,New Delhi,Delhi,59,Male,2024-03-31,Bronze
C00189,Neelima,Sandhu,swaminathansachi@example.org,Hyderabad,Telangana,39,Female,2025-01-22,Bronze
C00190,Faris,Nagy,dominicdate@example.com,Pune,Maharashtra,52,Female,2024-09-14,Bronze
C00191,Ekta,Raj,sudiksha89@example.com,New Delhi,Delhi,52,Female,2023-10-23,Bronze
C00192,Hardik,Contractor,qushiseth@example.org,New Delhi,Delhi,32,Male,2024-12-07,Bronze
C00193,Odika,Nori,arastogi@example.net,Pune,Maharashtra,24,Female,2022-12-29,Silver
C00194,Girish,Munshi,qmunshi@example.com,Ahmedabad,Gujarat,38,Male,2026-04-15,Bronze
C00195,Kavya,Dua,fbhavsar@example.org,Mumbai,Maharashtra,33,Female,2025-09-23,Silver
C00196,Girik,Sankaran,pradhankalpit@example.net,Hyderabad,Telangana,29,Female,2025-08-04,Gold
C00197,Darpan,Narayan,royirya@example.net,Bengaluru,Karnataka,49,Male,2025-03-12,Bronze
C00198,Pallavi,Behl,devika51@example.net,Bengaluru,Karnataka,47,Female,2025-02-13,Bronze
C00199,Yashica,Kala,vasatikakapur@example.org,Hyderabad,Telangana,52,Female,2024-12-06,Bronze
C00200,Inaya,Pillai,mallickupkaar@example.com,Mumbai,Maharashtra,37,Female,2023-04-02,Bronze
C00201,Atharv,Loke,goleanjali@example.net,Mumbai,Maharashtra,30,Other,2024-11-07,Gold
C00202,Dayamai,Nori,abeer22@example.net,Pune,Maharashtra,54,Female,2024-05-28,Bronze
C00203,Nandini,Boase,azaanchand@example.net,New Delhi,Delhi,60,Female,2026-06-04,Bronze
C00204,Tanveer,Puri,vsetty@example.org,Chennai,Tamil Nadu,56,Male,2026-04-09,Gold
C00205,Kala,Muni,frado02@example.org,Ahmedabad,Gujarat,56,Male,2025-04-03,Bronze
C00206,Chandran,Bumb,saanvi67@example.net,Pune,Maharashtra,60,Female,2025-02-20,Bronze
C00207,Riya,Sachdeva,tanveer81@example.com,Pune,Maharashtra,59,Female,2023-01-10,Silver
C00208,Qushi,Choudhry,vidhi84@example.org,Pune,Maharashtra,26,Female,2024-07-01,Bronze
C00209,Thomas,Rana,amblesamarth@example.com,New Delhi,Delhi,30,Female,2025-07-24,Silver
C00210,Siddharth,Devan,bimala51@example.org,Gurugram,Haryana,50,Male,2023-07-27,Gold
C00211,Widisha,Sani,kairai@example.net,Mumbai,Maharashtra,36,Male,2023-11-05,Bronze
C00212,Victor,Tella,ekbal60@example.com,Pune,Maharashtra,27,Male,2026-02-14,Bronze
C00213,Anirudh,Sharaf,munshipushti@example.net,New Delhi,Delhi,43,Male,2022-10-06,Gold
C00214,Nidhi,Sahni,ishwar60@example.com,Mumbai,Maharashtra,18,Female,2024-05-01,Bronze
C00215,Onveer,Sharma,gaurang61@example.org,Mumbai,Maharashtra,34,Female,2022-10-11,Gold
C00216,Rajata,Rattan,randhawadayita@example.net,Kolkata,West Bengal,32,Female,2025-12-09,Silver
C00217,Harinakshi,Kant,om18@example.net,Kolkata,West Bengal,57,Female,2024-09-15,Bronze
C00218,Ishaan,Wali,ikshitapanchal@example.net,Hyderabad,Telangana,37,Female,2022-08-13,Bronze
C00219,Manbir,Keer,dhingraaahana@example.org,Pune,Maharashtra,37,Other,2026-05-03,Bronze
C00220,Oscar,Dua,goelwakeeta@example.com,Pune,Maharashtra,26,Female,2023-07-14,Bronze
C00221,Saumya,Naidu,matthew71@example.com,Kolkata,West Bengal,52,Female,2022-08-22,Silver
C00222,Riya,Mitter,daksh58@example.org,Pune,Maharashtra,59,Female,2024-03-21,Bronze
C00223,Dayita,Shenoy,dbarad@example.com,Mumbai,Maharashtra,20,Female,2024-12-23,Bronze
C00224,Bhavini,Bose,tripathileena@example.com,Mumbai,Maharashtra,41,Female,2025-03-22,Silver
C00225,Benjamin,Sengupta,ekantasoni@example.net,Bengaluru,Karnataka,40,Female,2022-12-06,Bronze
C00226,Matthew,Bhatia,zchauhan@example.com,Kolkata,West Bengal,23,Female,2023-12-30,Silver
C00227,Frado,Thaman,balveerkota@example.net,Bengaluru,Karnataka,21,Male,2026-06-05,Bronze
C00228,Raksha,Sarna,janujapradhan@example.com,Pune,Maharashtra,31,Female,2023-05-19,Silver
C00229,Lila,Rege,charles51@example.com,Pune,Maharashtra,32,Female,2025-05-02,Bronze
C00230,Girindra,Raju,zayyan92@example.com,Ahmedabad,Gujarat,35,Male,2026-07-13,Bronze
C00231,Finn,Dhaliwal,dayita62@example.net,Pune,Maharashtra,29,Female,2025-02-20,Gold
C00232,Frado,Mukherjee,inarasimhan@example.net,Pune,Maharashtra,33,Female,2024-07-15,Bronze
C00233,Girik,Sampath,andrew54@example.org,Mumbai,Maharashtra,44,Female,2025-11-01,Silver
C00234,Tanish,Om,ohanda@example.org,Bengaluru,Karnataka,50,Female,2024-07-07,Bronze
C00235,Mohammed,Brahmbhatt,harrison88@example.net,Pune,Maharashtra,20,Male,2023-02-05,Gold
C00236,Baljiwan,Nayar,krishadube@example.org,New Delhi,Delhi,47,Female,2024-11-08,Bronze
C00237,Pratyush,Gandhi,abassi@example.com,Noida,Uttar Pradesh,45,Female,2024-04-17,Bronze
C00238,Wazir,Sawhney,saumya38@example.org,Ahmedabad,Gujarat,23,Female,2026-02-18,Bronze
C00239,Dayamai,Singh,jhalaksastry@example.com,Pune,Maharashtra,58,Female,2023-01-17,Silver
C00240,Baghyawati,Raja,medwin@example.net,Mumbai,Maharashtra,51,Female,2023-03-13,Silver
C00241,Lakshit,Krishna,srivastavakamya@example.net,Mumbai,Maharashtra,25,Male,2022-08-11,Silver
C00242,Harshil,Varty,manefiyaz@example.org,Hyderabad,Telangana,45,Female,2025-05-04,Bronze
C00243,Anjali,Sengupta,rajeshrichand@example.org,Mumbai,Maharashtra,43,Female,2024-01-02,Bronze
C00244,Shravya,Palla,sachdevachatresh@example.com,Mumbai,Maharashtra,34,Female,2022-10-25,Bronze
C00245,Yadavi,Prakash,libnibumb@example.com,Ahmedabad,Gujarat,23,Male,2026-03-03,Bronze
C00246,Udarsh,Bala,hardik52@example.org,Pune,Maharashtra,26,Female,2024-06-15,Silver
C00247,Balvan,Mangat,wdewan@example.net,Bengaluru,Karnataka,60,Female,2024-09-11,Bronze
C00248,Upasna,Sen,buchanirudh@example.com,New Delhi,Delhi,21,Male,2024-03-04,Silver
C00249,Tanveer,Doctor,xchoudhry@example.com,Mumbai,Maharashtra,50,Female,2023-04-22,Silver
C00250,Wazir,Mitra,battawilliam@example.com,Pune,Maharashtra,40,Male,2025-12-09,Bronze
C00251,Tanvi,Bhatnagar,tataamol@example.net,Hyderabad,Telangana,32,Male,2023-04-30,Gold
C00252,Yutika,Khurana,bishakhasanghvi@example.org,Gurugram,Haryana,57,Female,2023-01-22,Silver
C00253,Ira,Khosla,qgrover@example.net,Bengaluru,Karnataka,35,Female,2022-11-09,Bronze
C00254,Frederick,Viswanathan,ekansh88@example.net,Hyderabad,Telangana,40,Female,2024-08-22,Gold
C00255,Yashica,Bahri,csinghal@example.net,Bengaluru,Karnataka,22,Female,2024-04-19,Silver
C00256,Lila,Prakash,amol51@example.com,Pune,Maharashtra,31,Female,2023-07-28,Bronze
C00257,Wridesh,Chawla,kiaan05@example.net,Pune,Maharashtra,38,Male,2024-10-18,Silver
C00258,Hamsini,Gill,osrinivas@example.org,Pune,Maharashtra,27,Female,2026-04-02,Silver
C00259,Krishna,Bhatnagar,sbansal@example.org,New Delhi,Delhi,46,Female,2025-01-07,Bronze
C00260,Caleb,Iyengar,muttidayita@example.net,Mumbai,Maharashtra,31,Male,2025-01-05,Bronze
C00261,Mitali,Solanki,balhaar34@example.com,Mumbai,Maharashtra,55,Female,2024-12-15,Silver
C00262,Champak,Narula,jeet56@example.com,Pune,Maharashtra,56,Female,2024-04-30,Bronze
C00263,Ria,Raju,rachit77@example.com,Kolkata,West Bengal,34,Female,2025-10-10,Bronze
C00264,Zilmil,Loke,samrafarhan@example.com,Bengaluru,Karnataka,29,Female,2024-02-18,Silver
C00265,Pranit,Memon,harshil15@example.net,Pune,Maharashtra,60,Male,2023-05-31,Bronze
C00266,Chakrika,Mohan,ksandhu@example.net,Chennai,Tamil Nadu,45,Female,2026-04-23,Gold
C00267,Sachi,Panchal,ubasak@example.com,Chennai,Tamil Nadu,45,Female,2023-04-26,Silver
C00268,Radhika,Maharaj,bordenidra@example.com,Mumbai,Maharashtra,43,Female,2025-11-25,Bronze
C00269,Yochana,Dutta,dharraksha@example.org,Hyderabad,Telangana,47,Male,2023-01-30,Gold
C00270,Jonathan,Bhavsar,jeevikapathak@example.com,Pune,Maharashtra,33,Female,2025-12-14,Bronze
C00271,Bachittar,Dube,xprabhakar@example.com,Pune,Maharashtra,39,Female,2024-10-21,Silver
C00272,Faraj,Devan,mitali54@example.org,Pune,Maharashtra,25,Female,2022-12-30,Bronze
C00273,Ishaan,Bal,xalakvasa@example.com,Hyderabad,Telangana,59,Male,2024-07-29,Bronze
C00274,Jacob,Lala,sanaya39@example.com,Pune,Maharashtra,29,Female,2025-06-09,Silver
C00275,Vritti,Iyengar,deshmukhethan@example.com,New Delhi,Delhi,58,Female,2025-07-21,Silver
C00276,Orinder,Saxena,nagarajanidika@example.net,Hyderabad,Telangana,54,Female,2024-01-11,Platinum
C00277,Dhruv,Mannan,nakul25@example.net,Mumbai,Maharashtra,38,Female,2023-01-11,Bronze
C00278,Udarsh,Dara,liamkhalsa@example.com,Mumbai,Maharashtra,35,Female,2024-11-05,Bronze
C00279,Atharv,Patel,unni82@example.net,Pune,Maharashtra,46,Female,2023-12-16,Bronze
C00280,Gabriel,Bhatti,mitali78@example.com,Mumbai,Maharashtra,23,Female,2022-12-06,Silver
C00281,Nimrat,Borah,edhithaborah@example.com,Bengaluru,Karnataka,20,Female,2023-06-09,Gold
C00282,Unnati,Varughese,kabir89@example.org,New Delhi,Delhi,56,Female,2024-09-28,Bronze
C00283,Kai,Sant,dashzarna@example.org,Pune,Maharashtra,39,Other,2025-12-19,Bronze
C00284,Daksha,Gala,ekantikakar@example.com,New Delhi,Delhi,33,Female,2026-04-29,Platinum
C00285,Zilmil,Mander,krishnaronith@example.net,Bengaluru,Karnataka,28,Female,2023-02-16,Gold
C00286,Anvi,Dass,girik82@example.net,Mumbai,Maharashtra,56,Female,2024-08-25,Silver
C00287,Mitesh,Garg,benjamin01@example.org,Mumbai,Maharashtra,24,Female,2024-09-11,Bronze
C00288,Alka,Kade,fbalasubramanian@example.net,Mumbai,Maharashtra,56,Male,2022-11-12,Bronze
C00289,Bimala,Mittal,zkonda@example.net,Bengaluru,Karnataka,40,Female,2025-10-02,Silver
C00290,Nidra,Mishra,sbora@example.org,New Delhi,Delhi,56,Female,2025-10-27,Bronze
C00291,Nakul,Sarraf,dsule@example.org,Bengaluru,Karnataka,39,Male,2022-12-09,Silver
C00292,Harini,Dhawan,eiravati56@example.org,Hyderabad,Telangana,51,Female,2022-09-14,Silver
C00293,Kamala,Varma,nagarwyatt@example.com,Bengaluru,Karnataka,41,Female,2026-06-11,Platinum
C00294,Jason,Loke,jkota@example.org,Mumbai,Maharashtra,30,Female,2023-10-27,Bronze
C00295,Chandresh,Mannan,psahota@example.org,Pune,Maharashtra,50,Male,2025-12-23,Gold
C00296,Falak,Munshi,nathanieltara@example.net,Chennai,Tamil Nadu,60,Female,2026-05-02,Silver
C00297,Unni,Tara,widisha01@example.com,Pune,Maharashtra,27,Female,2024-06-07,Gold
C00298,Yashasvi,Shankar,tanveerpandit@example.org,Hyderabad,Telangana,46,Female,2025-08-13,Bronze
C00299,Chandresh,Manda,ssinghal@example.net,New Delhi,Delhi,57,Female,2024-01-21,Silver
C00300,Abhiram,Chokshi,qdesai@example.net,Mumbai,Maharashtra,33,Female,2023-07-21,Gold
C00301,Jasmit,Rau,chakradev60@example.net,Bengaluru,Karnataka,41,Female,2025-06-16,Silver
C00302,Robert,Patil,ethan68@example.com,Mumbai,Maharashtra,42,Female,2024-12-18,Bronze
C00303,Ati,Dani,gunbirramesh@example.com,Pune,Maharashtra,56,Female,2025-06-05,Bronze
C00304,Harinakshi,Pau,rushilupadhyay@example.com,New Delhi,Delhi,53,Male,2024-06-18,Silver
C00305,Xiti,Baria,baradlaksh@example.net,Bengaluru,Karnataka,36,Female,2025-11-05,Bronze
C00306,Gauri,Som,mdixit@example.net,Mumbai,Maharashtra,27,Male,2023-09-01,Bronze
C00307,Logan,Narang,nicholas69@example.net,Ahmedabad,Gujarat,40,Male,2024-01-07,Bronze
C00308,Chandani,Nayar,emistry@example.org,Mumbai,Maharashtra,33,Female,2024-06-13,Bronze
C00309,Jyoti,Narula,sahadarika@example.net,Pune,Maharashtra,24,Male,2024-10-04,Silver
C00310,Avi,Som,vedant09@example.com,Hyderabad,Telangana,20,Female,2025-10-10,Gold
C00311,Onkar,Viswanathan,rdivan@example.org,New Delhi,Delhi,48,Female,2025-10-07,Bronze
C00312,Azad,Choudhary,anirudhsastry@example.com,Pune,Maharashtra,31,Male,2025-02-09,Silver
C00313,Omya,Doshi,ajani@example.net,New Delhi,Delhi,45,Female,2023-08-03,Bronze
C00314,Urishilla,Bhatia,zilmiljohal@example.net,Mumbai,Maharashtra,33,Female,2026-04-12,Silver
C00315,Ekta,Sridhar,lmurthy@example.com,Bengaluru,Karnataka,49,Female,2025-12-03,Bronze
C00316,Hema,Pandya,veda33@example.com,Bengaluru,Karnataka,27,Female,2025-03-10,Bronze
C00317,Chanchal,Kar,bhavya37@example.com,Mumbai,Maharashtra,44,Female,2023-05-07,Silver
C00318,Varsha,Palla,bhavna19@example.net,Bengaluru,Karnataka,22,Male,2024-07-10,Silver
C00319,Ladli,Rana,madhav40@example.com,Hyderabad,Telangana,53,Female,2023-09-13,Gold
C00320,Farhan,Pal,vkunda@example.com,Pune,Maharashtra,41,Female,2024-05-17,Bronze
C00321,Tanish,Jaggi,anita21@example.net,Hyderabad,Telangana,33,Male,2024-08-11,Silver
C00322,Wriddhish,Kibe,waliupkaar@example.net,Hyderabad,Telangana,26,Female,2024-09-06,Silver
C00323,Viraj,Ben,sachdevganga@example.net,Hyderabad,Telangana,47,Other,2025-07-25,Bronze
C00324,Urmi,Chaudhry,abduldugar@example.com,Pune,Maharashtra,22,Female,2025-10-15,Gold
C00325,Vamakshi,Sood,bhavnanagi@example.com,Pune,Maharashtra,20,Male,2025-06-01,Gold
C00326,Daniel,Chakraborty,baljiwangill@example.com,Mumbai,Maharashtra,50,Female,2024-10-21,Gold
C00327,Patrick,Bansal,ltandon@example.net,Bengaluru,Karnataka,59,Female,2026-05-05,Bronze
C00328,Bimala,Barad,misrahredhaan@example.com,Hyderabad,Telangana,39,Female,2022-11-14,Silver
C00329,Bhavani,Sha,gdesai@example.com,Mumbai,Maharashtra,46,Male,2024-04-20,Bronze
C00330,Anjali,Hans,narayanannicholas@example.net,Gurugram,Haryana,49,Female,2023-10-06,Silver
C00331,Tara,Kurian,akshaynazareth@example.com,Mumbai,Maharashtra,45,Female,2026-01-30,Silver
C00332,Reyansh,Gill,gsane@example.com,Hyderabad,Telangana,36,Female,2023-06-27,Bronze
C00333,Gabriel,Rattan,goyallogan@example.com,New Delhi,Delhi,46,Female,2024-10-29,Bronze
C00334,Ekiya,Kothari,lalleela@example.org,New Delhi,Delhi,46,Female,2024-07-29,Gold
C00335,Sanya,Loke,chasmum99@example.org,Mumbai,Maharashtra,35,Female,2024-02-09,Silver
C00336,Advika,Parsa,daviddani@example.com,Pune,Maharashtra,58,Female,2022-10-13,Silver
C00337,Damyanti,Dutta,tthakkar@example.com,New Delhi,Delhi,19,Female,2025-08-25,Silver
C00338,Jacob,Merchant,timothy32@example.com,Hyderabad,Telangana,26,Female,2026-05-08,Silver
C00339,Michael,Sha,ojasvi87@example.net,Mumbai,Maharashtra,54,Female,2024-05-25,Bronze
C00340,Tejas,Kota,vorasanya@example.net,Mumbai,Maharashtra,41,Female,2024-06-19,Bronze
C00341,Janaki,Brahmbhatt,bhatiayashasvi@example.org,Pune,Maharashtra,43,Female,2024-06-27,Bronze
C00342,Mason,Gala,zinal71@example.net,Kolkata,West Bengal,29,Female,2026-05-26,Bronze
C00343,Samesh,Suresh,uppalsanaya@example.org,Bengaluru,Karnataka,34,Female,2025-01-28,Bronze
C00344,Sudiksha,Deo,kshan@example.org,Bengaluru,Karnataka,49,Female,2022-08-27,Bronze
C00345,Turvi,Morar,randhawaaachal@example.org,Pune,Maharashtra,46,Other,2025-07-30,Gold
C00346,Tejas,Bora,sampathhemangini@example.net,Kolkata,West Bengal,60,Female,2024-10-02,Bronze
C00347,Devansh,Bhasin,sodhiazad@example.com,Bengaluru,Karnataka,28,Female,2024-11-11,Gold
C00348,Nilima,Gole,oshaprasad@example.com,New Delhi,Delhi,50,Female,2024-07-08,Platinum
C00349,Saumya,Purohit,rbuch@example.net,Hyderabad,Telangana,49,Female,2025-03-21,Silver
C00350,Kiaan,Pall,gokhalemaya@example.net,Mumbai,Maharashtra,26,Female,2023-06-15,Bronze
C00351,Joshua,Kapoor,bajajchanchal@example.com,Mumbai,Maharashtra,48,Female,2022-07-11,Silver
C00352,Panini,Wali,pkarpe@example.com,Hyderabad,Telangana,26,Other,2026-02-17,Silver
C00353,Hiral,Dubey,ranbir10@example.net,Mumbai,Maharashtra,51,Female,2022-09-25,Gold
C00354,Oni,Babu,samuelbhavsar@example.org,Hyderabad,Telangana,55,Female,2022-12-16,Platinum
C00355,Bahadurjit,Sekhon,kondachaitanya@example.com,Mumbai,Maharashtra,25,Female,2026-03-27,Bronze
C00356,Reva,Kaur,dakshdey@example.net,Pune,Maharashtra,32,Female,2022-07-27,Gold
C00357,Bimala,Kaur,ekani34@example.org,Ahmedabad,Gujarat,34,Female,2026-02-07,Platinum
C00358,Timothy,Sachdev,anvi08@example.net,Mumbai,Maharashtra,37,Female,2023-01-15,Bronze
C00359,Parth,Sane,wbatta@example.net,New Delhi,Delhi,55,Female,2023-03-24,Silver
C00360,Lakshmi,Vohra,omaja62@example.com,New Delhi,Delhi,39,Male,2023-02-25,Silver
C00361,Krisha,Gour,okhosla@example.com,Hyderabad,Telangana,23,Female,2026-05-21,Silver
C00362,Maanas,Sheth,sacharomaja@example.net,Bengaluru,Karnataka,31,Male,2022-11-23,Bronze
C00363,Krish,Rama,aadhyajani@example.com,New Delhi,Delhi,58,Female,2023-10-03,Silver
C00364,Farhan,Sengupta,george83@example.org,Mumbai,Maharashtra,43,Female,2025-03-04,Bronze
C00365,Amrita,Purohit,boraraghav@example.net,Pune,Maharashtra,44,Female,2024-01-30,Bronze
C00366,Teerth,Srinivas,gaurangimitter@example.org,Bengaluru,Karnataka,38,Male,2024-10-16,Gold
C00367,Siddharth,Gupta,srinivasxavier@example.net,Gurugram,Haryana,41,Female,2025-10-24,Bronze
C00368,Samarth,Ranganathan,ekantamandal@example.com,Pune,Maharashtra,35,Female,2025-11-10,Bronze
C00369,Unnati,Walla,darika45@example.net,Pune,Maharashtra,57,Female,2024-05-23,Platinum
C00370,Widisha,Shukla,singhekaja@example.org,Ahmedabad,Gujarat,54,Male,2024-09-16,Bronze
C00371,Kamala,Munshi,kbath@example.org,Pune,Maharashtra,47,Female,2023-08-29,Bronze
C00372,Madhav,Babu,omisha42@example.org,Pune,Maharashtra,50,Female,2024-05-04,Bronze
C00373,Forum,Karpe,fkorpal@example.net,Bengaluru,Karnataka,21,Female,2026-04-10,Silver
C00374,Geetika,Kurian,dswaminathan@example.org,Chennai,Tamil Nadu,48,Female,2022-10-10,Bronze
C00375,Indira,Gara,vrindagour@example.net,Pune,Maharashtra,34,Male,2025-10-17,Silver
C00376,Daniel,Viswanathan,bordechanakya@example.org,Mumbai,Maharashtra,21,Female,2024-04-19,Bronze
C00377,Nitara,Devan,ekanshdora@example.org,Bengaluru,Karnataka,42,Female,2026-02-18,Silver
C00378,Tejas,Tiwari,dprakash@example.net,Mumbai,Maharashtra,57,Female,2023-01-19,Platinum
C00379,Vasudha,Sura,ahujanisha@example.org,Mumbai,Maharashtra,53,Male,2024-08-23,Silver
C00380,Anay,Wagle,bhavini08@example.net,Pune,Maharashtra,43,Female,2023-09-10,Bronze
C00381,Qushi,Gola,charmanthan@example.org,Pune,Maharashtra,48,Female,2024-09-04,Bronze
C00382,Rehaan,Vyas,irya46@example.org,Ahmedabad,Gujarat,38,Male,2025-10-05,Bronze
C00383,Kashvi,Ravi,skohli@example.org,Mumbai,Maharashtra,37,Female,2023-02-02,Silver
C00384,Charita,Buch,chandernidra@example.com,Bengaluru,Karnataka,54,Female,2023-10-19,Gold
C00385,Krishna,Soni,andraonveer@example.org,Mumbai,Maharashtra,25,Other,2022-10-08,Silver
C00386,Xalak,Saraf,girish80@example.org,Hyderabad,Telangana,58,Female,2022-09-08,Bronze
C00387,Siddharth,Soman,chakradhar14@example.net,Kolkata,West Bengal,54,Female,2023-04-21,Bronze
C00388,Bachittar,Gola,amol39@example.org,Bengaluru,Karnataka,58,Male,2023-08-10,Silver
C00389,Mitali,Bose,nicholas93@example.net,Mumbai,Maharashtra,33,Female,2022-09-23,Gold
C00390,Lopa,Zachariah,leena21@example.net,Pune,Maharashtra,46,Female,2026-06-10,Bronze
C00391,Hiral,Bera,sarkarvincent@example.org,New Delhi,Delhi,50,Male,2024-03-30,Gold
C00392,Harini,Ranganathan,ayushman47@example.com,Chennai,Tamil Nadu,26,Female,2026-03-13,Silver
C00393,Vedant,Parekh,lsankaran@example.net,Noida,Uttar Pradesh,51,Female,2023-11-12,Platinum
C00394,Lajita,Chada,yatin11@example.com,Bengaluru,Karnataka,39,Female,2023-07-23,Silver
C00395,Mitesh,Rai,lopanadig@example.com,Chennai,Tamil Nadu,59,Male,2022-09-23,Bronze
C00396,Hredhaan,Chand,morarsai@example.com,Bengaluru,Karnataka,35,Female,2025-03-01,Bronze
C00397,Anamika,Chaudry,gagangrover@example.com,Gurugram,Haryana,36,Female,2024-11-16,Silver
C00398,Saumya,Vala,bchauhan@example.org,Bengaluru,Karnataka,40,Female,2023-11-09,Gold
C00399,Irya,Chander,lekha04@example.com,New Delhi,Delhi,25,Female,2024-12-06,Silver
C00400,Lipika,Chad,omkaarrai@example.org,Ahmedabad,Gujarat,40,Male,2024-05-01,Gold
C00401,Liam,Luthra,amrita72@example.org,Mumbai,Maharashtra,23,Female,2024-12-06,Bronze
C00402,Oliver,Saran,oviya47@example.org,Mumbai,Maharashtra,31,Female,2023-11-10,Silver
C00403,Jalsa,Krishnamurthy,warhihayre@example.com,Kolkata,West Bengal,35,Female,2022-08-23,Silver
C00404,Hredhaan,Deshmukh,abeer65@example.net,Bengaluru,Karnataka,21,Female,2025-03-09,Silver
C00405,Lajita,Narayan,bnatt@example.net,New Delhi,Delhi,24,Female,2026-04-02,Silver
C00406,Laban,Mital,sai75@example.org,Pune,Maharashtra,18,Male,2025-10-10,Platinum
C00407,Mitali,Nagar,vritti93@example.com,Pune,Maharashtra,48,Female,2022-11-19,Bronze
C00408,Krisha,Mand,hpatla@example.net,Kolkata,West Bengal,36,Female,2024-09-29,Gold
C00409,Ryan,Gole,shenoyshaurya@example.com,Pune,Maharashtra,32,Female,2023-04-30,Silver
C00410,Bishakha,Biswas,itata@example.net,Kolkata,West Bengal,44,Male,2025-07-25,Bronze
C00411,Chavvi,Khurana,mitesh66@example.org,Ahmedabad,Gujarat,49,Female,2024-04-26,Silver
C00412,Saumya,Srinivas,gwarrior@example.net,Chennai,Tamil Nadu,20,Female,2024-12-03,Silver
C00413,Omya,Bansal,frederick13@example.net,Pune,Maharashtra,36,Female,2024-08-31,Silver
C00414,Isha,Ganesan,rattagarima@example.com,Bengaluru,Karnataka,50,Female,2025-10-17,Bronze
C00415,Hitesh,Anne,kuruvillatristan@example.net,Pune,Maharashtra,47,Female,2025-08-20,Silver
C00416,Zilmil,Kant,zprasad@example.com,Pune,Maharashtra,36,Female,2024-08-27,Silver
C00417,Xiti,Dora,aryan71@example.com,Pune,Maharashtra,43,Male,2022-12-18,Silver
C00418,Ojasvi,Chada,dharijaya@example.com,Pune,Maharashtra,24,Female,2022-10-17,Bronze
C00419,Hemal,Shah,vasudhapall@example.com,Mumbai,Maharashtra,18,Female,2025-02-25,Bronze
C00420,Gunbir,Sarma,enagar@example.com,Hyderabad,Telangana,37,Female,2024-09-11,Silver
C00421,Chaitanya,Contractor,ozaikbal@example.net,Mumbai,Maharashtra,33,Female,2024-07-12,Bronze
C00422,Nitesh,Kohli,nathanielnarayanan@example.net,Mumbai,Maharashtra,50,Male,2024-04-09,Gold
C00423,Pooja,Shere,nidhigour@example.org,Hyderabad,Telangana,25,Female,2022-09-04,Gold
C00424,Rachana,Randhawa,horashivani@example.net,Mumbai,Maharashtra,32,Male,2025-04-22,Bronze
C00425,Pushti,Ramachandran,kalasamesh@example.com,Bengaluru,Karnataka,41,Female,2023-02-24,Silver
C00426,Dev,Chaudry,jasmitnanda@example.org,Bengaluru,Karnataka,60,Male,2023-07-14,Silver
C00427,Tanvi,Comar,vrishti85@example.net,New Delhi,Delhi,23,Female,2023-03-16,Silver
C00428,Lipika,Ramanathan,pallindira@example.com,Mumbai,Maharashtra,25,Female,2023-05-20,Silver
C00429,Orinder,Mishra,desaidhriti@example.org,Bengaluru,Karnataka,52,Female,2023-05-03,Bronze
C00430,William,Mody,goswamikashvi@example.net,Bengaluru,Karnataka,31,Female,2025-11-22,Bronze
C00431,Lohit,Vaidya,msahota@example.org,Ahmedabad,Gujarat,21,Female,2024-01-18,Silver
C00432,Leela,Sampath,vidhiyogi@example.net,Bengaluru,Karnataka,53,Female,2026-03-22,Gold
C00433,Oscar,Ganesan,imani@example.org,New Delhi,Delhi,34,Male,2024-04-29,Silver
C00434,Divya,Seshadri,parmeraditya@example.com,Bengaluru,Karnataka,45,Female,2026-04-17,Bronze
C00435,Laban,Hayer,ptiwari@example.com,Noida,Uttar Pradesh,48,Female,2026-02-27,Bronze
C00436,Nilima,Swamy,fsawhney@example.org,Hyderabad,Telangana,59,Male,2022-12-13,Bronze
C00437,Fitan,Balasubramanian,brindabali@example.com,Ahmedabad,Gujarat,42,Female,2024-01-12,Silver
C00438,Umang,Yogi,om79@example.net,New Delhi,Delhi,26,Female,2023-07-10,Bronze
C00439,Warhi,Vaidya,comaramrita@example.net,Pune,Maharashtra,43,Female,2023-07-14,Silver
C00440,Jeevika,Barman,bkamdar@example.org,Pune,Maharashtra,19,Other,2026-07-11,Bronze
C00441,Yug,Mishra,senguptaadya@example.com,New Delhi,Delhi,52,Female,2024-03-02,Bronze
C00442,Gagan,Sarna,khalsashaurya@example.net,Bengaluru,Karnataka,35,Female,2025-09-04,Gold
C00443,Indali,Sangha,liamjhaveri@example.org,Hyderabad,Telangana,60,Female,2026-05-14,Silver
C00444,Daniel,Panchal,om54@example.com,Chennai,Tamil Nadu,33,Female,2026-06-16,Bronze
C00445,Amara,Varkey,deshmukhnisha@example.org,Pune,Maharashtra,21,Female,2023-03-12,Bronze
C00446,Aradhana,Date,zaiddhingra@example.net,Mumbai,Maharashtra,31,Male,2023-07-09,Silver
C00447,Ekanta,Kota,jsuri@example.net,Pune,Maharashtra,32,Male,2024-12-03,Silver
C00448,Amruta,Sachdeva,eseth@example.net,Mumbai,Maharashtra,38,Female,2023-03-12,Gold
C00449,Girik,Rau,jyoti77@example.com,Gurugram,Haryana,32,Female,2023-08-16,Bronze
C00450,Aarnav,Chander,eparmar@example.net,Bengaluru,Karnataka,29,Female,2023-03-25,Bronze
C00451,Mitali,Kamdar,fkakar@example.com,Bengaluru,Karnataka,59,Female,2024-08-12,Silver
C00452,Ekantika,Mander,kalpit97@example.com,Mumbai,Maharashtra,44,Female,2024-03-18,Bronze
C00453,Chanakya,Batra,sharafamol@example.org,Hyderabad,Telangana,33,Male,2023-11-22,Bronze
C00454,Nakul,Sastry,bacharya@example.org,New Delhi,Delhi,21,Female,2023-12-13,Platinum
C00455,Kevin,Mittal,anushachander@example.net,Bengaluru,Karnataka,42,Female,2025-10-17,Bronze
C00456,Jalsa,Krishna,prabhunoah@example.org,New Delhi,Delhi,41,Female,2024-01-09,Silver
C00457,Meghana,Mody,pushtichand@example.net,Pune,Maharashtra,42,Female,2025-01-15,Silver
C00458,Girish,Agarwal,vanshabrahmbhatt@example.org,Chennai,Tamil Nadu,55,Male,2025-06-28,Silver
C00459,Upkaar,Venkataraman,aandra@example.net,Bengaluru,Karnataka,37,Male,2024-09-05,Bronze
C00460,Hemal,Dara,edeo@example.org,Kolkata,West Bengal,48,Male,2025-11-20,Silver
C00461,Veer,Rajagopal,chaudryharshil@example.com,New Delhi,Delhi,33,Female,2024-04-27,Silver
C00462,Jhalak,Mistry,lavanyadeol@example.net,Mumbai,Maharashtra,59,Female,2023-07-22,Bronze
C00463,Luke,Biswas,galaria@example.com,Bengaluru,Karnataka,47,Female,2023-10-04,Platinum
C00464,Tanay,Doshi,nsavant@example.org,Bengaluru,Karnataka,31,Female,2024-10-01,Bronze
C00465,Harish,Dey,rajagopalanindali@example.com,Bengaluru,Karnataka,27,Female,2025-04-21,Silver
C00466,Divya,Dey,aradhanachad@example.org,Bengaluru,Karnataka,36,Female,2024-03-15,Bronze
C00467,Bhavani,Bala,samesh89@example.net,Mumbai,Maharashtra,49,Female,2025-03-02,Gold
C00468,Ranbir,Ramanathan,chatura37@example.com,Mumbai,Maharashtra,59,Male,2023-10-22,Bronze
C00469,Isaiah,Khosla,hbobal@example.org,New Delhi,Delhi,28,Female,2024-07-27,Silver
C00470,Jalsa,Nadig,lilasalvi@example.com,Pune,Maharashtra,59,Male,2023-07-04,Silver
C00471,Orinder,Sinha,badalekansh@example.org,Chennai,Tamil Nadu,60,Female,2026-02-16,Bronze
C00472,Adweta,Kale,bhasinmitali@example.net,Pune,Maharashtra,32,Female,2023-01-04,Bronze
C00473,Bhavini,Thaker,ssampath@example.com,Pune,Maharashtra,41,Female,2023-12-28,Silver
C00474,Fitan,Yadav,arunimachacko@example.com,Kolkata,West Bengal,60,Female,2023-11-02,Bronze
C00475,Farhan,Vaidya,nachiketyadav@example.com,Bengaluru,Karnataka,19,Female,2026-06-24,Bronze
C00476,Mahika,Bhatti,rajeshri30@example.org,Gurugram,Haryana,50,Male,2026-06-13,Silver
C00477,Gabriel,Saraf,settychristopher@example.com,Hyderabad,Telangana,24,Male,2025-07-16,Silver
C00478,Parth,Dar,devanadvay@example.org,Pune,Maharashtra,51,Female,2023-01-26,Bronze
C00479,Watika,Palan,ojas52@example.net,Hyderabad,Telangana,41,Male,2026-02-07,Bronze
C00480,Amruta,Dalal,nayakpushti@example.com,Pune,Maharashtra,32,Female,2022-08-21,Gold
C00481,Devansh,Lall,tanejatamanna@example.net,Pune,Maharashtra,20,Female,2022-11-26,Bronze
C00482,Jagvi,Bhakta,xganesan@example.org,Bengaluru,Karnataka,58,Female,2026-03-26,Bronze
C00483,Aadhya,Chauhan,kariyashodhara@example.org,Bengaluru,Karnataka,59,Male,2024-02-11,Silver
C00484,Chaitanya,Arora,chakradharsodhi@example.com,Chennai,Tamil Nadu,51,Male,2026-01-04,Bronze
C00485,Leela,Doctor,balendrasaini@example.org,Ahmedabad,Gujarat,54,Female,2022-08-31,Bronze
C00486,Ekanta,Kothari,rnagarajan@example.org,Pune,Maharashtra,52,Female,2024-12-21,Bronze
C00487,Kashish,Dar,golaudant@example.net,Ahmedabad,Gujarat,19,Male,2024-10-12,Silver
C00488,Chakradhar,Rattan,shroffbarkha@example.com,Hyderabad,Telangana,43,Male,2022-07-20,Bronze
C00489,Falak,Chadha,xanand@example.org,Bengaluru,Karnataka,42,Female,2023-05-15,Silver
C00490,Bishakha,Modi,ucchalpillay@example.net,Mumbai,Maharashtra,23,Female,2025-10-05,Platinum
C00491,Wakeeta,Hayre,matthewahuja@example.com,Pune,Maharashtra,32,Male,2024-02-04,Bronze
C00492,Arjun,Kaul,aditya50@example.net,Hyderabad,Telangana,43,Male,2023-03-17,Bronze
C00493,Krisha,Mohanty,jhawazir@example.com,New Delhi,Delhi,49,Female,2024-01-08,Silver
C00494,Vyanjana,Bhasin,atichander@example.org,Mumbai,Maharashtra,55,Female,2025-07-03,Bronze
C00495,Vincent,Venkatesh,dpradhan@example.net,Bengaluru,Karnataka,22,Female,2025-03-01,Bronze
C00496,Frado,Chandran,meeraborde@example.net,New Delhi,Delhi,27,Male,2022-12-28,Bronze
C00497,David,Saran,warjasmanne@example.com,Pune,Maharashtra,37,Female,2026-07-08,Silver
C00498,Divya,Ramaswamy,eesha74@example.org,Pune,Maharashtra,29,Female,2026-01-21,Silver
C00499,Falan,Jain,ikbaldugal@example.org,Bengaluru,Karnataka,19,Female,2025-12-19,Silver
C00500,Nitesh,Sengupta,amurthy@example.org,Bengaluru,Karnataka,42,Female,2024-09-22,Bronze
C00501,Ishita,Johal,dmorar@example.com,Hyderabad,Telangana,33,Female,2023-05-30,Bronze
C00502,Jagdish,Chana,dakshabaria@example.org,Mumbai,Maharashtra,35,Female,2025-10-07,Bronze
C00503,Falak,Divan,kothariishani@example.com,Pune,Maharashtra,35,Female,2024-02-09,Bronze
C00504,Yochana,Bawa,abha20@example.com,Pune,Maharashtra,33,Male,2025-02-18,Bronze
C00505,Sneha,Krish,shereharsh@example.org,Bengaluru,Karnataka,24,Female,2023-12-24,Bronze
C00506,Jairaj,Arora,kapadiakalpit@example.org,Mumbai,Maharashtra,42,Male,2023-01-25,Bronze
C00507,Nandini,Pradhan,ladfalan@example.org,Mumbai,Maharashtra,56,Female,2022-11-23,Bronze
C00508,Dhruv,Hora,fdave@example.com,Kolkata,West Bengal,48,Female,2025-06-02,Platinum
C00509,Jason,Basak,kbedi@example.net,Kolkata,West Bengal,58,Female,2024-11-29,Silver
C00510,Rachita,Rana,ybalan@example.net,Pune,Maharashtra,35,Male,2024-06-08,Bronze
C00511,Pooja,Gera,tanish24@example.com,Pune,Maharashtra,30,Female,2023-05-21,Silver
C00512,Sanaya,Dixit,korpalchakrika@example.com,New Delhi,Delhi,19,Male,2023-06-18,Bronze
C00513,Nisha,Srinivas,chahalati@example.com,New Delhi,Delhi,36,Male,2024-02-02,Bronze
C00514,Laksh,Saini,zaidbahl@example.com,Chennai,Tamil Nadu,49,Female,2024-04-02,Bronze
C00515,Jagrati,Srinivasan,kpadmanabhan@example.net,Mumbai,Maharashtra,45,Male,2025-09-06,Bronze
C00516,Ekanta,Rama,pranit05@example.net,Noida,Uttar Pradesh,55,Female,2023-11-10,Silver
C00517,Theodore,Balan,dalbir78@example.com,Ahmedabad,Gujarat,44,Female,2022-09-01,Silver
C00518,Viraj,Dutta,kotawridesh@example.com,Mumbai,Maharashtra,56,Female,2023-07-15,Bronze
C00519,Daksh,Kanda,lpant@example.org,Hyderabad,Telangana,60,Female,2022-11-10,Silver
C00520,Warjas,Nadkarni,ayaan59@example.net,Pune,Maharashtra,59,Female,2022-12-05,Silver
C00521,Lucky,Guha,lmore@example.com,Kolkata,West Bengal,24,Female,2024-02-18,Bronze
C00522,Baljiwan,Chana,kaultheodore@example.org,Bengaluru,Karnataka,53,Female,2023-08-21,Silver
C00523,Vanya,Acharya,saksham25@example.net,Mumbai,Maharashtra,47,Male,2024-05-08,Silver
C00524,Peter,Naik,bainsmanbir@example.net,Bengaluru,Karnataka,19,Female,2024-08-11,Bronze
C00525,Lucky,Choudhry,elijah56@example.net,Ahmedabad,Gujarat,25,Male,2026-01-24,Silver
C00526,Harrison,Nayar,ekantika22@example.net,Mumbai,Maharashtra,47,Male,2024-08-15,Silver
C00527,Rajeshri,Sur,owen89@example.com,Mumbai,Maharashtra,46,Male,2025-12-31,Bronze
C00528,Udant,Gill,umohanty@example.net,Pune,Maharashtra,25,Female,2026-04-18,Bronze
C00529,Chaitaly,Datta,aaravraman@example.net,Pune,Maharashtra,33,Female,2025-08-16,Silver
C00530,Bachittar,Gopal,timothy91@example.com,Mumbai,Maharashtra,47,Female,2024-02-26,Bronze
C00531,Lohit,Narula,khannaidika@example.com,Pune,Maharashtra,60,Female,2022-12-15,Bronze
C00532,Oliver,Chakrabarti,sanya04@example.org,Bengaluru,Karnataka,46,Female,2025-06-09,Bronze
C00533,Zaid,Bir,aahana10@example.org,New Delhi,Delhi,35,Male,2025-05-23,Gold
C00534,Libni,Sarma,aganesan@example.com,Pune,Maharashtra,52,Female,2025-12-22,Bronze
C00535,Kritika,Panchal,echaudhuri@example.net,Bengaluru,Karnataka,60,Male,2025-01-27,Silver
C00536,Umang,Gaba,zborah@example.org,New Delhi,Delhi,42,Female,2023-03-14,Silver
C00537,Chaitaly,Bahri,advika11@example.com,Mumbai,Maharashtra,57,Female,2023-12-24,Silver
C00538,Onkar,Prashad,falanchander@example.com,Hyderabad,Telangana,55,Female,2023-02-06,Bronze
C00539,Vasudha,Balasubramanian,mgala@example.com,Pune,Maharashtra,25,Female,2024-10-31,Silver
C00540,Naksh,Bera,narulasamesh@example.org,Bengaluru,Karnataka,56,Female,2024-03-14,Bronze
C00541,Nimrat,Zachariah,baghyawati43@example.org,Pune,Maharashtra,52,Female,2022-12-25,Silver
C00542,Chandran,Ramaswamy,ddube@example.com,Noida,Uttar Pradesh,28,Female,2023-06-08,Bronze
C00543,Aarush,Sane,menonvarsha@example.org,Mumbai,Maharashtra,57,Female,2024-01-07,Bronze
C00544,Gunbir,Bal,onkarmanne@example.org,Pune,Maharashtra,30,Male,2025-10-12,Platinum
C00545,Urvashi,D’Alia,mitali77@example.net,Bengaluru,Karnataka,44,Female,2023-10-09,Bronze
C00546,Alka,Chand,xgoyal@example.com,Chennai,Tamil Nadu,28,Female,2023-10-22,Bronze
C00547,Kala,Grover,qbasu@example.com,Hyderabad,Telangana,20,Female,2024-11-27,Silver
C00548,Udyati,Lall,amrutabhatia@example.org,Pune,Maharashtra,54,Male,2023-12-25,Silver
C00549,Gunbir,Chada,odika93@example.net,Bengaluru,Karnataka,54,Female,2025-11-29,Silver
C00550,Darsh,Ram,rwason@example.com,Hyderabad,Telangana,52,Male,2024-06-27,Bronze
C00551,Warinder,Soni,farhan60@example.net,New Delhi,Delhi,31,Other,2023-06-26,Bronze
C00552,Zansi,Din,senoscar@example.org,Chennai,Tamil Nadu,37,Male,2025-02-27,Bronze
C00553,Siddharth,Hans,brijeshsampath@example.org,Mumbai,Maharashtra,46,Male,2026-01-21,Bronze
C00554,Radhika,Jaggi,aarnanagarajan@example.net,Hyderabad,Telangana,55,Female,2025-05-15,Gold
C00555,Ekalinga,Chahal,jranganathan@example.com,Bengaluru,Karnataka,28,Female,2024-02-23,Silver
C00556,Anya,Venkatesh,yarora@example.net,Hyderabad,Telangana,54,Female,2026-03-19,Bronze
C00557,Oni,Chowdhury,jdoctor@example.net,Bengaluru,Karnataka,36,Female,2024-09-24,Bronze
C00558,Harish,Cherian,mangalhemangini@example.com,Chennai,Tamil Nadu,24,Female,2022-09-26,Silver
C00559,Aishani,Rajagopal,csolanki@example.org,Mumbai,Maharashtra,35,Male,2026-03-19,Bronze
C00560,Anya,Rau,neelimabarad@example.com,Chennai,Tamil Nadu,27,Female,2025-02-22,Gold
C00561,Garima,Khanna,somanamruta@example.com,Hyderabad,Telangana,43,Female,2022-10-03,Silver
C00562,Anmol,Nazareth,deepa47@example.net,Mumbai,Maharashtra,42,Female,2024-03-22,Silver
C00563,Guneet,Kari,charitasavant@example.com,Chennai,Tamil Nadu,43,Female,2026-01-09,Bronze
C00564,Amruta,Saha,guhariya@example.org,Kolkata,West Bengal,47,Male,2024-06-23,Bronze
C00565,Niharika,Sundaram,daksh82@example.org,Pune,Maharashtra,47,Female,2026-01-09,Silver
C00566,Deepa,Toor,xdeshmukh@example.net,Chennai,Tamil Nadu,43,Female,2023-07-20,Bronze
C00567,Ayush,Ghose,saibhardwaj@example.org,Pune,Maharashtra,38,Male,2025-01-15,Bronze
C00568,Bachittar,Shan,patelrushil@example.com,Bengaluru,Karnataka,49,Male,2023-05-16,Gold
C00569,Jyoti,Shetty,rdasgupta@example.org,Hyderabad,Telangana,24,Female,2026-04-15,Gold
C00570,Wyatt,Pradhan,lsehgal@example.com,Pune,Maharashtra,46,Female,2025-08-29,Platinum
C00571,Inaya,Padmanabhan,aarnachana@example.com,Mumbai,Maharashtra,26,Male,2022-09-07,Bronze
C00572,Ayaan,Raju,gabatanish@example.org,Chennai,Tamil Nadu,23,Female,2025-01-03,Bronze
C00573,Umang,Jhaveri,nimrat80@example.net,Mumbai,Maharashtra,28,Female,2022-11-28,Silver
C00574,Aditya,Som,oscaranand@example.org,New Delhi,Delhi,45,Female,2025-03-26,Silver
C00575,Zayyan,Mody,pallavi65@example.com,Pune,Maharashtra,22,Female,2023-11-15,Bronze
C00576,Zayyan,Kamdar,rmittal@example.net,New Delhi,Delhi,18,Female,2026-06-29,Gold
C00577,Mekhala,Chaudry,vaidyakavya@example.net,Gurugram,Haryana,26,Female,2024-03-06,Bronze
C00578,Barkha,Misra,subramaniamdevansh@example.com,Pune,Maharashtra,24,Female,2025-12-21,Gold
C00579,Aradhana,Nair,advika43@example.org,Pune,Maharashtra,59,Other,2025-10-19,Bronze
C00580,Zansi,Khosla,ravalekaja@example.net,Bengaluru,Karnataka,57,Female,2026-07-01,Bronze
C00581,Logan,Bal,qmerchant@example.com,New Delhi,Delhi,27,Male,2023-01-09,Silver
C00582,Nidhi,Rama,guptahemal@example.net,Mumbai,Maharashtra,23,Male,2025-04-30,Bronze
C00583,Tristan,Warrior,gparmer@example.com,Pune,Maharashtra,40,Male,2024-05-23,Bronze
C00584,Onkar,Golla,gunbir72@example.net,Pune,Maharashtra,59,Female,2024-12-28,Silver
C00585,Aarna,Goswami,gaurav35@example.org,Bengaluru,Karnataka,36,Male,2023-02-20,Silver
C00586,Damyanti,Salvi,kamya49@example.com,Chennai,Tamil Nadu,37,Female,2022-11-08,Silver
C00587,Ubika,Dalal,obera@example.net,Pune,Maharashtra,36,Female,2024-05-07,Silver
C00588,Ekavir,Sodhi,xitidar@example.net,Hyderabad,Telangana,49,Female,2025-03-15,Bronze
C00589,Lakshmi,Wagle,odika02@example.org,New Delhi,Delhi,51,Male,2026-02-23,Bronze
C00590,Sai,Oommen,jshankar@example.com,Mumbai,Maharashtra,26,Female,2024-10-08,Gold
C00591,Pranit,Buch,onatarajan@example.org,Mumbai,Maharashtra,29,Male,2023-06-26,Platinum
C00592,Dhriti,Bhardwaj,sethanusha@example.org,Hyderabad,Telangana,55,Female,2026-06-14,Bronze
C00593,Om,Dutt,ichakrabarti@example.net,Pune,Maharashtra,43,Female,2026-03-17,Silver
C00594,Radha,Sanghvi,esanghvi@example.com,Bengaluru,Karnataka,45,Female,2024-03-20,Bronze
C00595,Aayush,Barad,kashviatwal@example.com,Bengaluru,Karnataka,27,Female,2023-02-03,Bronze
C00596,Rayaan,Badami,kothariupkaar@example.net,Bengaluru,Karnataka,27,Female,2025-05-28,Bronze
C00597,Hemangini,Muni,harshilrajagopal@example.net,New Delhi,Delhi,59,Female,2022-11-26,Silver
C00598,Damini,Ganesh,bathchanchal@example.com,New Delhi,Delhi,21,Female,2025-03-17,Gold
C00599,Tamanna,Venkatesh,radha25@example.com,Pune,Maharashtra,56,Female,2023-02-11,Silver
C00600,Jagrati,Guha,netrabahl@example.org,New Delhi,Delhi,25,Female,2025-07-24,Bronze
C00601,Udarsh,Deep,anthonythaman@example.org,Pune,Maharashtra,40,Female,2023-10-06,Silver
C00602,Jatin,Peri,prashadaadhya@example.net,New Delhi,Delhi,41,Female,2025-08-11,Silver
C00603,Chanakya,Bava,bahrichanakya@example.net,Mumbai,Maharashtra,19,Female,2025-11-19,Bronze
C00604,Jack,Saha,hrai@example.net,Bengaluru,Karnataka,54,Female,2025-01-26,Bronze
C00605,Zayyan,Som,sameshandra@example.com,Bengaluru,Karnataka,49,Male,2026-03-27,Bronze
C00606,Osha,Chaudhuri,laksh61@example.net,Pune,Maharashtra,54,Female,2025-12-20,Bronze
C00607,Jacob,Mandal,cherianwidisha@example.org,New Delhi,Delhi,20,Male,2026-07-13,Bronze
C00608,Ryan,Lall,ishitarout@example.com,Pune,Maharashtra,42,Male,2024-07-03,Bronze
C00609,Naveen,Baral,sjohal@example.com,Kolkata,West Bengal,53,Male,2026-05-07,Silver
C00610,Ganga,Keer,aryagaurav@example.org,New Delhi,Delhi,38,Female,2025-04-15,Gold
C00611,Wakeeta,Dixit,vaidyafalan@example.net,Mumbai,Maharashtra,54,Female,2026-02-09,Silver
C00612,Harrison,Kunda,tanmayiminhas@example.com,Ahmedabad,Gujarat,32,Male,2025-07-16,Platinum
C00613,Ucchal,Bedi,ghoshbalveer@example.com,Kolkata,West Bengal,47,Male,2026-02-27,Silver
C00614,Jagvi,Munshi,gdalia@example.org,Mumbai,Maharashtra,53,Female,2026-01-23,Bronze
C00615,Aditya,Devi,falguniparmar@example.com,Mumbai,Maharashtra,57,Female,2024-11-03,Bronze
C00616,Amrita,Chander,hema21@example.com,Gurugram,Haryana,52,Male,2025-06-13,Bronze
C00617,Mugdha,Shan,lekha76@example.net,Pune,Maharashtra,19,Female,2024-03-31,Bronze
C00618,Ojas,Chowdhury,danieldutta@example.org,Chennai,Tamil Nadu,39,Female,2026-06-29,Silver
C00619,Omaja,Subramanian,ngolla@example.com,Chennai,Tamil Nadu,24,Female,2024-10-27,Platinum
C00620,Jagrati,Balakrishnan,vasudhasura@example.org,Mumbai,Maharashtra,27,Female,2026-03-18,Bronze
C00621,Nisha,Sastry,bhatnagaradvika@example.net,Ahmedabad,Gujarat,44,Female,2023-08-19,Bronze
C00622,Dipta,Arora,hamsinivenkataraman@example.net,Gurugram,Haryana,55,Female,2026-01-26,Bronze
C00623,Girish,Sant,vasatikapal@example.net,Hyderabad,Telangana,55,Female,2026-02-15,Bronze
C00624,Lekha,Dixit,aptenaksh@example.net,Kolkata,West Bengal,36,Female,2025-03-21,Bronze
C00625,Upasna,Tandon,falanswamy@example.com,Hyderabad,Telangana,38,Female,2022-08-13,Bronze
C00626,Wridesh,Narayanan,chandresh83@example.net,Pune,Maharashtra,26,Male,2025-05-29,Silver
C00627,Kritika,Rau,farhansharaf@example.com,Pune,Maharashtra,46,Female,2025-08-16,Bronze
C00628,Sara,Chakrabarti,usekhon@example.org,Bengaluru,Karnataka,46,Female,2025-05-19,Bronze
C00629,Widisha,Badami,ravalnitara@example.org,Pune,Maharashtra,37,Male,2025-08-30,Silver
C00630,Aadi,Chand,yashoda83@example.net,Pune,Maharashtra,27,Female,2024-09-15,Bronze
C00631,Tanmayi,Om,chatura37@example.com,Mumbai,Maharashtra,21,Female,2023-09-01,Bronze
C00632,Urvashi,Patla,gcomar@example.net,Noida,Uttar Pradesh,43,Male,2026-05-16,Silver
C00633,Tristan,Agate,isha48@example.net,Bengaluru,Karnataka,47,Female,2026-01-06,Silver
C00634,Kashvi,Cherian,galawaida@example.org,Pune,Maharashtra,32,Female,2026-03-14,Gold
C00635,Nimrat,Chhabra,rohan31@example.com,Mumbai,Maharashtra,59,Female,2023-01-05,Silver
C00636,Tanveer,Shankar,hamsinichokshi@example.com,Ahmedabad,Gujarat,19,Other,2026-02-15,Bronze
C00637,Chakradhar,Dasgupta,qshankar@example.net,New Delhi,Delhi,23,Male,2025-10-28,Gold
C00638,Yamini,Desai,hagrawal@example.net,Mumbai,Maharashtra,47,Female,2026-04-22,Gold
C00639,Chanakya,Sant,xtrivedi@example.org,Mumbai,Maharashtra,49,Female,2024-05-01,Silver
C00640,Oscar,Dave,ramekanta@example.net,Pune,Maharashtra,29,Female,2025-05-05,Bronze
C00641,Leena,Sahota,anusharao@example.com,Pune,Maharashtra,57,Female,2023-02-07,Silver
C00642,Chaitaly,Sethi,lakshitsachar@example.net,Bengaluru,Karnataka,48,Female,2023-06-17,Bronze
C00643,Yauvani,Mistry,teerth33@example.net,Pune,Maharashtra,59,Male,2025-06-05,Silver
C00644,Bina,Pai,pranavthakur@example.net,New Delhi,Delhi,19,Other,2023-07-01,Silver
C00645,Ekantika,D’Alia,varsha99@example.net,Mumbai,Maharashtra,49,Female,2023-06-29,Silver
C00646,Omisha,Walla,pahal08@example.org,Mumbai,Maharashtra,29,Female,2025-01-11,Silver
C00647,Aryan,Raj,chatreshbhalla@example.org,Pune,Maharashtra,21,Male,2024-12-20,Bronze
C00648,Amara,Dyal,zashil20@example.net,Mumbai,Maharashtra,32,Other,2023-04-09,Bronze
C00649,Chakrika,Jani,parmersneha@example.org,New Delhi,Delhi,52,Male,2025-01-19,Gold
C00650,Udarsh,Ramachandran,yastimani@example.net,Pune,Maharashtra,54,Male,2025-04-25,Silver
C00651,Champak,Raj,ysaha@example.net,Mumbai,Maharashtra,29,Female,2025-07-28,Bronze
C00652,Dhriti,Bhagat,krishnamurthysamaksh@example.net,New Delhi,Delhi,55,Female,2024-07-14,Silver
C00653,Saanvi,Kar,ronith34@example.com,Kolkata,West Bengal,27,Female,2023-05-21,Bronze
C00654,Peter,Borde,oscarvarkey@example.org,Gurugram,Haryana,52,Female,2023-10-14,Bronze
C00655,Krishna,Baria,jmallick@example.com,Pune,Maharashtra,56,Female,2025-03-29,Silver
C00656,Kalpit,Dyal,abdul57@example.net,Pune,Maharashtra,30,Male,2023-02-07,Bronze
C00657,Mohammed,Baral,ekantikabehl@example.net,Pune,Maharashtra,21,Female,2024-09-24,Silver
C00658,Charvi,Swaminathan,elijah58@example.org,Ahmedabad,Gujarat,51,Male,2025-12-03,Platinum
C00659,Qarin,Verma,tiwarinathaniel@example.com,Mumbai,Maharashtra,43,Female,2022-10-31,Bronze
C00660,Netra,Chanda,timothy35@example.com,Mumbai,Maharashtra,45,Male,2025-08-30,Platinum
C00661,Jalsa,Memon,vaishnaviandra@example.org,New Delhi,Delhi,53,Female,2025-07-27,Gold
C00662,Hiral,Sehgal,yagneshbaral@example.net,Hyderabad,Telangana,60,Female,2025-04-17,Bronze
C00663,Ekani,Raj,rajuaahana@example.net,Mumbai,Maharashtra,36,Female,2022-09-07,Silver
C00664,Barkha,Bakshi,yoshita87@example.com,Kolkata,West Bengal,43,Male,2023-05-02,Silver
C00665,Caleb,Minhas,ekanivarkey@example.org,Bengaluru,Karnataka,56,Female,2025-07-11,Gold
C00666,Gopal,Ganesh,bhattishivansh@example.net,Bengaluru,Karnataka,54,Female,2022-12-17,Bronze
C00667,Tanay,Samra,jharadhika@example.net,Mumbai,Maharashtra,33,Female,2026-02-09,Bronze
C00668,Ekbal,Dube,sharafgarima@example.org,New Delhi,Delhi,60,Female,2026-01-18,Gold
C00669,Gagan,Borah,gokhalezayan@example.net,Mumbai,Maharashtra,31,Female,2025-01-21,Bronze
C00670,Ekavir,Kari,nikita67@example.net,Mumbai,Maharashtra,18,Female,2025-12-09,Bronze
C00671,Nidhi,Sant,anay61@example.net,Mumbai,Maharashtra,44,Female,2025-08-12,Bronze
C00672,Abeer,Bhatnagar,boraishita@example.net,Bengaluru,Karnataka,48,Male,2025-12-23,Silver
C00673,Hitesh,Mann,gabriel47@example.com,Hyderabad,Telangana,28,Female,2025-04-13,Silver
C00674,Megha,Balasubramanian,idugar@example.org,Pune,Maharashtra,38,Female,2026-06-07,Bronze
C00675,Laban,Raman,maanas45@example.org,Mumbai,Maharashtra,28,Male,2024-06-10,Silver
C00676,Lohit,Dasgupta,ahluwaliameera@example.net,Ahmedabad,Gujarat,39,Female,2026-01-09,Silver
C00677,Frederick,Mody,hemanginikakar@example.com,Bengaluru,Karnataka,45,Male,2026-05-16,Bronze
C00678,Yauvani,Dhar,qarinkant@example.net,Chennai,Tamil Nadu,21,Female,2025-08-31,Bronze
C00679,Zayyan,Hari,gollachatura@example.net,Pune,Maharashtra,53,Male,2022-08-21,Silver
C00680,Triya,Bora,ekalinga41@example.org,Mumbai,Maharashtra,37,Female,2024-12-19,Bronze
C00681,Vidhi,Narayanan,kabir31@example.com,Bengaluru,Karnataka,27,Female,2023-10-17,Bronze
C00682,Ekaraj,Hari,vedika75@example.net,Pune,Maharashtra,58,Female,2022-11-01,Bronze
C00683,Damini,Dua,diya62@example.org,Pune,Maharashtra,58,Female,2025-08-03,Bronze
C00684,Dhriti,Koshy,rajatamalhotra@example.com,Chennai,Tamil Nadu,43,Female,2024-10-25,Gold
C00685,Krish,Narula,cshere@example.com,Mumbai,Maharashtra,52,Female,2022-12-12,Bronze
C00686,Dalaja,Sur,gillfinn@example.com,Mumbai,Maharashtra,46,Female,2025-07-01,Bronze
C00687,Logan,Yohannan,adyabose@example.net,Mumbai,Maharashtra,54,Female,2025-01-14,Silver
C00688,Faqid,Bahl,ravelsimon@example.org,New Delhi,Delhi,60,Female,2026-01-24,Silver
C00689,Abha,Zacharia,xdixit@example.com,Gurugram,Haryana,32,Female,2023-03-29,Gold
C00690,Udant,Mannan,ucchalthaker@example.net,Hyderabad,Telangana,52,Female,2024-03-13,Gold
C00691,Gautam,Ranganathan,yadavi03@example.net,Bengaluru,Karnataka,48,Female,2025-03-23,Bronze
C00692,Noah,Varkey,sanayadutta@example.org,Chennai,Tamil Nadu,50,Female,2026-05-08,Silver
C00693,Madhav,Sule,banjeet37@example.org,Bengaluru,Karnataka,27,Female,2023-01-25,Silver
C00694,Dev,Lalla,vivaan03@example.net,Pune,Maharashtra,31,Male,2025-08-10,Bronze
C00695,Jalsa,Rama,csha@example.org,Mumbai,Maharashtra,45,Female,2022-09-18,Gold
C00696,Ekiya,Chauhan,adya98@example.net,Pune,Maharashtra,34,Female,2023-03-18,Silver
C00697,Owen,Puri,lpau@example.net,Hyderabad,Telangana,42,Female,2026-01-21,Silver
C00698,Faras,Varughese,krisha38@example.com,Chennai,Tamil Nadu,47,Male,2023-08-19,Bronze
C00699,Ira,Pai,msubramaniam@example.org,New Delhi,Delhi,51,Male,2023-04-02,Bronze
C00700,Yachana,Dewan,ogandhi@example.org,Pune,Maharashtra,55,Female,2023-05-15,Platinum
C00701,Yoshita,Mand,masongrover@example.org,Pune,Maharashtra,54,Male,2025-12-14,Silver
C00702,Janaki,Dani,oeshinarayanan@example.net,Chennai,Tamil Nadu,44,Female,2024-08-13,Silver
C00703,Ishaan,Subramaniam,nsrinivas@example.net,Bengaluru,Karnataka,20,Female,2023-11-23,Bronze
C00704,Neel,Roy,kohlicaleb@example.org,Bengaluru,Karnataka,43,Female,2022-09-23,Gold
C00705,Naveen,Desai,dindaksh@example.org,Mumbai,Maharashtra,21,Male,2025-03-19,Gold
C00706,Aarna,Gole,ubahl@example.net,Ahmedabad,Gujarat,39,Male,2026-06-07,Bronze
C00707,Bhanumati,Chada,saumyasinha@example.com,Mumbai,Maharashtra,24,Other,2023-10-16,Bronze
C00708,Onkar,Kanda,ydhar@example.net,Mumbai,Maharashtra,38,Female,2024-01-23,Bronze
C00709,Qabil,Vaidya,oliver57@example.net,New Delhi,Delhi,46,Female,2025-06-29,Gold
C00710,Ekapad,Karpe,irajan@example.org,New Delhi,Delhi,41,Male,2023-08-26,Silver
C00711,Amol,Jain,mdoctor@example.org,Pune,Maharashtra,50,Female,2024-10-19,Silver
C00712,Peter,Soni,waliyahvi@example.org,Bengaluru,Karnataka,19,Female,2023-05-11,Gold
C00713,Girik,Subramaniam,aaravsankar@example.net,Pune,Maharashtra,33,Female,2026-03-22,Bronze
C00714,Osha,Prabhakar,waglepushti@example.org,Mumbai,Maharashtra,35,Female,2025-06-06,Bronze
C00715,Vasatika,Raj,guneet62@example.com,Mumbai,Maharashtra,19,Female,2025-11-07,Bronze
C00716,Vansha,Kaul,mandernilima@example.com,Mumbai,Maharashtra,55,Female,2023-11-20,Bronze
C00717,Ranbir,Ahluwalia,virkjacob@example.net,Chennai,Tamil Nadu,23,Female,2025-02-04,Bronze
C00718,Abhimanyu,Prashad,diyarege@example.com,Pune,Maharashtra,31,Male,2023-05-04,Silver
C00719,Hredhaan,Dubey,qkulkarni@example.net,New Delhi,Delhi,59,Female,2025-01-13,Bronze
C00720,Pallavi,Pau,mekhala36@example.net,Hyderabad,Telangana,18,Female,2022-09-20,Bronze
C00721,Vasudha,Gola,veda44@example.net,Pune,Maharashtra,32,Female,2026-07-01,Gold
C00722,Hemangini,Rao,jagatkarpe@example.com,Mumbai,Maharashtra,59,Female,2022-07-27,Gold
C00723,Neel,Chaudhry,yashodarattan@example.com,Chennai,Tamil Nadu,34,Female,2023-12-21,Bronze
C00724,Charles,Dyal,zahluwalia@example.org,Bengaluru,Karnataka,43,Female,2023-01-18,Bronze
C00725,Maanav,Sinha,echakrabarti@example.com,Noida,Uttar Pradesh,53,Female,2024-06-12,Silver
C00726,Tristan,Prabhakar,baradleena@example.com,Mumbai,Maharashtra,48,Female,2025-12-09,Platinum
C00727,Bhavini,Bhandari,wardasarna@example.org,New Delhi,Delhi,34,Female,2024-12-28,Platinum
C00728,Saksham,Vasa,robert09@example.net,New Delhi,Delhi,27,Female,2025-06-28,Bronze
C00729,Zaitra,Kata,balendraparsa@example.org,Pune,Maharashtra,43,Female,2023-03-08,Silver
C00730,Aadi,Dugar,majumdarmugdha@example.com,New Delhi,Delhi,49,Other,2022-11-14,Bronze
C00731,Megha,Ravi,zarnaaurora@example.net,Mumbai,Maharashtra,20,Female,2024-05-14,Platinum
C00732,Ekapad,Chana,ijaya54@example.org,Hyderabad,Telangana,32,Female,2024-08-15,Silver
C00733,Robert,Sha,qagrawal@example.org,Bengaluru,Karnataka,40,Female,2022-10-12,Gold
C00734,Niharika,Toor,borayahvi@example.com,Chennai,Tamil Nadu,29,Female,2023-06-01,Bronze
C00735,Harini,Dada,zashil76@example.net,New Delhi,Delhi,29,Male,2023-05-31,Gold
C00736,Veda,Kohli,tara79@example.org,New Delhi,Delhi,40,Female,2025-04-19,Gold
C00737,Vasatika,Dada,ekansh63@example.net,Mumbai,Maharashtra,41,Female,2024-09-08,Bronze
C00738,Victor,Mutti,hpandit@example.net,Chennai,Tamil Nadu,21,Male,2023-11-28,Silver
C00739,Aditya,Lall,bhavnachander@example.com,Kolkata,West Bengal,48,Male,2026-02-23,Silver
C00740,Hema,Borra,vamakshimurthy@example.com,Chennai,Tamil Nadu,51,Female,2024-05-28,Bronze
C00741,Tejas,Luthra,ranveertara@example.net,Chennai,Tamil Nadu,30,Female,2025-10-10,Platinum
C00742,Ryan,Keer,alkajhaveri@example.org,Ahmedabad,Gujarat,27,Female,2023-12-24,Silver
C00743,Samaksh,Krish,nachiket11@example.org,Hyderabad,Telangana,39,Female,2023-10-24,Bronze
C00744,Waida,Ahuja,subramaniamkamya@example.net,New Delhi,Delhi,46,Female,2026-07-09,Silver
C00745,Divya,Tailor,vritti28@example.com,Pune,Maharashtra,49,Male,2025-08-28,Silver
C00746,Mitali,Kapadia,chaturavora@example.com,Pune,Maharashtra,58,Female,2024-02-11,Bronze
C00747,Vanya,Zachariah,thakkaridika@example.com,Bengaluru,Karnataka,20,Female,2026-07-09,Silver
C00748,Owen,Shankar,vasatriveni@example.com,Kolkata,West Bengal,51,Female,2024-09-27,Silver
C00749,Abhiram,Arora,ladlichaudhuri@example.com,Bengaluru,Karnataka,32,Female,2025-02-24,Bronze
C00750,Janaki,Lad,adyakhalsa@example.com,Pune,Maharashtra,50,Female,2024-05-24,Bronze
C00751,Urishilla,Oza,qarin76@example.org,Hyderabad,Telangana,36,Female,2024-11-15,Silver
C00752,Oni,Pradhan,nandini47@example.org,Bengaluru,Karnataka,26,Female,2024-02-11,Gold
C00753,Karan,Karnik,madanwarinder@example.net,Mumbai,Maharashtra,28,Male,2025-06-28,Gold
C00754,Rachana,Raj,madhavdoctor@example.com,Mumbai,Maharashtra,32,Male,2025-04-07,Bronze
C00755,Aditya,Goda,itata@example.net,New Delhi,Delhi,50,Female,2023-03-29,Bronze
C00756,Zansi,Walla,vidhi44@example.net,New Delhi,Delhi,42,Male,2026-05-03,Bronze
C00757,Champak,Rao,gadedarpan@example.org,Bengaluru,Karnataka,56,Other,2026-04-10,Silver
C00758,Aachal,Soni,senguptagaurika@example.com,New Delhi,Delhi,21,Female,2026-06-08,Bronze
C00759,Jalsa,Parsa,hemangini06@example.org,Mumbai,Maharashtra,34,Female,2023-06-24,Bronze
C00760,Indali,Issac,bhavanipant@example.com,New Delhi,Delhi,18,Female,2023-01-05,Silver
C00761,Yashvi,Sura,ybrar@example.net,New Delhi,Delhi,57,Female,2025-01-12,Bronze
C00762,Bhavini,Sheth,olivernazareth@example.com,Chennai,Tamil Nadu,50,Female,2025-12-16,Bronze
C00763,Nidhi,Bora,edwinhemal@example.org,Pune,Maharashtra,49,Female,2025-12-13,Bronze
C00764,Dipta,Nadig,amara96@example.com,Mumbai,Maharashtra,30,Female,2023-08-12,Bronze
C00765,Sai,Patil,ksachdev@example.org,Pune,Maharashtra,49,Male,2023-06-22,Silver
C00766,Arin,Dass,zayanbuch@example.org,Bengaluru,Karnataka,18,Female,2025-03-25,Bronze
C00767,Ojas,Ranganathan,chandrandevansh@example.com,Pune,Maharashtra,60,Female,2023-04-30,Gold
C00768,Chatura,Bal,wviswanathan@example.org,Hyderabad,Telangana,24,Male,2026-02-15,Silver
C00769,Hemang,Lala,fradoramakrishnan@example.com,Bengaluru,Karnataka,34,Female,2024-11-19,Bronze
C00770,Veer,Kota,saanvi22@example.net,Pune,Maharashtra,36,Female,2026-04-29,Silver
C00771,Onkar,Balakrishnan,parikheshana@example.com,Mumbai,Maharashtra,24,Male,2025-11-23,Gold
C00772,Unni,Zachariah,sai28@example.org,Pune,Maharashtra,60,Female,2025-10-08,Bronze
C00773,Tanmayi,Saran,idika78@example.org,Ahmedabad,Gujarat,35,Male,2023-01-22,Bronze
C00774,Gaurav,Sathe,jasmit64@example.org,Hyderabad,Telangana,25,Female,2025-07-09,Platinum
C00775,Chavvi,Anne,virklaban@example.com,Mumbai,Maharashtra,48,Male,2024-05-20,Silver
C00776,Bhavini,Singh,swamyvansha@example.com,Hyderabad,Telangana,26,Female,2025-11-29,Bronze
C00777,Aditya,Sani,vihaan08@example.com,Kolkata,West Bengal,24,Female,2025-08-26,Silver
C00778,Ranbir,Sabharwal,prana@example.org,Hyderabad,Telangana,46,Female,2022-09-28,Bronze
C00779,Madhavi,Radhakrishnan,adyabuch@example.com,Mumbai,Maharashtra,26,Female,2026-05-20,Bronze
C00780,Wriddhish,Varughese,bhavani84@example.com,Chennai,Tamil Nadu,20,Female,2024-01-28,Silver
C00781,Raghav,Biswas,labanmann@example.org,Pune,Maharashtra,51,Male,2022-09-29,Silver
C00782,Tamanna,Sethi,vyanjana35@example.org,Bengaluru,Karnataka,39,Female,2022-10-16,Silver
C00783,Max,Bawa,grewalharsh@example.com,Bengaluru,Karnataka,60,Male,2024-02-13,Bronze
C00784,Amruta,Dass,oanand@example.org,New Delhi,Delhi,42,Female,2022-12-13,Gold
C00785,Matthew,Aurora,vkalla@example.com,Ahmedabad,Gujarat,21,Female,2023-02-09,Gold
C00786,Devika,Tara,ubika05@example.org,Bengaluru,Karnataka,49,Male,2023-11-30,Bronze
C00787,Madhav,Bhalla,manya18@example.com,Bengaluru,Karnataka,39,Other,2025-03-12,Bronze
C00788,Pratyush,Handa,lakshmi01@example.net,Pune,Maharashtra,42,Female,2022-12-09,Bronze
C00789,Yuvraj,Rajan,vkota@example.org,Bengaluru,Karnataka,46,Female,2023-05-02,Bronze
C00790,Rushil,Sharma,vermasathvik@example.com,Mumbai,Maharashtra,59,Female,2023-10-04,Bronze
C00791,Lopa,Muni,nathan08@example.net,Pune,Maharashtra,18,Male,2023-06-20,Silver
C00792,Jason,Kulkarni,mmisra@example.com,Kolkata,West Bengal,37,Male,2022-12-21,Silver
C00793,Charles,Kamdar,keerradha@example.com,New Delhi,Delhi,39,Female,2023-12-27,Bronze
C00794,Alexander,Ganesh,jagdish63@example.org,Pune,Maharashtra,39,Female,2023-12-31,Silver
C00795,Brijesh,Soman,kamyachakraborty@example.org,Bengaluru,Karnataka,41,Female,2022-11-11,Bronze
C00796,Nakul,Tata,nigamdarpan@example.org,Hyderabad,Telangana,18,Female,2025-04-20,Gold
C00797,Ishani,Dube,dassvinaya@example.org,Kolkata,West Bengal,53,Female,2024-11-28,Silver
C00798,Edhitha,Palan,bhans@example.net,Pune,Maharashtra,49,Female,2025-08-16,Silver
C00799,Krishna,Parmar,zashilbaral@example.com,New Delhi,Delhi,34,Female,2025-12-11,Bronze
C00800,Raksha,Menon,kgupta@example.org,Kolkata,West Bengal,31,Female,2024-05-05,Silver
C00801,Ijaya,Naik,mmaharaj@example.net,New Delhi,Delhi,44,Female,2025-12-10,Silver
C00802,Naveen,Biswas,shivanimerchant@example.com,New Delhi,Delhi,46,Female,2025-11-08,Silver
C00803,Jeevika,Setty,toorladli@example.net,Bengaluru,Karnataka,18,Female,2023-10-01,Bronze
C00804,Qasim,Bahl,william51@example.net,Kolkata,West Bengal,48,Male,2023-04-07,Silver
C00805,Lila,Gupta,ndube@example.com,Ahmedabad,Gujarat,55,Female,2022-09-01,Gold
C00806,Ekantika,Rout,indrajit18@example.net,Pune,Maharashtra,56,Female,2022-11-10,Bronze
C00807,Ekalinga,Bassi,pranavbalay@example.org,Chennai,Tamil Nadu,56,Male,2024-03-13,Silver
C00808,Hredhaan,Sunder,hardikbalay@example.net,Mumbai,Maharashtra,36,Female,2024-08-15,Bronze
C00809,Lipika,Suri,chandran53@example.net,Mumbai,Maharashtra,50,Female,2022-08-15,Silver
C00810,Ekavir,Arya,vyanjanabuch@example.com,Chennai,Tamil Nadu,53,Female,2022-07-22,Bronze
C00811,Darsh,Patel,ypillay@example.net,Bengaluru,Karnataka,40,Male,2024-11-30,Bronze
C00812,Dalbir,Lata,bobaldaksha@example.org,New Delhi,Delhi,50,Female,2025-07-19,Silver
C00813,Tarak,Venkataraman,chaudhurivihaan@example.net,New Delhi,Delhi,53,Female,2024-07-27,Silver
C00814,Lekha,Gupta,yuvrajgola@example.net,New Delhi,Delhi,52,Female,2024-03-16,Gold
C00815,Ojasvi,Cherian,tara61@example.org,Hyderabad,Telangana,24,Female,2023-08-13,Bronze
C00816,Pranit,Ratti,nakul89@example.com,New Delhi,Delhi,35,Male,2025-06-04,Bronze
C00817,Indira,Murty,kamya66@example.net,Mumbai,Maharashtra,27,Male,2025-02-20,Silver
C00818,Ekiya,Khosla,keyakumar@example.com,Mumbai,Maharashtra,20,Female,2023-07-06,Bronze
C00819,Sneha,Sem,uacharya@example.org,Bengaluru,Karnataka,53,Male,2022-10-04,Silver
C00820,Bhavani,Babu,chasmumahuja@example.com,Bengaluru,Karnataka,50,Male,2025-03-19,Silver
C00821,Tristan,Kala,anthony48@example.net,Mumbai,Maharashtra,21,Male,2022-10-27,Bronze
C00822,Mohammed,Chandra,sharmaishani@example.org,Kolkata,West Bengal,38,Male,2022-09-14,Bronze
C00823,Lakshit,Lanka,zaid34@example.com,New Delhi,Delhi,57,Male,2025-05-29,Gold
C00824,George,Ratta,farasnair@example.com,Mumbai,Maharashtra,58,Female,2025-04-13,Silver
C00825,Oscar,Sura,mitalbaljiwan@example.net,Hyderabad,Telangana,56,Female,2023-06-25,Silver
C00826,Lakshmi,Brar,nattijaya@example.com,Pune,Maharashtra,29,Other,2024-01-11,Bronze
C00827,Omaja,Dara,advayraja@example.org,Kolkata,West Bengal,25,Female,2023-08-31,Bronze
C00828,Dalaja,Viswanathan,nagarmason@example.com,Bengaluru,Karnataka,28,Female,2025-10-25,Bronze
C00829,Yadavi,Kant,chandreshramaswamy@example.com,Mumbai,Maharashtra,27,Female,2022-07-26,Gold
C00830,Yamini,Chana,rachanamann@example.com,Bengaluru,Karnataka,57,Male,2023-01-15,Bronze
C00831,Manbir,Deo,fitan79@example.net,Hyderabad,Telangana,40,Female,2023-06-18,Silver
C00832,Chandran,Rastogi,frederick68@example.com,Bengaluru,Karnataka,51,Female,2025-07-07,Silver
C00833,Kalpit,Deshmukh,fhora@example.com,Mumbai,Maharashtra,43,Female,2023-07-15,Bronze
C00834,Rohan,Viswanathan,xavierbora@example.com,Pune,Maharashtra,39,Female,2024-09-07,Bronze
C00835,Qushi,Naik,chowdhuryodika@example.com,Hyderabad,Telangana,48,Other,2023-07-28,Gold
C00836,Jasmit,Pall,ekanipadmanabhan@example.net,Gurugram,Haryana,25,Female,2026-06-30,Bronze
C00837,Arjun,Mody,inayasathe@example.net,Ahmedabad,Gujarat,57,Female,2023-02-08,Bronze
C00838,Madhav,Sastry,kaurryan@example.net,Chennai,Tamil Nadu,25,Female,2024-05-28,Silver
C00839,Kashvi,Dugal,chowdhurychatura@example.org,Mumbai,Maharashtra,41,Female,2023-08-25,Silver
C00840,Manbir,Mani,ozaindrajit@example.com,Bengaluru,Karnataka,59,Female,2024-11-18,Silver
C00841,Shivani,Sinha,narulashaurya@example.net,Kolkata,West Bengal,52,Female,2025-08-10,Silver
C00842,Siddharth,Jani,vasudha92@example.net,Pune,Maharashtra,31,Male,2023-01-06,Bronze
C00843,Andrew,Puri,kumeronkar@example.org,Pune,Maharashtra,45,Female,2023-07-13,Gold
C00844,Bhanumati,Iyer,chatresh70@example.org,New Delhi,Delhi,19,Female,2025-09-07,Bronze
C00845,Lipika,Madan,hritik04@example.net,Pune,Maharashtra,29,Male,2026-03-29,Silver
C00846,Libni,Kashyap,ttrivedi@example.org,Bengaluru,Karnataka,34,Female,2025-04-08,Bronze
C00847,Diya,Sundaram,grewalrushil@example.net,Mumbai,Maharashtra,19,Female,2024-10-09,Bronze
C00848,Tanvi,Bains,kotadalaja@example.com,Pune,Maharashtra,22,Male,2023-01-29,Silver
C00849,Vrishti,Ramaswamy,andrewpalan@example.net,New Delhi,Delhi,40,Male,2026-02-20,Bronze
C00850,Indira,Pant,warinder84@example.org,Hyderabad,Telangana,56,Female,2024-11-08,Silver
C00851,Aarini,Ram,mammenumang@example.org,Mumbai,Maharashtra,60,Female,2024-04-30,Bronze
C00852,Harita,Ramaswamy,gaganraja@example.net,Pune,Maharashtra,52,Female,2024-05-09,Silver
C00853,Utkarsh,Sahni,michaelsandhu@example.com,Mumbai,Maharashtra,41,Male,2022-11-30,Bronze
C00854,Forum,Sen,samueldevi@example.net,Chennai,Tamil Nadu,25,Female,2025-10-02,Silver
C00855,Samaksh,Devi,krishna62@example.net,Mumbai,Maharashtra,23,Female,2023-06-23,Silver
C00856,Nakul,Nadkarni,waliajagat@example.org,Ahmedabad,Gujarat,31,Female,2024-08-13,Silver
C00857,Eesha,Dhingra,nagarodika@example.com,Bengaluru,Karnataka,29,Female,2025-08-23,Gold
C00858,Chavvi,Savant,max31@example.org,Pune,Maharashtra,60,Male,2025-07-12,Gold
C00859,Qasim,Bal,vihaan93@example.org,Chennai,Tamil Nadu,47,Female,2023-06-20,Bronze
C00860,Atharv,Parmer,soodkrish@example.net,New Delhi,Delhi,24,Female,2025-02-20,Silver
C00861,Upasna,Prakash,lilaswamy@example.com,Kolkata,West Bengal,26,Female,2024-07-17,Bronze
C00862,Laksh,Gade,upkaarbali@example.com,Mumbai,Maharashtra,30,Female,2026-02-26,Bronze
C00863,Alexander,Madan,vkapadia@example.net,Bengaluru,Karnataka,55,Female,2024-10-30,Silver
C00864,Samaksh,Jayaraman,goelreva@example.net,Hyderabad,Telangana,28,Female,2024-02-22,Bronze
C00865,Vrishti,Nair,bkoshy@example.com,Pune,Maharashtra,45,Female,2022-12-14,Bronze
C00866,Benjamin,Rai,meera99@example.net,New Delhi,Delhi,48,Female,2024-09-07,Bronze
C00867,Balvan,Verma,sethtanmayi@example.org,Mumbai,Maharashtra,24,Female,2023-06-15,Silver
C00868,Yatan,Venkataraman,jbaral@example.com,Chennai,Tamil Nadu,52,Female,2025-10-05,Silver
C00869,Zaitra,Bawa,bishakhasarraf@example.com,Bengaluru,Karnataka,19,Male,2026-02-14,Silver
C00870,Daksha,Mangal,bganesan@example.com,Hyderabad,Telangana,43,Male,2023-04-20,Bronze
C00871,Chatura,Varughese,ubikaseth@example.org,Pune,Maharashtra,52,Male,2025-01-31,Silver
C00872,Xiti,Chowdhury,krishnaramaswamy@example.com,New Delhi,Delhi,41,Female,2025-09-17,Gold
C00873,Ekiya,Seshadri,golasudiksha@example.net,Bengaluru,Karnataka,26,Female,2024-11-30,Silver
C00874,Saksham,Sha,krishnaekiya@example.net,Mumbai,Maharashtra,18,Female,2023-09-24,Gold
C00875,Nihal,Dasgupta,comarshivani@example.net,Hyderabad,Telangana,28,Male,2023-02-07,Bronze
C00876,Janani,Chada,nvaidya@example.org,Pune,Maharashtra,54,Female,2023-05-16,Platinum
C00877,Kritika,Rai,gardegautami@example.net,New Delhi,Delhi,40,Female,2023-11-01,Silver
C00878,Mason,Gaba,praneelbehl@example.com,Pune,Maharashtra,41,Female,2025-01-23,Silver
C00879,Darika,More,omani@example.org,Bengaluru,Karnataka,42,Female,2024-07-09,Bronze
C00880,Jacob,Deep,aarushkulkarni@example.org,Pune,Maharashtra,38,Female,2022-11-28,Platinum
C00881,Tara,Tank,mahluwalia@example.com,New Delhi,Delhi,34,Female,2025-01-04,Silver
C00882,Wazir,Kalla,asetty@example.com,Mumbai,Maharashtra,41,Female,2024-06-03,Gold
C00883,Fariq,Ahuja,arunimajohal@example.org,Pune,Maharashtra,42,Other,2025-02-18,Bronze
C00884,Qasim,Divan,pallabalhaar@example.org,Mumbai,Maharashtra,49,Male,2024-08-11,Gold
C00885,Bachittar,Misra,gagan01@example.com,Pune,Maharashtra,46,Female,2025-10-07,Bronze
C00886,Pranav,Edwin,peter79@example.com,New Delhi,Delhi,27,Female,2025-05-11,Bronze
C00887,Balendra,Chander,ekantika56@example.org,New Delhi,Delhi,60,Female,2025-11-18,Gold
C00888,Prisha,Bhattacharyya,urishilla21@example.net,New Delhi,Delhi,48,Female,2023-11-05,Silver
C00889,Anvi,Narayan,nvohra@example.net,New Delhi,Delhi,19,Female,2024-03-29,Bronze
C00890,Shaurya,Bhardwaj,wadhwagagan@example.com,Bengaluru,Karnataka,58,Female,2025-10-16,Gold
C00891,Bhavna,Sane,aashi89@example.net,Pune,Maharashtra,34,Male,2025-08-12,Silver
C00892,Irya,Dayal,uvenkatesh@example.net,Mumbai,Maharashtra,58,Female,2023-05-21,Silver
C00893,Widisha,Tailor,virajmannan@example.org,New Delhi,Delhi,23,Female,2024-12-15,Silver
C00894,Aarav,Dani,shroffjacob@example.net,Bengaluru,Karnataka,28,Female,2023-11-05,Bronze
C00895,Sarthak,Sachdeva,vbath@example.com,Pune,Maharashtra,29,Female,2023-04-12,Silver
C00896,Simon,Apte,baghyawatikumar@example.org,Pune,Maharashtra,39,Male,2022-09-13,Silver
C00897,Darika,Mital,abeer15@example.com,Pune,Maharashtra,42,Female,2024-06-04,Bronze
C00898,Meghana,Balakrishnan,rishinarayanan@example.com,Bengaluru,Karnataka,44,Male,2023-09-20,Silver
C00899,Varenya,Som,deshpandevasatika@example.org,Pune,Maharashtra,56,Female,2023-02-05,Silver
C00900,Triveni,Yadav,turvi60@example.net,Bengaluru,Karnataka,23,Female,2025-11-20,Bronze
C00901,Chandani,Mutti,joshigarima@example.com,Bengaluru,Karnataka,59,Female,2026-07-16,Bronze
C00902,Dominic,Dixit,azaan56@example.net,Chennai,Tamil Nadu,51,Female,2022-08-20,Gold
C00903,Noah,Ramachandran,jacksonmorar@example.net,Bengaluru,Karnataka,40,Female,2024-05-29,Silver
C00904,Divya,Balay,odika17@example.org,Hyderabad,Telangana,54,Female,2022-08-22,Bronze
C00905,Kamya,Seth,tarak84@example.org,Bengaluru,Karnataka,23,Female,2025-03-29,Gold
C00906,Isaac,Prasad,jaggigeorge@example.com,Mumbai,Maharashtra,18,Female,2025-06-26,Silver
C00907,Yashawini,Bakshi,jtella@example.org,Bengaluru,Karnataka,51,Female,2025-11-19,Silver
C00908,Harini,Sule,falak21@example.net,New Delhi,Delhi,44,Female,2024-10-10,Bronze
C00909,Kevin,Jha,sharaflila@example.net,New Delhi,Delhi,34,Male,2025-02-14,Bronze
C00910,Jack,Agrawal,chaitanya91@example.com,Mumbai,Maharashtra,43,Male,2024-12-31,Bronze
C00911,Unni,Batra,vermadevika@example.org,Hyderabad,Telangana,29,Female,2023-11-03,Silver
C00912,Devika,Kadakia,sai34@example.com,Mumbai,Maharashtra,54,Female,2024-10-28,Silver
C00913,Eiravati,Sastry,mahajanmanthan@example.org,New Delhi,Delhi,25,Male,2022-11-06,Bronze
C00914,Anusha,Contractor,varkeyharsh@example.org,New Delhi,Delhi,24,Female,2025-08-21,Bronze
C00915,Inaya,Nagar,lohit49@example.org,Mumbai,Maharashtra,57,Female,2023-06-17,Silver
C00916,Onveer,Bobal,hamsini87@example.org,Pune,Maharashtra,18,Male,2022-12-24,Gold
C00917,Kalpit,Balakrishnan,gbedi@example.com,Bengaluru,Karnataka,45,Female,2023-03-07,Bronze
C00918,Chatura,Chadha,lramanathan@example.net,Mumbai,Maharashtra,20,Male,2023-02-17,Gold
C00919,Sanaya,Parekh,gaurangi38@example.org,Mumbai,Maharashtra,51,Female,2022-11-13,Platinum
C00920,Udyati,Deep,sidhugunbir@example.com,Pune,Maharashtra,58,Female,2025-07-25,Bronze
C00921,Dayita,Shroff,okata@example.org,Chennai,Tamil Nadu,36,Female,2023-08-22,Silver
C00922,Aarna,Patla,sgoswami@example.net,Bengaluru,Karnataka,32,Female,2022-08-18,Silver
C00923,Ganga,Nair,bsura@example.org,Mumbai,Maharashtra,18,Other,2022-11-15,Bronze
C00924,Vaishnavi,Chowdhury,varenya72@example.com,Mumbai,Maharashtra,40,Female,2024-04-21,Bronze
C00925,Ijaya,Datta,ravihredhaan@example.com,Pune,Maharashtra,22,Male,2026-06-17,Silver
C00926,Ekavir,Mittal,lrattan@example.com,New Delhi,Delhi,55,Female,2023-05-30,Platinum
C00927,William,Kohli,vasatikarajagopalan@example.org,Mumbai,Maharashtra,30,Female,2023-02-23,Bronze
C00928,Harini,Joshi,ksaran@example.com,Pune,Maharashtra,44,Female,2025-07-25,Silver
C00929,Warinder,Ghose,surishwar@example.net,Bengaluru,Karnataka,25,Male,2024-08-21,Platinum
C00930,Ubika,Nanda,saxenapatrick@example.com,Chennai,Tamil Nadu,34,Female,2023-04-28,Platinum
C00931,Nidra,Boase,raghavanfalak@example.com,Bengaluru,Karnataka,39,Male,2025-03-07,Bronze
C00932,Darsh,Chana,liamacharya@example.org,Bengaluru,Karnataka,19,Female,2023-04-04,Bronze
C00933,Manthan,Sethi,madhavi99@example.com,Mumbai,Maharashtra,32,Male,2025-04-23,Bronze
C00934,Rohan,Jha,chandani94@example.com,Mumbai,Maharashtra,18,Female,2023-07-17,Bronze
C00935,Hemangini,Chakraborty,uppalnetra@example.org,Mumbai,Maharashtra,39,Female,2024-04-22,Gold
C00936,Chaitaly,Bhatia,chatresh08@example.com,Bengaluru,Karnataka,31,Male,2024-07-24,Bronze
C00937,Imaran,Manda,keerrachana@example.net,Kolkata,West Bengal,30,Female,2022-09-18,Bronze
C00938,Meera,Nadkarni,yravi@example.com,New Delhi,Delhi,31,Female,2025-01-21,Gold
C00939,Siddharth,Ghose,mdewan@example.net,Chennai,Tamil Nadu,27,Male,2024-07-19,Bronze
C00940,Leena,Parsa,sdube@example.net,Pune,Maharashtra,49,Female,2022-10-29,Silver
C00941,Jeremiah,Desai,boraamol@example.org,Bengaluru,Karnataka,48,Female,2026-04-23,Bronze
C00942,Vidhi,Sarkar,fradodevan@example.net,Ahmedabad,Gujarat,35,Female,2023-04-29,Platinum
C00943,Ojasvi,Shah,dgole@example.net,Ahmedabad,Gujarat,43,Female,2024-12-22,Silver
C00944,Panini,Sengupta,opant@example.org,Pune,Maharashtra,48,Male,2024-03-04,Bronze
C00945,Panini,Amble,tkhalsa@example.net,Mumbai,Maharashtra,29,Female,2022-09-12,Bronze
C00946,Amruta,Roy,bahadurjit09@example.com,Bengaluru,Karnataka,18,Female,2024-10-10,Bronze
C00947,Jyoti,Chowdhury,jbuch@example.net,Bengaluru,Karnataka,41,Female,2024-09-20,Bronze
C00948,Ati,Shroff,virkgaurang@example.org,Bengaluru,Karnataka,35,Female,2025-03-20,Silver
C00949,Urmi,Brahmbhatt,chatresh58@example.org,Mumbai,Maharashtra,45,Female,2023-10-01,Silver
C00950,Upasna,Setty,anarula@example.com,Mumbai,Maharashtra,35,Female,2024-04-19,Silver
C00951,Chaitaly,Mann,balendramodi@example.net,Gurugram,Haryana,32,Male,2022-09-13,Silver
C00952,Abha,Bhat,kgara@example.org,Hyderabad,Telangana,45,Male,2023-06-07,Bronze
C00953,Bishakha,Bala,vedhika12@example.net,Hyderabad,Telangana,48,Male,2025-09-15,Bronze
C00954,Faraj,Mall,kevin94@example.com,Bengaluru,Karnataka,51,Female,2023-01-04,Bronze
C00955,Aarini,Atwal,ghoshmatthew@example.net,Bengaluru,Karnataka,53,Male,2025-02-20,Bronze
C00956,Sanya,Pingle,advikakeer@example.com,Pune,Maharashtra,21,Female,2025-08-18,Bronze
C00957,Pratyush,Wable,ozafrado@example.org,Chennai,Tamil Nadu,46,Male,2026-01-02,Bronze
C00958,Mitesh,Tandon,prajagopal@example.net,Mumbai,Maharashtra,34,Female,2023-06-03,Bronze
C00959,Ria,Ganesh,hemanibhagat@example.net,Mumbai,Maharashtra,56,Female,2022-09-26,Silver
C00960,Aishani,D’Alia,ganeshucchal@example.com,New Delhi,Delhi,36,Female,2025-07-26,Silver
C00961,Vamakshi,Mitra,owalia@example.com,Bengaluru,Karnataka,23,Female,2024-01-15,Bronze
C00962,Madhavi,Som,maanav86@example.org,New Delhi,Delhi,28,Female,2025-09-25,Gold
C00963,Bhavya,Sen,hmutti@example.net,Mumbai,Maharashtra,54,Female,2023-02-10,Gold
C00964,Benjamin,Chatterjee,rachana94@example.com,Pune,Maharashtra,32,Female,2024-08-14,Silver
C00965,Anamika,Loke,kumermahika@example.com,New Delhi,Delhi,59,Female,2023-02-25,Gold
C00966,Wyatt,Hayer,pranit58@example.org,Hyderabad,Telangana,55,Female,2024-07-05,Bronze
C00967,Abhiram,Bir,sabharwalguneet@example.net,Pune,Maharashtra,26,Male,2026-06-01,Silver
C00968,Hemang,Sehgal,theodore44@example.org,Kolkata,West Bengal,23,Female,2022-08-13,Bronze
C00969,Bahadurjit,Bajwa,bhandariteerth@example.net,Pune,Maharashtra,53,Female,2023-11-22,Silver
C00970,Jairaj,Dar,dekeya@example.net,Bengaluru,Karnataka,24,Female,2026-01-29,Bronze
C00971,Qasim,Choudhry,zehaanmenon@example.com,New Delhi,Delhi,37,Female,2024-05-11,Silver
C00972,Faqid,Setty,prisha54@example.org,Mumbai,Maharashtra,26,Female,2025-11-02,Bronze
C00973,Ethan,Malhotra,rajalipika@example.com,Pune,Maharashtra,38,Male,2024-07-18,Bronze
C00974,Darpan,Kuruvilla,pranav71@example.com,Chennai,Tamil Nadu,53,Female,2025-01-07,Platinum
C00975,Sai,Ramaswamy,vyanjanachopra@example.org,New Delhi,Delhi,55,Female,2025-07-21,Silver
C00976,Raagini,Kamdar,satheaashi@example.org,New Delhi,Delhi,45,Female,2023-05-20,Silver
C00977,Bakhshi,Bora,krishnasanaya@example.org,Mumbai,Maharashtra,48,Female,2024-08-06,Gold
C00978,Widisha,Dixit,baradmadhavi@example.com,Mumbai,Maharashtra,44,Female,2024-06-29,Bronze
C00979,Max,Narayan,gaggarwal@example.net,Pune,Maharashtra,40,Female,2025-10-12,Silver
C00980,Vritti,Sridhar,uraval@example.org,New Delhi,Delhi,48,Female,2023-10-15,Silver
C00981,Upkaar,Aggarwal,hsubramaniam@example.net,Hyderabad,Telangana,32,Male,2023-03-14,Silver
C00982,Jagrati,Nath,nandini01@example.com,Pune,Maharashtra,45,Female,2023-05-27,Bronze
C00983,Harini,Buch,pmann@example.org,New Delhi,Delhi,42,Female,2024-05-11,Bronze
C00984,Patrick,Baral,thalder@example.net,Bengaluru,Karnataka,57,Male,2023-08-25,Silver
C00985,Madhavi,Chhabra,vidhi17@example.net,Mumbai,Maharashtra,35,Female,2023-07-25,Gold
C00986,Ranveer,Dey,hansaryan@example.net,Pune,Maharashtra,25,Female,2024-12-02,Silver
C00987,William,Suresh,ybhatnagar@example.net,Mumbai,Maharashtra,49,Female,2023-01-20,Bronze
C00988,Darika,Tata,cbabu@example.com,Pune,Maharashtra,19,Female,2023-07-19,Bronze
C00989,Daksh,Nazareth,ravijagat@example.org,Mumbai,Maharashtra,46,Male,2022-07-15,Bronze
C00990,Tara,Yadav,virajbora@example.org,Pune,Maharashtra,31,Female,2023-10-12,Bronze
C00991,Lohit,Suresh,sinhachakradev@example.org,Hyderabad,Telangana,47,Female,2024-06-18,Bronze
C00992,Kalpit,Atwal,chandreshmohanty@example.org,Pune,Maharashtra,21,Female,2025-09-22,Bronze
C00993,Tanmayi,Garde,cherianishaan@example.com,Bengaluru,Karnataka,30,Male,2025-07-12,Bronze
C00994,Thomas,Bhatnagar,poojanazareth@example.net,Mumbai,Maharashtra,25,Other,2026-06-23,Silver
C00995,Neelima,Nair,devanekanta@example.org,Mumbai,Maharashtra,33,Male,2024-01-23,Bronze
C00996,Chakradev,Ghose,dev14@example.org,Bengaluru,Karnataka,51,Female,2026-01-07,Bronze
C00997,Ojasvi,Ganguly,nitesh73@example.net,Mumbai,Maharashtra,38,Female,2024-10-17,Silver
C00998,Banjeet,Deol,purinakul@example.org,New Delhi,Delhi,51,Female,2023-06-19,Bronze
C00999,Vidhi,Buch,amblepraneel@example.org,Mumbai,Maharashtra,21,Male,2024-07-10,Bronze
C01000,Bhanumati,Saha,ndate@example.org,Pune,Maharashtra,45,Female,2022-12-30,Bronze
C01001,Anika,Virk,psabharwal@example.org,Mumbai,Maharashtra,43,Male,2025-11-15,Bronze
C01002,Baljiwan,Gole,ochakrabarti@example.com,Pune,Maharashtra,48,Female,2022-09-03,Bronze
C01003,Ijaya,Sahota,keerrehaan@example.org,Hyderabad,Telangana,28,Female,2025-02-24,Silver
C01004,Girish,Pathak,ucchaljoshi@example.com,Mumbai,Maharashtra,21,Female,2023-01-15,Silver
C01005,Chatresh,Hari,dixiturvi@example.com,New Delhi,Delhi,26,Female,2025-12-11,Bronze
C01006,Patrick,Dutta,bhagatjanuja@example.com,Bengaluru,Karnataka,40,Male,2022-12-06,Bronze
C01007,Shaurya,Saran,gaurika97@example.org,Pune,Maharashtra,42,Female,2022-09-06,Bronze
C01008,Hemang,Ben,nakulbalakrishnan@example.com,Ahmedabad,Gujarat,46,Female,2023-10-29,Silver
C01009,Yutika,D’Alia,keersai@example.net,Bengaluru,Karnataka,29,Female,2023-05-15,Bronze
C01010,Eshana,Saini,eshanakarpe@example.org,Bengaluru,Karnataka,53,Female,2023-03-10,Silver
C01011,Eshana,Kari,khalsanitara@example.org,Mumbai,Maharashtra,52,Female,2025-01-25,Bronze
C01012,Keya,Kannan,sinhavedhika@example.org,New Delhi,Delhi,29,Male,2024-06-02,Silver
C01013,Rajata,Dhillon,suhanigokhale@example.com,Mumbai,Maharashtra,33,Female,2023-01-25,Bronze
C01014,Kashvi,Deshpande,ohari@example.com,Kolkata,West Bengal,30,Female,2024-05-16,Bronze
C01015,Anamika,Jain,joshua09@example.org,Bengaluru,Karnataka,36,Female,2023-02-09,Silver
C01016,Avni,Deshpande,shrofftara@example.com,Pune,Maharashtra,60,Female,2023-08-12,Gold
C01017,Onveer,Oza,chakrikadugar@example.net,Pune,Maharashtra,30,Female,2026-05-15,Bronze
C01018,Onkar,Karpe,sabharwalvrinda@example.org,Pune,Maharashtra,42,Female,2022-12-12,Silver
C01019,Urvashi,Shere,akshay63@example.org,New Delhi,Delhi,21,Female,2025-02-09,Silver
C01020,Falak,Saraf,manthanahluwalia@example.com,Pune,Maharashtra,59,Female,2025-05-17,Gold
C01021,Chaitanya,Baria,cthaman@example.com,Pune,Maharashtra,21,Female,2022-12-18,Silver
C01022,Meera,Srinivas,sethiwarhi@example.org,Ahmedabad,Gujarat,21,Male,2024-06-23,Bronze
C01023,Fiyaz,Arora,ikamdar@example.com,Pune,Maharashtra,37,Female,2026-02-24,Bronze
C01024,Chakrika,Khare,babuvarsha@example.net,Bengaluru,Karnataka,32,Female,2025-12-23,Bronze
C01025,Dalaja,Edwin,dbajwa@example.com,Bengaluru,Karnataka,54,Female,2025-02-24,Bronze
C01026,Lakshit,Ravi,kamalashetty@example.net,New Delhi,Delhi,24,Male,2024-03-20,Silver
C01027,Aarav,Bobal,hnatarajan@example.org,New Delhi,Delhi,60,Female,2022-08-10,Bronze
C01028,Chaman,Sandhu,sarthak19@example.com,Hyderabad,Telangana,43,Female,2023-06-18,Silver
C01029,Christopher,Varma,charan16@example.com,Bengaluru,Karnataka,46,Male,2023-03-08,Gold
C01030,Udyati,Baria,jeevika28@example.net,Bengaluru,Karnataka,41,Female,2024-09-22,Silver
C01031,Ekalinga,Jayaraman,gaurikakhare@example.net,Hyderabad,Telangana,56,Female,2024-09-24,Silver
C01032,Ishaan,Sridhar,umangnagi@example.com,Mumbai,Maharashtra,34,Female,2023-06-18,Bronze
C01033,Amara,Thakur,dmalhotra@example.org,Kolkata,West Bengal,20,Other,2026-07-18,Silver
C01034,Kashish,Pai,gsunder@example.net,Bengaluru,Karnataka,18,Female,2024-11-07,Bronze
C01035,Jason,Singhal,siya95@example.net,Chennai,Tamil Nadu,35,Male,2026-06-04,Silver
C01036,Dominic,Guha,fchahal@example.com,Bengaluru,Karnataka,27,Female,2023-05-05,Bronze
C01037,Praneel,Mani,chopranitesh@example.com,Pune,Maharashtra,41,Male,2025-01-22,Bronze
C01038,Isaac,Divan,ndora@example.net,Mumbai,Maharashtra,23,Female,2024-11-10,Silver
C01039,Arin,Memon,edeo@example.com,Pune,Maharashtra,38,Male,2026-02-10,Bronze
C01040,Osha,Sawhney,manneranbir@example.org,Hyderabad,Telangana,54,Male,2022-09-05,Bronze
C01041,Anthony,Kata,nisha95@example.net,New Delhi,Delhi,54,Female,2026-05-03,Silver
C01042,Eta,Sunder,tshankar@example.net,Ahmedabad,Gujarat,40,Male,2024-09-02,Bronze
C01043,Kevin,Mohan,abhakaran@example.com,Kolkata,West Bengal,32,Male,2025-11-14,Gold
C01044,Kamya,Mani,divanira@example.com,Ahmedabad,Gujarat,58,Female,2022-12-28,Bronze
C01045,Tamanna,Ganesan,bhavikagopal@example.org,Pune,Maharashtra,54,Female,2023-07-09,Silver
C01046,Mitesh,Edwin,jacksonbarman@example.com,Pune,Maharashtra,43,Other,2026-04-06,Silver
C01047,Jonathan,Sastry,kala23@example.net,Bengaluru,Karnataka,32,Female,2026-01-15,Silver
C01048,Bakhshi,Nadig,manbir57@example.net,Pune,Maharashtra,23,Female,2024-08-29,Silver
C01049,Nicholas,Walla,jairaj06@example.com,Bengaluru,Karnataka,23,Female,2025-01-27,Bronze
C01050,Maanav,Shanker,nachiket08@example.net,New Delhi,Delhi,48,Female,2025-10-15,Bronze
C01051,Garima,Merchant,wmann@example.net,New Delhi,Delhi,53,Female,2025-06-12,Silver
C01052,Manan,Sathe,isaiah70@example.org,Pune,Maharashtra,35,Male,2026-02-22,Bronze
C01053,Jackson,Morar,rattithomas@example.com,Ahmedabad,Gujarat,25,Female,2026-01-16,Bronze
C01054,Ishanvi,Chanda,christopher93@example.net,Mumbai,Maharashtra,40,Female,2024-09-30,Bronze
C01055,Tristan,Mall,arinchacko@example.net,Mumbai,Maharashtra,57,Male,2024-08-01,Gold
C01056,Sanaya,Chahal,fhayer@example.com,Bengaluru,Karnataka,20,Male,2024-01-28,Bronze
C01057,Yasti,Bhalla,mitali26@example.com,New Delhi,Delhi,23,Female,2025-09-02,Bronze
C01058,Libni,Pradhan,manehemani@example.com,Kolkata,West Bengal,36,Female,2025-09-19,Silver
C01059,Darika,Sehgal,kalesachi@example.net,Pune,Maharashtra,48,Female,2024-01-09,Bronze
C01060,Ojasvi,Savant,nihal66@example.org,Bengaluru,Karnataka,52,Female,2025-05-27,Bronze
C01061,Gabriel,Dhawan,chavvisoman@example.net,Bengaluru,Karnataka,60,Female,2025-10-02,Silver
C01062,Gautami,Bhatti,achakrabarti@example.com,New Delhi,Delhi,34,Female,2026-04-20,Bronze
C01063,Anjali,Sachdeva,turvidevan@example.org,Hyderabad,Telangana,35,Female,2023-01-30,Silver
C01064,Quincy,Raj,vritti04@example.net,Pune,Maharashtra,60,Female,2024-05-14,Gold
C01065,Daksha,Tak,bkapur@example.org,New Delhi,Delhi,19,Female,2025-12-10,Gold
C01066,Mitesh,Lala,urmi14@example.com,Mumbai,Maharashtra,50,Other,2024-05-30,Bronze
C01067,Praneel,Swamy,ayushdar@example.com,Mumbai,Maharashtra,52,Female,2023-03-14,Bronze
C01068,Waida,Bhavsar,vasana96@example.com,Kolkata,West Bengal,19,Female,2023-05-27,Gold
C01069,Vamakshi,Dar,yauvani90@example.com,Mumbai,Maharashtra,43,Male,2023-10-19,Bronze
C01070,Nicholas,Bhardwaj,ekajashenoy@example.net,New Delhi,Delhi,58,Female,2024-07-21,Platinum
C01071,Krishna,Parikh,chatreshmahajan@example.com,Gurugram,Haryana,21,Female,2024-12-31,Gold
C01072,Oni,Parekh,mannbishakha@example.net,Ahmedabad,Gujarat,53,Male,2026-05-19,Bronze
C01073,Faraj,Varkey,qadimchandra@example.net,Mumbai,Maharashtra,60,Female,2024-05-05,Silver
C01074,Oliver,Naidu,charvi45@example.org,Bengaluru,Karnataka,57,Male,2022-09-29,Silver
C01075,Indira,Dhawan,devanzarna@example.com,Mumbai,Maharashtra,27,Female,2023-05-02,Bronze
C01076,Kashish,Sundaram,koak@example.org,Bengaluru,Karnataka,52,Female,2024-01-11,Silver
C01077,Tejas,Dubey,raghavvora@example.net,Bengaluru,Karnataka,30,Male,2022-09-17,Bronze
C01078,Ishaan,Sahni,hbose@example.org,New Delhi,Delhi,26,Female,2023-08-11,Gold
C01079,Anay,Srinivasan,devika52@example.com,Hyderabad,Telangana,54,Male,2022-11-13,Bronze
C01080,Hema,Gera,ayush13@example.org,Bengaluru,Karnataka,29,Female,2025-11-18,Gold
C01081,Lucky,Karan,jeremiah32@example.org,New Delhi,Delhi,44,Male,2024-10-04,Bronze
C01082,Pavani,Choudhury,bahlveda@example.com,New Delhi,Delhi,35,Female,2022-12-22,Bronze
C01083,Brijesh,Hegde,baliyochana@example.net,Pune,Maharashtra,57,Female,2026-05-26,Silver
C01084,Daniel,Singh,kulkarnicaleb@example.org,Bengaluru,Karnataka,32,Female,2023-03-15,Bronze
C01085,Charvi,Anne,dasguptasamesh@example.net,Pune,Maharashtra,26,Female,2023-11-15,Silver
C01086,Ryan,Goyal,ayush12@example.net,New Delhi,Delhi,29,Male,2024-06-13,Bronze
C01087,Arunima,Pall,naveen89@example.org,Pune,Maharashtra,32,Female,2025-06-18,Silver
C01088,Yashasvi,Bir,atwalteerth@example.net,Pune,Maharashtra,44,Female,2025-01-12,Silver
C01089,Rehaan,Manda,aayushchaudhary@example.org,Pune,Maharashtra,22,Female,2025-05-26,Platinum
C01090,Yamini,Soman,qasim71@example.org,Mumbai,Maharashtra,49,Female,2023-02-01,Gold
C01091,Isha,Raghavan,gkala@example.org,Chennai,Tamil Nadu,43,Male,2024-02-24,Silver
C01092,Nikita,Chowdhury,jatin71@example.net,Hyderabad,Telangana,43,Female,2024-10-16,Silver
C01093,Laban,Tandon,bhavya80@example.org,Bengaluru,Karnataka,59,Male,2023-08-08,Silver
C01094,Falak,Tak,rajanbhanumati@example.com,Bengaluru,Karnataka,47,Male,2024-01-06,Bronze
C01095,Devika,Sawhney,nikitamannan@example.com,Noida,Uttar Pradesh,52,Female,2023-08-21,Silver
C01096,Ranbir,Boase,lpillai@example.org,Bengaluru,Karnataka,58,Male,2023-08-26,Bronze
C01097,Vyanjana,Cheema,hsarma@example.net,Mumbai,Maharashtra,36,Female,2024-11-02,Bronze
C01098,Frederick,Dar,megharattan@example.net,Bengaluru,Karnataka,51,Male,2026-03-29,Bronze
C01099,Harsh,Ganguly,patlarushil@example.com,New Delhi,Delhi,50,Female,2026-01-14,Silver
C01100,Sai,Raval,kaulpanini@example.net,Kolkata,West Bengal,52,Female,2022-08-23,Bronze
C01101,Xalak,Mallick,mugdha57@example.net,Bengaluru,Karnataka,47,Female,2025-07-17,Silver
C01102,Nidhi,Sundaram,manan71@example.org,Pune,Maharashtra,23,Female,2023-12-30,Silver
C01103,Zashil,Suri,okashyap@example.org,Ahmedabad,Gujarat,25,Female,2025-08-17,Silver
C01104,Ayushman,Chaudhary,birwishi@example.net,New Delhi,Delhi,51,Female,2026-01-25,Silver
C01105,Avi,Gola,jnarain@example.com,Gurugram,Haryana,28,Female,2023-02-11,Bronze
C01106,Gopal,Bose,mshukla@example.com,Hyderabad,Telangana,54,Male,2024-08-31,Gold
C01107,Widisha,Swaminathan,hemal88@example.org,Pune,Maharashtra,29,Male,2025-09-25,Bronze
C01108,Azad,Sani,rajagopalshivani@example.com,Mumbai,Maharashtra,36,Female,2024-01-17,Bronze
C01109,Krisha,Savant,cbanik@example.org,Pune,Maharashtra,18,Female,2025-05-29,Bronze
C01110,Chavvi,Gala,isankar@example.com,Bengaluru,Karnataka,52,Male,2023-10-01,Silver
C01111,Lopa,Sura,swaminathanupma@example.com,Bengaluru,Karnataka,55,Female,2025-04-30,Bronze
C01112,Naksh,Toor,ramanadya@example.com,Mumbai,Maharashtra,56,Female,2023-03-05,Gold
C01113,Krishna,Pandit,ekani00@example.net,Mumbai,Maharashtra,53,Male,2023-01-08,Bronze
C01114,Chakradev,Dave,ikshita90@example.net,Pune,Maharashtra,59,Female,2026-03-28,Bronze
C01115,Harita,Rai,sanghahemani@example.com,Pune,Maharashtra,56,Female,2023-04-22,Gold
C01116,Nisha,Panchal,kondayug@example.org,Pune,Maharashtra,29,Female,2024-03-17,Bronze
C01117,Devika,Chad,modyishwar@example.com,New Delhi,Delhi,56,Female,2022-08-15,Silver
C01118,Omkaar,Bahri,baljiwan76@example.net,Kolkata,West Bengal,41,Male,2023-04-20,Bronze
C01119,Yutika,Sama,anmol79@example.org,Mumbai,Maharashtra,42,Male,2024-06-24,Silver
C01120,Edhitha,Purohit,knaidu@example.org,Chennai,Tamil Nadu,36,Female,2026-03-08,Bronze
C01121,Vrinda,Chaudhry,gayathritaneja@example.net,Chennai,Tamil Nadu,51,Female,2024-09-12,Bronze
C01122,Harinakshi,Ganesan,januja63@example.com,Pune,Maharashtra,24,Female,2026-03-21,Platinum
C01123,Faqid,Wason,bhavnalanka@example.org,Bengaluru,Karnataka,48,Male,2026-01-20,Silver
C01124,Chameli,Ratti,georgechandran@example.net,Hyderabad,Telangana,36,Female,2022-08-01,Gold
C01125,Gayathri,Mahajan,walivaishnavi@example.com,Mumbai,Maharashtra,57,Female,2023-04-28,Bronze
C01126,Shaurya,Palan,mittalyamini@example.com,Bengaluru,Karnataka,58,Female,2023-08-19,Gold
C01127,Rachita,Zacharia,ryan66@example.com,Chennai,Tamil Nadu,36,Other,2025-03-29,Bronze
C01128,Yutika,Setty,anirudhvarty@example.org,Pune,Maharashtra,25,Male,2023-01-15,Bronze
C01129,Xalak,Kala,oloyal@example.net,Bengaluru,Karnataka,44,Female,2024-03-21,Bronze
C01130,Radha,Bhasin,janyashere@example.org,Hyderabad,Telangana,18,Female,2025-05-10,Silver
C01131,Wridesh,Dora,radhika65@example.org,Mumbai,Maharashtra,37,Female,2026-03-02,Silver
C01132,Samar,Sachar,bhavini24@example.net,Hyderabad,Telangana,39,Female,2025-11-27,Silver
C01133,Warinder,Ravi,ishaandoctor@example.org,Bengaluru,Karnataka,29,Female,2026-05-20,Gold
C01134,Ayaan,Korpal,ucchal78@example.com,Ahmedabad,Gujarat,48,Male,2023-11-10,Silver
C01135,Pahal,Bansal,nathanielmahajan@example.org,Bengaluru,Karnataka,47,Male,2023-01-11,Silver
C01136,Ayush,Kuruvilla,patrick07@example.org,Mumbai,Maharashtra,21,Male,2024-03-23,Bronze
C01137,Christopher,Chacko,chanchal16@example.com,New Delhi,Delhi,53,Female,2024-10-10,Bronze
C01138,Gautam,Ranganathan,warinderchoudhury@example.net,New Delhi,Delhi,22,Male,2024-07-24,Bronze
C01139,Xiti,Dara,watika13@example.net,Pune,Maharashtra,58,Female,2024-06-10,Bronze
C01140,Jason,Munshi,madhavi36@example.org,Bengaluru,Karnataka,56,Female,2025-06-30,Silver
C01141,Maanas,Chhabra,tanishmaharaj@example.com,Mumbai,Maharashtra,20,Female,2024-10-12,Bronze
C01142,Nilima,Kumar,swaminathankavya@example.net,Chennai,Tamil Nadu,46,Male,2024-06-17,Bronze
C01143,Isaiah,Nadig,rsoman@example.org,Bengaluru,Karnataka,25,Female,2025-07-25,Bronze
C01144,Arunima,Dhillon,vaishnavi54@example.org,Pune,Maharashtra,46,Female,2026-01-10,Silver
C01145,Bakhshi,Bhagat,zehaanrajagopalan@example.com,Ahmedabad,Gujarat,30,Female,2025-09-06,Bronze
C01146,Janani,Dara,saanvirama@example.org,Chennai,Tamil Nadu,38,Female,2024-10-21,Gold
C01147,Maya,Kumer,gautam34@example.org,Hyderabad,Telangana,26,Female,2023-08-26,Bronze
C01148,Naveen,Sarna,niharika04@example.org,Mumbai,Maharashtra,25,Female,2023-08-14,Gold
C01149,Vyanjana,Sinha,tnatarajan@example.com,New Delhi,Delhi,23,Female,2023-03-19,Gold
C01150,Harish,Dyal,yashawini15@example.com,Pune,Maharashtra,37,Female,2022-11-07,Silver
C01151,Eta,Setty,benqarin@example.net,New Delhi,Delhi,38,Female,2025-05-15,Bronze
C01152,Sachi,Deshpande,rattanryan@example.net,Bengaluru,Karnataka,60,Female,2024-01-27,Bronze
C01153,Dalaja,Murthy,choudhrynakul@example.org,Mumbai,Maharashtra,57,Female,2026-06-17,Bronze
C01154,Zaitra,De,cnagarajan@example.com,Bengaluru,Karnataka,38,Female,2023-06-19,Gold
C01155,Kiaan,Lad,falakmanda@example.org,Hyderabad,Telangana,33,Female,2023-04-30,Bronze
C01156,Frado,Sachdeva,qabil66@example.net,Ahmedabad,Gujarat,46,Female,2023-07-07,Bronze
C01157,Udarsh,Bail,karnikgaurav@example.com,Ahmedabad,Gujarat,24,Female,2026-04-06,Bronze
C01158,Rushil,Lala,chandranrattan@example.net,Mumbai,Maharashtra,56,Male,2022-08-05,Silver
C01159,Pushti,Lad,gauravpillai@example.org,New Delhi,Delhi,57,Female,2024-01-17,Bronze
C01160,Jacob,Atwal,rsetty@example.com,Pune,Maharashtra,52,Female,2022-10-14,Gold
C01161,Jagat,Kapur,rayaanlata@example.com,Hyderabad,Telangana,26,Female,2023-05-13,Gold
C01162,Warda,Raja,raaginijhaveri@example.net,New Delhi,Delhi,47,Female,2025-12-31,Silver
C01163,Tanveer,Mandal,omyagole@example.com,Hyderabad,Telangana,32,Male,2023-11-28,Bronze
C01164,Madhav,Balakrishnan,adweta39@example.com,Ahmedabad,Gujarat,41,Female,2025-02-05,Silver
C01165,Yuvraj,Pingle,achada@example.com,New Delhi,Delhi,47,Female,2024-09-21,Bronze
C01166,Kiaan,Naik,tkala@example.com,Pune,Maharashtra,47,Male,2023-11-11,Bronze
C01167,Pallavi,Kunda,chandrandaniel@example.org,Mumbai,Maharashtra,26,Female,2023-04-29,Bronze
C01168,Gaurangi,Keer,mpandya@example.net,New Delhi,Delhi,38,Female,2025-12-11,Bronze
C01169,Chakradev,Ahluwalia,yamini96@example.com,Mumbai,Maharashtra,43,Female,2023-12-17,Bronze
C01170,Megha,Prabhakar,benjamingola@example.com,Pune,Maharashtra,48,Female,2025-08-27,Bronze
C01171,Omkaar,Thakur,dnori@example.org,Hyderabad,Telangana,45,Male,2023-03-26,Bronze
C01172,Gaurav,Nadig,qdhar@example.org,Hyderabad,Telangana,33,Female,2023-06-29,Silver
C01173,Dhriti,Basu,xalakmand@example.net,New Delhi,Delhi,54,Male,2022-07-22,Bronze
C01174,Jalsa,Sani,adya94@example.net,Bengaluru,Karnataka,53,Female,2024-09-20,Bronze
C01175,Dhriti,Sarin,diyaswamy@example.org,Mumbai,Maharashtra,22,Female,2024-04-08,Silver
C01176,Ria,Bera,manthanbhagat@example.org,Bengaluru,Karnataka,38,Female,2024-06-02,Silver
C01177,Qadim,Banik,klad@example.net,Pune,Maharashtra,55,Male,2025-10-07,Silver
C01178,Unni,Sarin,talwarbanjeet@example.com,Pune,Maharashtra,60,Female,2025-09-21,Silver
C01179,Ishanvi,Sundaram,htailor@example.net,Mumbai,Maharashtra,46,Female,2023-04-22,Silver
C01180,Manbir,Dasgupta,girik34@example.org,Mumbai,Maharashtra,37,Male,2023-05-08,Gold
C01181,Om,Trivedi,simon90@example.net,New Delhi,Delhi,23,Female,2024-08-12,Silver
C01182,Pranit,Saha,koshywishi@example.net,Bengaluru,Karnataka,36,Female,2025-10-30,Gold
C01183,Girindra,Narasimhan,manejairaj@example.com,Kolkata,West Bengal,53,Male,2026-07-17,Bronze
C01184,Kashvi,Cherian,mitesh01@example.com,Chennai,Tamil Nadu,33,Female,2026-05-16,Silver
C01185,Varsha,Setty,abdul50@example.net,Bengaluru,Karnataka,42,Female,2022-07-22,Bronze
C01186,Sneha,Nair,siddharthbava@example.net,Pune,Maharashtra,48,Female,2025-07-28,Silver
C01187,Barkha,Naidu,boballakshmi@example.org,Chennai,Tamil Nadu,44,Female,2024-07-11,Platinum
C01188,Mohini,Kumer,wriddhishrastogi@example.org,New Delhi,Delhi,18,Female,2025-10-16,Bronze
C01189,Ansh,Joshi,lipikarau@example.com,New Delhi,Delhi,60,Female,2023-10-26,Platinum
C01190,Mitesh,Dara,vritti64@example.net,Pune,Maharashtra,44,Male,2022-12-11,Gold
C01191,Karan,Parmer,pillaiyauvani@example.org,New Delhi,Delhi,57,Female,2024-02-28,Silver
C01192,Vrishti,Sehgal,rsoni@example.net,Bengaluru,Karnataka,42,Female,2024-01-09,Bronze
C01193,Pallavi,Chana,npillay@example.org,Bengaluru,Karnataka,49,Male,2023-04-22,Bronze
C01194,Radha,Sandhu,bariayochana@example.com,Bengaluru,Karnataka,52,Female,2024-03-29,Bronze
C01195,Ubika,Kapur,warhivyas@example.net,Pune,Maharashtra,41,Female,2023-11-02,Bronze
C01196,Fiyaz,Mannan,fsarkar@example.com,New Delhi,Delhi,51,Other,2025-10-01,Platinum
C01197,Charita,Dixit,charitakothari@example.net,Hyderabad,Telangana,51,Female,2023-12-09,Gold
C01198,Prisha,Merchant,bosechakradev@example.net,Pune,Maharashtra,58,Male,2023-11-24,Platinum
C01199,Hritik,Uppal,gsachar@example.com,Pune,Maharashtra,52,Male,2022-12-29,Bronze
C01200,Zehaan,Pant,finn80@example.org,Pune,Maharashtra,52,Male,2024-08-14,Bronze
C01201,Turvi,Gola,mayabath@example.org,Bengaluru,Karnataka,54,Male,2023-12-01,Bronze
C01202,Omaja,Mishra,suhani79@example.com,Kolkata,West Bengal,36,Female,2024-11-22,Silver
C01203,Harita,Grover,qasimbrar@example.net,Bengaluru,Karnataka,54,Female,2024-11-03,Silver
C01204,Aashi,Cherian,bwarrior@example.org,Bengaluru,Karnataka,21,Female,2023-05-02,Bronze
C01205,Megha,Dada,gargvansha@example.com,New Delhi,Delhi,36,Female,2026-05-24,Bronze
C01206,Nidhi,Sur,jalsa64@example.org,Pune,Maharashtra,34,Female,2024-12-26,Bronze
C01207,Jeremiah,Deshmukh,halderisaac@example.org,Chennai,Tamil Nadu,25,Female,2026-06-19,Gold
C01208,Raghav,Bala,vasanadhillon@example.net,New Delhi,Delhi,46,Female,2022-11-07,Bronze
C01209,Wyatt,Sarin,gabrielmitra@example.com,Hyderabad,Telangana,49,Female,2025-03-22,Silver
C01210,Manbir,Som,hbains@example.org,Pune,Maharashtra,27,Female,2026-01-27,Gold
C01211,Michael,Saxena,bsinha@example.com,Chennai,Tamil Nadu,42,Female,2024-03-25,Bronze
C01212,Xavier,Jaggi,manya05@example.org,New Delhi,Delhi,54,Male,2025-05-13,Bronze
C01213,Harshil,Sankaran,vtandon@example.net,New Delhi,Delhi,21,Female,2025-11-23,Bronze
C01214,Bina,Bansal,fratta@example.net,Mumbai,Maharashtra,32,Female,2023-07-24,Silver
C01215,Vinaya,Kata,wableanirudh@example.com,Bengaluru,Karnataka,51,Male,2025-09-24,Bronze
C01216,Diya,Bhatt,omisha71@example.com,Ahmedabad,Gujarat,42,Female,2024-01-11,Platinum
C01217,Idika,Sen,kbail@example.com,New Delhi,Delhi,24,Male,2026-04-25,Silver
C01218,Rehaan,Singh,raksha38@example.org,Kolkata,West Bengal,57,Male,2024-02-15,Gold
C01219,Harinakshi,Sidhu,chaayaramakrishnan@example.com,Mumbai,Maharashtra,24,Female,2025-01-18,Silver
C01220,Jagvi,Sodhi,sarthakmandal@example.net,Bengaluru,Karnataka,33,Male,2022-10-05,Silver
C01221,Gabriel,Subramanian,oscariyengar@example.org,Pune,Maharashtra,29,Female,2024-08-26,Bronze
C01222,Vyanjana,Chaudhuri,ttak@example.org,Pune,Maharashtra,18,Female,2026-03-01,Silver
C01223,Shaurya,Batta,parmeradvika@example.com,New Delhi,Delhi,32,Male,2024-07-29,Bronze
C01224,Nathan,Ghosh,bhattgeetika@example.com,Pune,Maharashtra,23,Female,2023-01-27,Silver
C01225,Ishaan,Karan,kapurvidhi@example.com,Ahmedabad,Gujarat,56,Female,2025-04-30,Silver
C01226,Harini,Pant,lokematthew@example.net,Pune,Maharashtra,26,Female,2023-02-26,Silver
C01227,Yutika,Chawla,sarmatanvi@example.org,New Delhi,Delhi,25,Female,2025-07-05,Bronze
C01228,Hitesh,Chaudry,tripathihenry@example.org,Bengaluru,Karnataka,58,Female,2026-02-13,Platinum
C01229,Jacob,Jha,naksh47@example.net,Hyderabad,Telangana,60,Male,2022-08-31,Bronze
C01230,Wishi,Chaudhary,janujanatt@example.org,Pune,Maharashtra,35,Male,2026-02-17,Bronze
C01231,Jason,Jaggi,xsagar@example.org,Mumbai,Maharashtra,34,Male,2026-03-17,Bronze
C01232,Yatan,Som,bhavini82@example.org,Mumbai,Maharashtra,30,Female,2023-10-15,Bronze
C01233,Amaira,Pradhan,opatel@example.net,Bengaluru,Karnataka,52,Male,2025-09-27,Bronze
C01234,Yatan,Doshi,ikari@example.com,New Delhi,Delhi,34,Female,2024-01-26,Bronze
C01235,Odika,Rout,yvarty@example.net,Bengaluru,Karnataka,46,Female,2025-02-20,Bronze
C01236,Janaki,Balan,xdhingra@example.org,New Delhi,Delhi,20,Female,2026-07-17,Bronze
C01237,Zansi,Boase,nigamdivya@example.com,New Delhi,Delhi,54,Female,2024-05-08,Silver
C01238,Nitesh,Saraf,ramaswamybalhaar@example.net,Hyderabad,Telangana,45,Female,2023-11-12,Silver
C01239,Matthew,Bhardwaj,oni68@example.com,Hyderabad,Telangana,52,Female,2026-02-25,Bronze
C01240,Dipta,Padmanabhan,mammenmanan@example.net,New Delhi,Delhi,25,Female,2023-11-04,Gold
C01241,Netra,Sehgal,riyapai@example.net,Mumbai,Maharashtra,37,Female,2022-09-21,Silver
C01242,Nidhi,Hora,frado08@example.com,Kolkata,West Bengal,41,Female,2026-01-14,Platinum
C01243,Madhavi,Date,tanay18@example.net,Pune,Maharashtra,36,Female,2023-12-20,Bronze
C01244,Devika,Verma,nathaniel00@example.net,Pune,Maharashtra,60,Female,2024-05-23,Silver
C01245,Aarna,Khurana,pahal81@example.net,Ahmedabad,Gujarat,40,Female,2023-01-04,Gold
C01246,Darpan,Pradhan,yashica51@example.org,Mumbai,Maharashtra,26,Female,2025-06-25,Bronze
C01247,Jeet,Sen,abdul75@example.org,Noida,Uttar Pradesh,49,Female,2025-03-17,Silver
C01248,Vivaan,Palla,bhavani92@example.net,New Delhi,Delhi,52,Male,2023-09-29,Gold
C01249,Krishna,Venkatesh,henrynarang@example.net,Kolkata,West Bengal,20,Female,2026-06-15,Bronze
C01250,Reyansh,Patel,jchaudhari@example.net,New Delhi,Delhi,25,Female,2024-04-09,Silver
C01251,Pavani,Sabharwal,chandadavid@example.com,Bengaluru,Karnataka,52,Female,2022-09-29,Silver
C01252,Kalpit,Soni,sanayabrahmbhatt@example.com,Ahmedabad,Gujarat,27,Female,2026-05-04,Bronze
C01253,Neha,Venkataraman,llalla@example.com,Ahmedabad,Gujarat,20,Female,2023-01-29,Silver
C01254,Pallavi,Sarraf,ksaha@example.org,Pune,Maharashtra,21,Male,2022-12-31,Gold
C01255,Yashasvi,Datta,ishankar@example.net,Pune,Maharashtra,28,Male,2023-02-13,Bronze
C01256,Yochana,Wadhwa,kalatamanna@example.com,Hyderabad,Telangana,49,Female,2025-11-27,Silver
C01257,Bachittar,Dugar,jagat96@example.org,Pune,Maharashtra,45,Female,2025-05-29,Gold
C01258,Jai,Pingle,banjeet82@example.org,New Delhi,Delhi,38,Female,2024-04-16,Silver
C01259,Kamya,Mody,chavvi47@example.org,Bengaluru,Karnataka,31,Male,2024-09-28,Silver
C01260,Luke,Dhar,tbava@example.com,Mumbai,Maharashtra,35,Female,2025-11-13,Bronze
C01261,Tanveer,Goswami,hagate@example.net,New Delhi,Delhi,28,Female,2023-06-11,Gold
C01262,Ikshita,Bir,sahnivasana@example.net,Pune,Maharashtra,58,Female,2025-12-26,Silver
C01263,Dayita,Sethi,krishna79@example.org,Pune,Maharashtra,23,Female,2023-10-25,Bronze
C01264,Lakshit,Thaman,qsengupta@example.com,Pune,Maharashtra,55,Male,2022-11-22,Bronze
C01265,Manthan,Nanda,routlila@example.org,Hyderabad,Telangana,26,Female,2023-11-17,Silver
C01266,Megha,Nori,savantarunima@example.net,Bengaluru,Karnataka,33,Male,2024-03-27,Silver
C01267,Gaurang,Gandhi,morejatin@example.net,Pune,Maharashtra,49,Female,2025-07-15,Bronze
C01268,Frederick,Hans,vigranbir@example.com,Hyderabad,Telangana,40,Female,2024-11-09,Silver
C01269,Yadavi,Bahl,walipranit@example.org,Pune,Maharashtra,24,Female,2023-07-29,Gold
C01270,Anvi,Jha,sachichad@example.net,Gurugram,Haryana,32,Female,2023-09-13,Silver
C01271,Ekani,Ratti,swamyarin@example.com,Pune,Maharashtra,30,Female,2026-04-01,Bronze
C01272,Rajeshri,Gole,hbajwa@example.com,Chennai,Tamil Nadu,49,Female,2023-11-20,Silver
C01273,Lavanya,Kurian,contractorhardik@example.net,Pune,Maharashtra,41,Female,2022-12-06,Bronze
C01274,Om,Mangal,qadimkumer@example.org,Mumbai,Maharashtra,20,Female,2024-01-02,Bronze
C01275,Mitesh,Mohanty,dgara@example.net,Bengaluru,Karnataka,19,Female,2025-08-29,Bronze
C01276,Eshana,Golla,bhardwajchanchal@example.com,Ahmedabad,Gujarat,55,Female,2024-01-20,Bronze
C01277,Hardik,Nagarajan,nitaranaik@example.com,New Delhi,Delhi,32,Male,2024-09-19,Bronze
C01278,Keya,Dara,jainwriddhish@example.net,Pune,Maharashtra,30,Female,2024-03-26,Bronze
C01279,Warjas,Tailor,rcontractor@example.org,Bengaluru,Karnataka,21,Male,2023-10-30,Bronze
C01280,Eesha,Shetty,ebhatti@example.org,Ahmedabad,Gujarat,29,Female,2023-12-30,Bronze
C01281,Nikita,Kaur,luthraharrison@example.org,New Delhi,Delhi,40,Other,2023-01-01,Bronze
C01282,Jeremiah,Modi,fsehgal@example.net,Pune,Maharashtra,54,Female,2022-08-31,Bronze
C01283,Xiti,Jani,kashvizachariah@example.org,Chennai,Tamil Nadu,44,Female,2023-12-22,Bronze
C01284,Yatan,Yogi,cseth@example.org,Chennai,Tamil Nadu,28,Male,2023-02-28,Silver
C01285,Ucchal,Mann,aadibhasin@example.com,Bengaluru,Karnataka,54,Other,2025-08-04,Gold
C01286,Anjali,Krishna,opanchal@example.org,Pune,Maharashtra,49,Male,2023-08-15,Bronze
C01287,Yashvi,Manda,edwinekaraj@example.com,Bengaluru,Karnataka,35,Female,2023-12-14,Bronze
C01288,Gaurav,Rana,deyati@example.com,Chennai,Tamil Nadu,38,Female,2025-02-26,Bronze
C01289,Shivansh,Thaman,hema47@example.com,Ahmedabad,Gujarat,54,Male,2025-09-16,Bronze
C01290,Yatan,Nagy,shivansh79@example.com,Pune,Maharashtra,50,Female,2023-11-28,Silver
C01291,Amol,Deol,soniaayush@example.org,Bengaluru,Karnataka,24,Female,2022-08-22,Bronze
C01292,Oscar,Sachdev,iramaswamy@example.org,Bengaluru,Karnataka,44,Male,2026-06-23,Bronze
C01293,Faras,Yohannan,saxenajatin@example.com,Mumbai,Maharashtra,23,Female,2022-11-30,Silver
C01294,Krisha,Parmar,xgoel@example.net,Pune,Maharashtra,54,Male,2023-12-21,Bronze
C01295,Abhiram,Dash,mprabhakar@example.com,Bengaluru,Karnataka,43,Female,2025-10-08,Gold
C01296,Aditya,Kant,mandishita@example.org,Bengaluru,Karnataka,58,Female,2022-08-07,Silver
C01297,Gautam,Mitter,vivaantak@example.com,Mumbai,Maharashtra,39,Female,2022-09-03,Bronze
C01298,Balhaar,Mand,akadakia@example.org,Hyderabad,Telangana,57,Female,2022-08-19,Silver
C01299,Meghana,Choudhry,xiti72@example.net,Hyderabad,Telangana,57,Male,2026-02-03,Silver
C01300,Rishi,Gill,davedhruv@example.org,Pune,Maharashtra,41,Male,2022-10-06,Bronze
C01301,Aashi,Kari,rehaan08@example.net,Mumbai,Maharashtra,20,Female,2023-01-28,Bronze
C01302,Zayyan,Setty,sanecharles@example.com,Bengaluru,Karnataka,53,Female,2026-03-03,Bronze
C01303,Rachana,Ray,jairaj87@example.com,Gurugram,Haryana,52,Female,2025-03-17,Bronze
C01304,Janaki,Varughese,kapurchampak@example.com,Kolkata,West Bengal,31,Male,2023-04-17,Silver
C01305,Osha,Walia,amutti@example.com,Mumbai,Maharashtra,50,Female,2025-01-17,Bronze
C01306,Robert,Natt,bakshiupkaar@example.net,Pune,Maharashtra,46,Female,2024-08-10,Silver
C01307,Pallavi,Borde,ronithgala@example.com,Pune,Maharashtra,52,Female,2022-07-26,Silver
C01308,Deepa,Bhatnagar,balavarsha@example.com,Mumbai,Maharashtra,41,Male,2023-01-24,Gold
C01309,Arjun,Natt,yug17@example.org,Hyderabad,Telangana,30,Male,2026-03-06,Bronze
C01310,Harini,Bhagat,zinal31@example.net,Pune,Maharashtra,36,Male,2025-07-17,Bronze
C01311,Reva,Chandran,fdash@example.org,Pune,Maharashtra,27,Female,2025-12-01,Gold
C01312,Bahadurjit,Purohit,dhruv20@example.com,Bengaluru,Karnataka,19,Female,2023-01-11,Platinum
C01313,Christopher,Mitra,gbhatti@example.net,Bengaluru,Karnataka,48,Female,2025-10-21,Bronze
C01314,Daksh,Ben,lakshmi61@example.net,New Delhi,Delhi,30,Female,2024-11-28,Gold
C01315,Nirja,Kaul,settyleena@example.com,Pune,Maharashtra,59,Female,2023-08-19,Silver
C01316,Priya,Chaudhuri,atharv78@example.com,New Delhi,Delhi,49,Female,2024-09-18,Silver
C01317,Reyansh,Chokshi,aroraekansh@example.net,Chennai,Tamil Nadu,47,Female,2024-01-19,Bronze
C01318,Rishi,Date,isha67@example.net,Hyderabad,Telangana,34,Female,2025-08-01,Bronze
C01319,Sai,Grewal,lakshbasu@example.org,Mumbai,Maharashtra,27,Female,2026-04-13,Bronze
C01320,Joshua,Muni,pvarghese@example.com,Pune,Maharashtra,52,Female,2025-08-23,Platinum
C01321,Deepa,Dhingra,upasnamore@example.net,Chennai,Tamil Nadu,60,Male,2022-08-30,Bronze
C01322,Hemal,Manne,abhiram89@example.net,Pune,Maharashtra,54,Female,2024-10-08,Bronze
C01323,Maanav,Bhandari,yashicabhagat@example.com,Pune,Maharashtra,20,Female,2023-05-24,Platinum
C01324,Hemangini,Hayre,sakshambiswas@example.com,Pune,Maharashtra,52,Other,2024-01-12,Silver
C01325,Ranbir,Soni,lnarula@example.net,Pune,Maharashtra,43,Male,2026-05-28,Silver
C01326,Gautami,Mistry,knarasimhan@example.org,Kolkata,West Bengal,27,Female,2024-10-01,Silver
C01327,Suhani,Basak,akanda@example.net,Gurugram,Haryana,59,Female,2024-09-08,Bronze
C01328,Udant,Karpe,pkala@example.com,Mumbai,Maharashtra,60,Female,2023-05-01,Silver
C01329,Garima,Prashad,mugdhagour@example.org,Ahmedabad,Gujarat,39,Female,2024-01-25,Silver
C01330,Janani,Anne,parmarayushman@example.net,Ahmedabad,Gujarat,53,Female,2025-10-06,Bronze
C01331,Ishwar,Dhar,ria39@example.com,Bengaluru,Karnataka,46,Female,2025-04-23,Bronze
C01332,Caleb,Balan,rudramander@example.org,Bengaluru,Karnataka,55,Female,2025-06-14,Silver
C01333,Theodore,Lala,harinakshikorpal@example.org,Hyderabad,Telangana,19,Female,2025-06-13,Gold
C01334,Rohan,Bains,adwetachaudhuri@example.org,New Delhi,Delhi,50,Female,2026-01-21,Bronze
C01335,Laksh,Raghavan,nigamshivansh@example.com,Bengaluru,Karnataka,21,Male,2023-09-05,Bronze
C01336,Tanmayi,Khatri,kashish28@example.net,Pune,Maharashtra,41,Female,2024-02-24,Bronze
C01337,Radha,Bhattacharyya,dhawankalpit@example.org,Mumbai,Maharashtra,46,Male,2024-10-26,Bronze
C01338,Rehaan,Walia,uprasad@example.net,New Delhi,Delhi,44,Male,2024-01-21,Bronze
C01339,Pushti,Konda,gulatichaitaly@example.org,Hyderabad,Telangana,44,Female,2024-03-02,Silver
C01340,Falak,Kota,mammenjonathan@example.net,Pune,Maharashtra,37,Female,2025-05-19,Gold
C01341,Vrinda,Kadakia,singhaldhruv@example.org,Gurugram,Haryana,55,Male,2026-03-05,Bronze
C01342,Yashoda,Rama,wishi87@example.org,Mumbai,Maharashtra,44,Female,2025-01-05,Bronze
C01343,Ekanta,Prakash,etalwar@example.com,Bengaluru,Karnataka,30,Female,2025-10-11,Bronze
C01344,Nandini,Bansal,theodorejain@example.com,Bengaluru,Karnataka,37,Male,2026-04-23,Bronze
C01345,Wahab,Randhawa,daminisandal@example.com,Bengaluru,Karnataka,32,Female,2023-12-12,Bronze
C01346,Naksh,Prasad,frado21@example.com,Mumbai,Maharashtra,58,Female,2022-12-15,Silver
C01347,Sai,Venkataraman,victor90@example.com,Ahmedabad,Gujarat,29,Female,2024-03-16,Silver
C01348,Yauvani,Nayar,dseshadri@example.com,Pune,Maharashtra,35,Female,2025-11-16,Platinum
C01349,Nilima,Pillai,rnadig@example.com,Bengaluru,Karnataka,55,Female,2024-07-08,Bronze
C01350,Aryan,Gola,qkaur@example.net,Mumbai,Maharashtra,48,Other,2022-09-13,Gold
C01351,Faqid,Parmer,menonyachana@example.net,Mumbai,Maharashtra,19,Male,2023-04-27,Bronze
C01352,Farhan,Malhotra,guneetdani@example.org,Pune,Maharashtra,47,Male,2024-10-02,Bronze
C01353,Jagvi,Barad,gaurihegde@example.net,Pune,Maharashtra,41,Female,2025-01-06,Gold
C01354,Forum,Krishna,anvi39@example.org,Mumbai,Maharashtra,36,Female,2024-12-02,Gold
C01355,Advika,Anand,baghyawati56@example.com,Bengaluru,Karnataka,29,Male,2023-01-09,Silver
C01356,Advik,Sodhi,mitalikari@example.org,Pune,Maharashtra,38,Male,2024-09-26,Silver
C01357,Shaurya,Som,zaitrasidhu@example.net,Mumbai,Maharashtra,41,Female,2022-09-14,Silver
C01358,Triya,Oak,munshiraghav@example.com,Hyderabad,Telangana,26,Female,2026-06-22,Bronze
C01359,Omisha,Kadakia,jsengupta@example.org,Bengaluru,Karnataka,28,Female,2024-08-21,Bronze
C01360,Kavya,Dewan,dalajaandra@example.com,Pune,Maharashtra,53,Female,2025-06-28,Gold
C01361,Isha,Nori,onisandal@example.net,Bengaluru,Karnataka,53,Female,2023-07-25,Gold
C01362,Netra,Yogi,eshana90@example.net,Mumbai,Maharashtra,25,Male,2026-02-12,Gold
C01363,Azad,Dewan,gangaraman@example.com,Bengaluru,Karnataka,41,Female,2024-10-18,Bronze
C01364,Samarth,Raman,warriorlibni@example.org,Gurugram,Haryana,39,Female,2023-08-12,Bronze
C01365,Vaishnavi,Chopra,siya41@example.org,New Delhi,Delhi,32,Female,2025-11-18,Silver
C01366,Hemang,Goel,sureshavi@example.org,New Delhi,Delhi,26,Female,2024-10-27,Platinum
C01367,Rushil,Boase,nmander@example.org,Mumbai,Maharashtra,22,Female,2025-12-02,Bronze
C01368,Bishakha,Viswanathan,shadakshesh@example.com,Mumbai,Maharashtra,24,Female,2025-06-11,Silver
C01369,Zarna,Apte,etaroy@example.com,Bengaluru,Karnataka,25,Male,2023-12-01,Bronze
C01370,Naksh,Choudhry,omyasridhar@example.net,Mumbai,Maharashtra,24,Male,2026-06-27,Gold
C01371,Ekapad,Ramachandran,kalpitjha@example.com,Pune,Maharashtra,29,Female,2025-06-04,Bronze
C01372,Rachana,Soman,dayitajain@example.net,Pune,Maharashtra,55,Female,2024-12-27,Bronze
C01373,Tara,Majumdar,abhimanyudhar@example.com,Bengaluru,Karnataka,33,Female,2023-02-09,Bronze
C01374,Devansh,Rastogi,falguniswaminathan@example.com,Hyderabad,Telangana,51,Female,2026-06-20,Bronze
C01375,Turvi,Baral,manitanmayi@example.com,Mumbai,Maharashtra,18,Other,2023-07-14,Bronze
C01376,Chameli,Raman,ojasvikrish@example.org,Pune,Maharashtra,48,Female,2023-09-20,Silver
C01377,Rachana,Shankar,sgoswami@example.net,Mumbai,Maharashtra,29,Male,2025-12-11,Platinum
C01378,Girish,Ramaswamy,khatrinakul@example.com,Mumbai,Maharashtra,32,Female,2023-08-30,Silver
C01379,Bishakha,Bhavsar,wakeetasabharwal@example.net,Mumbai,Maharashtra,25,Female,2023-12-07,Bronze
C01380,Jairaj,Pillay,cheemayamini@example.com,Mumbai,Maharashtra,53,Male,2024-12-05,Bronze
C01381,Nimrat,Seshadri,zayyanjohal@example.net,Bengaluru,Karnataka,36,Female,2024-05-21,Silver
C01382,Chaitanya,Shere,boratriya@example.com,New Delhi,Delhi,32,Female,2024-01-21,Bronze
C01383,Hemal,Rastogi,mekhalabarad@example.org,Chennai,Tamil Nadu,22,Male,2025-06-27,Gold
C01384,Zashil,Contractor,etashetty@example.com,Kolkata,West Bengal,29,Female,2024-06-26,Silver
C01385,Triya,Bir,kiberaksha@example.org,New Delhi,Delhi,46,Female,2024-04-28,Silver
C01386,Urishilla,Mallick,onkarbadami@example.net,Pune,Maharashtra,43,Female,2024-05-01,Platinum
C01387,Harish,Goel,jeet86@example.org,New Delhi,Delhi,22,Female,2025-08-07,Bronze
C01388,Faras,Apte,mitesh75@example.org,Pune,Maharashtra,25,Female,2024-04-12,Bronze
C01389,Tarak,Banerjee,riyabatta@example.net,Bengaluru,Karnataka,55,Female,2022-07-18,Silver
C01390,Harshil,Ramakrishnan,sachi09@example.org,Hyderabad,Telangana,40,Female,2024-04-20,Silver
C01391,Chanakya,Purohit,zaidprasad@example.org,Mumbai,Maharashtra,50,Female,2023-10-30,Silver
C01392,Ryan,Chand,samaayaan@example.org,Pune,Maharashtra,49,Female,2025-02-20,Silver
C01393,Geetika,Handa,kannangopal@example.net,Pune,Maharashtra,21,Male,2025-12-27,Bronze
C01394,Oliver,Ganesh,sagaryauvani@example.org,Pune,Maharashtra,42,Female,2025-07-17,Bronze
C01395,Eta,Naidu,sarthakrana@example.com,Mumbai,Maharashtra,24,Male,2023-01-19,Silver
C01396,Jai,Kata,hiteshparikh@example.com,Bengaluru,Karnataka,47,Female,2023-10-14,Silver
C01397,Oscar,Aurora,amutti@example.com,Bengaluru,Karnataka,52,Female,2025-01-29,Gold
C01398,Simon,Shanker,dominicmallick@example.net,Bengaluru,Karnataka,45,Male,2026-05-15,Bronze
C01399,Jyoti,Bassi,kamdarnirja@example.com,Bengaluru,Karnataka,46,Female,2024-06-08,Bronze
C01400,Xalak,Chaudry,zayanchandran@example.net,Bengaluru,Karnataka,28,Female,2024-11-05,Bronze
C01401,Ekta,Rama,gaurangigill@example.net,New Delhi,Delhi,25,Female,2023-10-24,Bronze
C01402,Eesha,Subramaniam,nayakandrew@example.net,Bengaluru,Karnataka,54,Female,2023-07-10,Silver
C01403,Saumya,Raja,yahviarya@example.org,Pune,Maharashtra,43,Female,2026-03-26,Silver
C01404,Ansh,Dash,warjas63@example.net,Mumbai,Maharashtra,40,Male,2022-10-02,Bronze
C01405,Fariq,Bhasin,kavyatara@example.com,Pune,Maharashtra,20,Female,2023-03-27,Bronze
C01406,Saksham,Doshi,pjayaraman@example.org,Hyderabad,Telangana,19,Male,2023-04-10,Silver
C01407,Wazir,Sawhney,krish45@example.net,Mumbai,Maharashtra,40,Other,2024-02-23,Bronze
C01408,Balveer,Verma,wmani@example.org,Pune,Maharashtra,33,Female,2025-03-05,Bronze
C01409,Veer,Narula,xavier38@example.org,Pune,Maharashtra,22,Male,2022-09-08,Bronze
C01410,Yuvraj,Kapadia,uverma@example.org,Pune,Maharashtra,38,Female,2023-07-12,Silver
C01411,Riya,Ahuja,swamyekaraj@example.org,Mumbai,Maharashtra,44,Female,2023-08-29,Silver
C01412,Charles,Dhaliwal,jeremiahchand@example.org,Bengaluru,Karnataka,42,Female,2024-10-08,Bronze
C01413,Samarth,Keer,sandhuunni@example.com,Pune,Maharashtra,24,Female,2023-10-22,Bronze
C01414,Nitesh,Hora,paninigoda@example.net,Bengaluru,Karnataka,39,Female,2022-10-21,Bronze
C01415,Yuvraj,Mitter,saumya34@example.com,Kolkata,West Bengal,49,Female,2025-05-31,Platinum
C01416,Fariq,Parsa,kpurohit@example.com,Pune,Maharashtra,31,Female,2023-07-17,Bronze
C01417,Ridhi,Sami,ydugal@example.com,Noida,Uttar Pradesh,32,Female,2024-04-16,Platinum
C01418,Anmol,Raj,wchacko@example.com,New Delhi,Delhi,24,Female,2023-04-21,Bronze
C01419,Michael,Gill,lajita74@example.com,Bengaluru,Karnataka,48,Female,2023-07-27,Bronze
C01420,Bhanumati,Prashad,vbora@example.org,Pune,Maharashtra,50,Male,2024-11-07,Bronze
C01421,Upasna,Hayre,ranveeragrawal@example.org,Bengaluru,Karnataka,44,Female,2025-06-04,Silver
C01422,Xiti,Prasad,aravel@example.com,Bengaluru,Karnataka,29,Male,2023-06-23,Silver
C01423,Kashvi,Rajagopalan,pmorar@example.net,Bengaluru,Karnataka,54,Female,2025-07-01,Silver
C01424,Ekavir,Rege,dashlekha@example.net,Hyderabad,Telangana,35,Male,2023-12-04,Silver
C01425,Nicholas,Hari,xkumer@example.net,Bengaluru,Karnataka,54,Male,2024-02-11,Bronze
C01426,Ijaya,Upadhyay,spillay@example.org,Pune,Maharashtra,27,Female,2023-12-14,Silver
C01427,Lekha,Samra,xaviersridhar@example.org,Hyderabad,Telangana,44,Female,2024-02-08,Gold
C01428,Janaki,Bala,advikashah@example.net,Pune,Maharashtra,44,Female,2025-05-28,Bronze
C01429,Manan,Kumar,neelarora@example.org,Pune,Maharashtra,56,Female,2022-09-11,Bronze
C01430,George,Rajagopalan,hbuch@example.org,Pune,Maharashtra,33,Male,2026-05-23,Bronze
C01431,Pallavi,Gandhi,skrishnan@example.com,Bengaluru,Karnataka,45,Female,2024-02-06,Bronze
C01432,Xiti,Walia,umorar@example.com,Pune,Maharashtra,19,Female,2025-10-12,Gold
C01433,Gaurav,Chopra,luke43@example.net,New Delhi,Delhi,59,Male,2025-07-23,Platinum
C01434,Mitali,Morar,gangulyvyanjana@example.org,Bengaluru,Karnataka,21,Male,2026-06-08,Bronze
C01435,Gunbir,Boase,avohra@example.net,Bengaluru,Karnataka,44,Male,2026-03-10,Silver
C01436,Bhavya,Sankar,patrickprasad@example.org,Chennai,Tamil Nadu,26,Female,2024-04-27,Silver
C01437,Krish,Hora,ggopal@example.org,Bengaluru,Karnataka,51,Female,2025-11-13,Silver
C01438,Shravya,Kala,saibhargava@example.net,Hyderabad,Telangana,34,Female,2023-08-08,Bronze
C01439,Qadim,Handa,nilima79@example.org,Bengaluru,Karnataka,39,Male,2024-10-15,Silver
C01440,Ojas,Buch,frederick61@example.com,Hyderabad,Telangana,45,Female,2025-03-22,Bronze
C01441,Devansh,Oommen,keervanya@example.com,Pune,Maharashtra,46,Female,2025-01-02,Gold
C01442,Harrison,Andra,lataabhimanyu@example.net,Pune,Maharashtra,41,Female,2023-07-22,Bronze
C01443,Benjamin,Chatterjee,abhimanyuprashad@example.net,Bengaluru,Karnataka,33,Male,2023-11-19,Gold
C01444,Zinal,Lata,wsolanki@example.com,Kolkata,West Bengal,48,Female,2024-07-05,Gold
C01445,Pushti,Nayar,hemal53@example.com,Pune,Maharashtra,20,Male,2023-02-24,Silver
C01446,Mohini,Radhakrishnan,parekhganga@example.org,Kolkata,West Bengal,60,Female,2022-09-03,Silver
C01447,Aarush,Shan,bdewan@example.net,Mumbai,Maharashtra,41,Male,2022-08-14,Silver
C01448,Jason,Wali,yuvraj57@example.net,Bengaluru,Karnataka,46,Female,2025-03-21,Gold
C01449,Vaishnavi,Varma,aguha@example.net,Mumbai,Maharashtra,37,Female,2025-02-10,Gold
C01450,Ekanta,Badal,chakradev57@example.org,Pune,Maharashtra,28,Male,2025-05-14,Silver
C01451,Vedhika,Ratta,pallpriya@example.com,Chennai,Tamil Nadu,44,Male,2022-12-07,Bronze
C01452,Harish,Rajan,robert28@example.net,Pune,Maharashtra,48,Male,2023-10-16,Gold
C01453,Yamini,Balay,widishachahal@example.com,Mumbai,Maharashtra,24,Male,2024-03-05,Silver
C01454,Unni,Ganguly,edalia@example.net,Bengaluru,Karnataka,44,Female,2024-07-28,Gold
C01455,Wridesh,Kohli,onkarchakraborty@example.org,New Delhi,Delhi,19,Male,2024-01-02,Silver
C01456,Radhika,Balakrishnan,etarajagopal@example.com,Pune,Maharashtra,59,Female,2024-01-22,Bronze
C01457,Thomas,Kurian,qdasgupta@example.org,Bengaluru,Karnataka,54,Female,2024-10-14,Bronze
C01458,Vyanjana,Chana,udarsh99@example.org,Bengaluru,Karnataka,26,Male,2022-11-27,Silver
C01459,Hemal,Purohit,zsarkar@example.org,Hyderabad,Telangana,46,Female,2024-10-02,Silver
C01460,Udant,Lad,mannangagan@example.org,Mumbai,Maharashtra,55,Male,2022-09-10,Silver
C01461,Gaurav,Oak,jackpillai@example.org,Pune,Maharashtra,41,Female,2024-03-22,Gold
C01462,Dhriti,Rai,mukhopadhyaydavid@example.net,Kolkata,West Bengal,32,Female,2023-05-07,Bronze
C01463,Ranveer,Rama,xnagarajan@example.com,Bengaluru,Karnataka,58,Female,2023-02-11,Bronze
C01464,Jonathan,Venkatesh,hredhaanrana@example.org,Bengaluru,Karnataka,28,Female,2025-01-28,Silver
C01465,Triveni,Mutti,chamankanda@example.com,Bengaluru,Karnataka,23,Male,2025-09-16,Bronze
C01466,Tamanna,Din,madhav09@example.com,Bengaluru,Karnataka,51,Female,2026-06-20,Gold
C01467,Dayamai,Thakkar,mahalvanya@example.net,Bengaluru,Karnataka,49,Female,2022-10-08,Silver
C01468,Tanveer,Talwar,krisha05@example.org,Pune,Maharashtra,36,Male,2025-01-19,Bronze
C01469,Shivansh,Kar,golavinaya@example.net,Mumbai,Maharashtra,56,Female,2025-05-21,Gold
C01470,Manya,Mistry,anthonyramanathan@example.com,New Delhi,Delhi,44,Female,2025-06-26,Silver
C01471,Pahal,Solanki,mahika61@example.net,Pune,Maharashtra,33,Female,2025-01-28,Gold
C01472,Barkha,Mandal,meerachatterjee@example.org,Mumbai,Maharashtra,59,Female,2022-09-16,Bronze
C01473,Ekiya,Bhagat,tanvi29@example.org,Pune,Maharashtra,43,Female,2024-09-24,Silver
C01474,Riya,Subramanian,maanav33@example.net,New Delhi,Delhi,34,Female,2023-03-13,Silver
C01475,Rohan,Andra,harsh26@example.com,Pune,Maharashtra,48,Male,2025-03-25,Platinum
C01476,Om,Bhalla,parekhurvi@example.org,Kolkata,West Bengal,20,Female,2023-03-11,Silver
C01477,Charles,Dalal,radha26@example.org,Mumbai,Maharashtra,60,Female,2024-05-01,Platinum
C01478,Bahadurjit,Dani,mekhalasuresh@example.com,Bengaluru,Karnataka,29,Female,2023-04-17,Silver
C01479,Orinder,Prashad,shethlavanya@example.com,Kolkata,West Bengal,26,Female,2023-12-03,Silver
C01480,Sai,Pillai,darjackson@example.org,Mumbai,Maharashtra,25,Female,2025-01-31,Platinum
C01481,Jairaj,Suresh,arinsrinivasan@example.com,Bengaluru,Karnataka,41,Male,2024-12-20,Bronze
C01482,Girindra,Golla,psule@example.net,Chennai,Tamil Nadu,34,Female,2023-02-09,Bronze
C01483,Radha,Misra,hardiknanda@example.org,Pune,Maharashtra,27,Female,2023-10-16,Gold
C01484,Qasim,Ravi,rameshvrinda@example.org,New Delhi,Delhi,21,Female,2024-01-29,Bronze
C01485,Zilmil,Yohannan,johaljacob@example.org,Pune,Maharashtra,34,Female,2023-11-28,Bronze
C01486,Pranit,Ahluwalia,hmurthy@example.org,Pune,Maharashtra,20,Female,2023-10-09,Platinum
C01487,Kabir,Jhaveri,gagankunda@example.org,Bengaluru,Karnataka,49,Female,2023-12-24,Silver
C01488,Frado,Dash,januja82@example.com,Pune,Maharashtra,23,Female,2024-08-02,Bronze
C01489,Aadi,Kothari,chakradhar84@example.net,Chennai,Tamil Nadu,35,Female,2023-09-11,Silver
C01490,Sai,Dey,hmunshi@example.com,Pune,Maharashtra,51,Male,2026-07-10,Bronze
C01491,Yashvi,Kadakia,basuwarjas@example.org,Ahmedabad,Gujarat,49,Female,2025-03-01,Gold
C01492,Raghav,Dhar,tanveer29@example.net,Pune,Maharashtra,25,Female,2022-09-22,Silver
C01493,Tarak,Parmer,kabir96@example.org,Kolkata,West Bengal,27,Female,2024-09-24,Bronze
C01494,Aadhya,Lad,zgade@example.com,New Delhi,Delhi,47,Female,2023-11-09,Bronze
C01495,Fiyaz,Kumar,idhar@example.org,New Delhi,Delhi,20,Female,2024-09-12,Platinum
C01496,Ekavir,Luthra,kashishvaidya@example.net,Mumbai,Maharashtra,26,Female,2023-05-10,Bronze
C01497,Nihal,Saini,diyasaraf@example.com,New Delhi,Delhi,21,Male,2024-09-25,Silver
C01498,Atharv,Kota,madanjeet@example.net,Bengaluru,Karnataka,43,Female,2026-01-10,Bronze
C01499,Imaran,Ray,narayangaurav@example.com,Hyderabad,Telangana,23,Female,2024-04-23,Bronze
C01500,Gauri,Mahajan,upkaarmahal@example.org,Mumbai,Maharashtra,36,Female,2024-04-15,Platinum
C01501,Guneet,Purohit,kritikacheema@example.org,Pune,Maharashtra,49,Male,2024-11-14,Silver
C01502,Parth,Vyas,vrishti18@example.com,Ahmedabad,Gujarat,56,Female,2022-09-15,Silver
C01503,Baghyawati,Madan,bavaonkar@example.com,Chennai,Tamil Nadu,30,Female,2023-09-03,Gold
C01504,Lopa,Golla,neha79@example.org,Bengaluru,Karnataka,56,Female,2023-05-22,Silver
C01505,Aashi,Andra,jonathandhar@example.com,Hyderabad,Telangana,29,Female,2023-02-07,Bronze
C01506,Amara,Bera,zaid96@example.net,Pune,Maharashtra,47,Female,2024-08-18,Silver
C01507,Tanvi,Goswami,zpandya@example.com,New Delhi,Delhi,51,Female,2023-10-08,Silver
C01508,Yadavi,Mangat,priya83@example.com,Mumbai,Maharashtra,23,Male,2024-02-04,Bronze
C01509,Gagan,Mody,fmunshi@example.net,Pune,Maharashtra,37,Male,2025-10-30,Silver
C01510,Fariq,Bose,girikgandhi@example.net,Mumbai,Maharashtra,53,Female,2026-04-12,Bronze
C01511,Dakshesh,Chad,waida06@example.net,Pune,Maharashtra,44,Female,2024-02-29,Silver
C01512,Yashoda,Deshpande,gtank@example.net,Bengaluru,Karnataka,40,Female,2025-02-15,Bronze
C01513,Jeet,Ravi,guptaabhimanyu@example.net,Bengaluru,Karnataka,60,Female,2025-11-27,Silver
C01514,Pavani,Warrior,yash89@example.org,Chennai,Tamil Nadu,23,Female,2026-04-17,Silver
C01515,Saumya,Ganguly,parthborde@example.com,Mumbai,Maharashtra,60,Female,2023-12-30,Gold
C01516,Kiaan,Varkey,charan67@example.com,Mumbai,Maharashtra,31,Female,2025-06-30,Silver
C01517,Onkar,Prakash,nigamzaid@example.net,Bengaluru,Karnataka,24,Female,2022-10-08,Bronze
C01518,Jacob,Mannan,vasudha44@example.org,Mumbai,Maharashtra,28,Female,2026-06-21,Bronze
C01519,Aarnav,Ramesh,dalajavarma@example.org,Mumbai,Maharashtra,56,Male,2022-11-09,Bronze
C01520,Ubika,Sura,parekhabeer@example.net,Hyderabad,Telangana,41,Female,2023-02-01,Platinum
C01521,Triveni,Narasimhan,irya10@example.com,New Delhi,Delhi,23,Female,2024-11-06,Bronze
C01522,Quincy,Ratti,aditya16@example.com,Pune,Maharashtra,30,Male,2026-06-16,Bronze
C01523,Rudra,Chad,nirjadasgupta@example.com,New Delhi,Delhi,33,Female,2022-11-26,Silver
C01524,Abhimanyu,Dugal,upkaar76@example.com,Hyderabad,Telangana,23,Female,2025-06-23,Bronze
C01525,Chandani,Patla,igopal@example.com,Bengaluru,Karnataka,25,Female,2026-06-04,Bronze
C01526,Ikbal,Sarna,iedwin@example.com,New Delhi,Delhi,48,Female,2023-10-29,Bronze
C01527,Radha,Ahluwalia,rushil13@example.com,Pune,Maharashtra,54,Male,2024-11-22,Bronze
C01528,Banjeet,Deol,vsama@example.com,Mumbai,Maharashtra,58,Male,2025-12-20,Bronze
C01529,Azad,Dyal,varenyalata@example.org,Mumbai,Maharashtra,55,Female,2023-10-07,Silver
C01530,Oviya,Suresh,udatta@example.com,Mumbai,Maharashtra,43,Female,2023-10-24,Silver
C01531,Yachana,Ramachandran,imaranchokshi@example.org,Bengaluru,Karnataka,49,Female,2022-09-28,Bronze
C01532,Jonathan,Dugal,xiti03@example.org,Pune,Maharashtra,38,Female,2023-04-25,Bronze
C01533,Hema,Sanghvi,sarafvarsha@example.com,New Delhi,Delhi,25,Female,2023-11-22,Gold
C01534,Baghyawati,Sunder,sanghviyug@example.net,Mumbai,Maharashtra,45,Female,2022-08-20,Bronze
C01535,Michael,Vaidya,zaidmand@example.org,Pune,Maharashtra,46,Female,2024-08-13,Bronze
C01536,Adya,Kota,eissac@example.net,Ahmedabad,Gujarat,56,Male,2024-08-23,Silver
C01537,Harshil,Thakkar,ranbirdixit@example.org,Bengaluru,Karnataka,42,Male,2024-11-25,Gold
C01538,Jai,Deo,rbarad@example.org,New Delhi,Delhi,48,Male,2024-07-11,Gold
C01539,Madhav,Sandhu,iyengargavin@example.org,Bengaluru,Karnataka,23,Female,2024-12-17,Bronze
C01540,Lajita,Reddy,vihaan35@example.com,Pune,Maharashtra,49,Female,2023-02-24,Bronze
C01541,Varenya,Bhat,tbehl@example.org,Noida,Uttar Pradesh,33,Female,2024-11-04,Bronze
C01542,Amruta,Patla,indali63@example.com,Pune,Maharashtra,40,Female,2025-01-30,Bronze
C01543,Champak,Gopal,acharyacharles@example.net,Chennai,Tamil Nadu,20,Male,2023-09-21,Bronze
C01544,Ekanta,Kala,urmi49@example.org,Pune,Maharashtra,25,Female,2025-04-10,Bronze
C01545,Raagini,Goyal,vyanjana55@example.com,Noida,Uttar Pradesh,20,Male,2024-07-21,Silver
C01546,Isaac,Chatterjee,degarima@example.com,Ahmedabad,Gujarat,50,Female,2022-09-04,Bronze
C01547,Janaki,Wadhwa,wazir43@example.net,Pune,Maharashtra,47,Male,2024-02-03,Silver
C01548,Leena,Chahal,dejai@example.org,Gurugram,Haryana,57,Male,2023-02-14,Gold
C01549,Rayaan,Hans,echaudhary@example.net,Hyderabad,Telangana,50,Female,2026-04-24,Silver
C01550,Hemal,Mitra,ijaggi@example.net,Chennai,Tamil Nadu,28,Male,2024-07-08,Silver
C01551,Mitesh,Bassi,rehaansahota@example.net,Hyderabad,Telangana,24,Female,2023-10-02,Bronze
C01552,Zayyan,Palan,saumya16@example.org,Hyderabad,Telangana,30,Female,2025-11-09,Bronze
C01553,Vasudha,Saini,ganesananusha@example.net,Hyderabad,Telangana,48,Female,2025-03-03,Silver
C01554,Kai,Mann,bhatranveer@example.net,Pune,Maharashtra,44,Female,2024-06-16,Silver
C01555,Mitali,Talwar,gandhiraksha@example.net,Pune,Maharashtra,44,Male,2023-07-30,Bronze
C01556,Leena,Ramakrishnan,nmagar@example.org,Mumbai,Maharashtra,47,Male,2024-04-01,Silver
C01557,Aarush,Dutta,adityavarghese@example.com,New Delhi,Delhi,46,Female,2026-05-19,Bronze
C01558,Yahvi,Vohra,chavvi34@example.net,Hyderabad,Telangana,23,Female,2026-02-26,Bronze
C01559,Amrita,Dani,udarshbath@example.net,Hyderabad,Telangana,21,Female,2024-02-11,Bronze
C01560,Wazir,Manne,divanarunima@example.org,Ahmedabad,Gujarat,54,Female,2025-09-12,Silver
C01561,Anamika,Behl,shivanshwarrior@example.org,New Delhi,Delhi,51,Other,2022-11-04,Bronze
C01562,Aarav,Palan,ekta18@example.com,Chennai,Tamil Nadu,53,Male,2022-08-13,Silver
C01563,Kiaan,Rege,ekta00@example.com,Mumbai,Maharashtra,18,Male,2024-08-13,Gold
C01564,Theodore,Mammen,aahanababu@example.net,Bengaluru,Karnataka,43,Female,2025-09-21,Bronze
C01565,Hitesh,Raja,samuel73@example.com,Bengaluru,Karnataka,59,Female,2023-01-29,Bronze
C01566,Amruta,Jani,cdugal@example.org,Hyderabad,Telangana,43,Male,2022-11-28,Gold
C01567,Radha,Pillay,varenyachander@example.com,Pune,Maharashtra,39,Female,2023-07-14,Silver
C01568,Pratyush,Sharaf,patrickgulati@example.net,Chennai,Tamil Nadu,52,Female,2023-08-18,Bronze
C01569,Vritti,Gole,ansh42@example.org,Bengaluru,Karnataka,39,Male,2023-08-16,Bronze
C01570,Meera,Guha,dharekbal@example.com,Pune,Maharashtra,55,Female,2023-07-09,Gold
C01571,Yatan,Sha,uchaudhry@example.net,Mumbai,Maharashtra,50,Female,2024-03-05,Bronze
C01572,Laksh,Arora,purohitleena@example.org,Mumbai,Maharashtra,50,Female,2023-01-11,Bronze
C01573,Imaran,Arya,deoyuvraj@example.org,New Delhi,Delhi,46,Female,2025-11-05,Silver
C01574,Amrita,Dhar,andrahitesh@example.net,Bengaluru,Karnataka,55,Female,2025-03-22,Gold
C01575,Hamsini,Chada,liamsrinivasan@example.net,Bengaluru,Karnataka,56,Female,2023-07-22,Bronze
C01576,Sachi,Gade,garima72@example.org,New Delhi,Delhi,54,Female,2022-07-15,Silver
C01577,Daksh,Loke,bailchaitanya@example.org,Bengaluru,Karnataka,24,Female,2025-02-26,Silver
C01578,Chaman,Chauhan,adhar@example.org,Hyderabad,Telangana,47,Female,2024-07-09,Silver
C01579,Arjun,Karan,jrajan@example.com,Hyderabad,Telangana,23,Female,2026-02-01,Gold
C01580,Bhavini,Kara,fchowdhury@example.org,Bengaluru,Karnataka,22,Female,2024-01-17,Silver
C01581,Imaran,Kapur,mandaishanvi@example.org,Bengaluru,Karnataka,43,Male,2023-08-21,Silver
C01582,Gauri,Dani,frado09@example.org,New Delhi,Delhi,49,Male,2024-01-29,Bronze
C01583,Pranav,Sangha,pratyush62@example.net,Pune,Maharashtra,26,Female,2023-09-17,Bronze
C01584,Charvi,Mangat,hemang47@example.net,Kolkata,West Bengal,51,Female,2023-09-01,Bronze
C01585,Jyoti,Lanka,agatemanthan@example.net,Bengaluru,Karnataka,53,Female,2025-08-31,Platinum
C01586,Manan,Nagarajan,madhavisekhon@example.net,Bengaluru,Karnataka,25,Female,2024-04-03,Silver
C01587,Vanya,Bhavsar,sanearya@example.org,Pune,Maharashtra,25,Female,2025-09-08,Platinum
C01588,Gautam,Naidu,qabilrajan@example.com,Mumbai,Maharashtra,19,Male,2023-10-27,Bronze
C01589,Eiravati,Talwar,ssrivastava@example.com,Bengaluru,Karnataka,37,Male,2026-04-10,Bronze
C01590,Gauri,Devi,leelasahota@example.net,Hyderabad,Telangana,18,Female,2023-10-21,Bronze
C01591,Widisha,Yohannan,iwalia@example.org,Chennai,Tamil Nadu,48,Female,2024-03-15,Silver
C01592,Leena,Chacko,kvyas@example.net,Ahmedabad,Gujarat,48,Male,2024-06-06,Gold
C01593,Theodore,Chahal,janakiagate@example.org,Pune,Maharashtra,50,Female,2025-10-08,Silver
C01594,Anay,Patil,hdeol@example.org,New Delhi,Delhi,38,Female,2025-09-16,Silver
C01595,Ikshita,Patel,chaitalysharma@example.org,Bengaluru,Karnataka,32,Male,2024-05-16,Bronze
C01596,Oviya,Kibe,udarshbhalla@example.net,Pune,Maharashtra,46,Male,2022-10-14,Silver
C01597,Lakshit,Dalal,krishnabal@example.net,Chennai,Tamil Nadu,19,Female,2022-07-31,Silver
C01598,Panini,Prabhu,cherianethan@example.com,New Delhi,Delhi,59,Female,2023-05-26,Silver
C01599,Nakul,Balan,jasmitdhaliwal@example.org,Pune,Maharashtra,52,Female,2023-01-28,Bronze
C01600,Yash,Bose,sahamason@example.org,Bengaluru,Karnataka,48,Female,2025-06-26,Bronze
C01601,Upma,Dey,upma65@example.com,New Delhi,Delhi,29,Male,2023-07-25,Bronze
C01602,Agastya,Mangat,dugaldarpan@example.net,Pune,Maharashtra,55,Female,2022-08-03,Gold
C01603,Azad,Ghose,advayrandhawa@example.com,Bengaluru,Karnataka,55,Female,2024-04-17,Gold
C01604,Suhani,Kuruvilla,utkarsh62@example.com,Pune,Maharashtra,29,Female,2024-02-04,Gold
C01605,George,Vig,vdass@example.org,Mumbai,Maharashtra,23,Female,2025-02-07,Bronze
C01606,Nandini,Bhalla,manyagour@example.net,Pune,Maharashtra,29,Female,2025-09-27,Bronze
C01607,Faras,Sidhu,pmunshi@example.net,Mumbai,Maharashtra,28,Female,2024-04-05,Platinum
C01608,Nidhi,Rai,chaturaprabhu@example.net,Pune,Maharashtra,21,Female,2022-07-19,Bronze
C01609,Panini,Hayer,ikbal11@example.com,Pune,Maharashtra,34,Female,2024-09-23,Gold
C01610,Gautami,Bala,baghyawatigaba@example.net,Pune,Maharashtra,33,Male,2025-05-30,Silver
C01611,Hredhaan,Bhattacharyya,advaymore@example.org,Bengaluru,Karnataka,42,Male,2023-09-19,Bronze
C01612,Saksham,Bali,amrutachada@example.net,Mumbai,Maharashtra,44,Female,2023-06-12,Bronze
C01613,Chaitanya,Sule,bavadivya@example.org,New Delhi,Delhi,35,Female,2026-06-10,Silver
C01614,Dayamai,Anand,barkha68@example.org,Pune,Maharashtra,59,Male,2023-06-08,Bronze
C01615,Divya,Raman,kai15@example.com,Mumbai,Maharashtra,58,Female,2026-01-28,Silver
C01616,Yahvi,Chaudhuri,arjunraja@example.com,Pune,Maharashtra,28,Male,2023-07-08,Silver
C01617,Baljiwan,Mannan,maxsheth@example.org,Mumbai,Maharashtra,46,Female,2023-06-08,Gold
C01618,Girik,Kata,lohitdyal@example.net,Kolkata,West Bengal,36,Female,2023-01-24,Bronze
C01619,Zaitra,Virk,sara25@example.com,Pune,Maharashtra,35,Female,2023-11-04,Gold
C01620,Jagvi,Sankar,ramwilliam@example.org,Mumbai,Maharashtra,58,Female,2024-07-29,Gold
C01621,Falan,Dua,zchatterjee@example.org,Mumbai,Maharashtra,52,Female,2025-08-22,Bronze
C01622,Luke,More,taragirindra@example.com,Mumbai,Maharashtra,26,Male,2025-11-09,Platinum
C01623,Dipta,Gara,neel14@example.net,Chennai,Tamil Nadu,57,Female,2025-05-13,Gold
C01624,Januja,Pandit,bobalpraneel@example.net,Chennai,Tamil Nadu,58,Female,2024-08-16,Silver
C01625,Triveni,Kuruvilla,wkunda@example.com,Bengaluru,Karnataka,60,Other,2025-03-02,Bronze
C01626,Logan,Dasgupta,xbaral@example.com,Bengaluru,Karnataka,39,Female,2023-03-09,Silver
C01627,Nandini,Rege,ridhiperi@example.net,New Delhi,Delhi,56,Female,2026-07-14,Gold
C01628,Dipta,Prakash,sachdevyashawini@example.com,New Delhi,Delhi,53,Male,2024-03-24,Silver
C01629,Adya,Basak,kondaabhiram@example.org,Hyderabad,Telangana,23,Male,2023-07-12,Silver
C01630,Henry,Mannan,kdutt@example.com,Pune,Maharashtra,60,Female,2026-05-16,Bronze
C01631,Elijah,Kapoor,qshere@example.org,Gurugram,Haryana,56,Female,2024-06-08,Bronze
C01632,Ikshita,Shukla,dwarrior@example.org,Hyderabad,Telangana,18,Female,2022-08-21,Bronze
C01633,Frederick,Gole,ranganathanrachita@example.org,Pune,Maharashtra,32,Male,2026-06-29,Silver
C01634,Neelima,Narasimhan,nadighema@example.net,New Delhi,Delhi,40,Female,2022-07-27,Gold
C01635,Vedika,Kala,rcontractor@example.com,Bengaluru,Karnataka,32,Female,2022-07-09,Bronze
C01636,Balvan,Dugal,odhingra@example.org,Mumbai,Maharashtra,49,Male,2024-12-21,Silver
C01637,Ekaja,Balay,zbhatia@example.com,Pune,Maharashtra,58,Female,2025-06-12,Gold
C01638,Qushi,Solanki,chaturakakar@example.org,Bengaluru,Karnataka,28,Female,2023-10-11,Silver
C01639,Pallavi,Madan,patrick12@example.org,Bengaluru,Karnataka,56,Female,2022-09-20,Bronze
C01640,Anusha,Ravel,misrasiya@example.com,Pune,Maharashtra,26,Female,2026-03-07,Silver
C01641,Tanish,Lad,chaturachanda@example.com,Pune,Maharashtra,35,Female,2023-08-12,Silver
C01642,Hema,Mishra,rushilpalla@example.com,Noida,Uttar Pradesh,52,Female,2022-08-29,Silver
C01643,Vasatika,Soman,rajeshripant@example.net,Chennai,Tamil Nadu,45,Female,2026-07-14,Gold
C01644,Lopa,Anne,farasdhillon@example.com,Pune,Maharashtra,45,Male,2024-09-25,Bronze
C01645,Edhitha,Atwal,taradivan@example.com,Pune,Maharashtra,47,Female,2023-08-22,Silver
C01646,Edhitha,Comar,hlall@example.net,Pune,Maharashtra,21,Female,2025-04-15,Bronze
C01647,Aarush,Seshadri,shivanichatterjee@example.org,Mumbai,Maharashtra,43,Female,2026-07-08,Bronze
C01648,Tejas,Guha,mganesan@example.com,Bengaluru,Karnataka,32,Other,2026-05-28,Bronze
C01649,Tarak,Pall,rayaanatwal@example.com,Pune,Maharashtra,30,Female,2025-02-22,Bronze
C01650,Januja,Babu,damyanti81@example.net,Bengaluru,Karnataka,19,Female,2026-01-01,Gold
C01651,Xalak,Shah,wroy@example.com,Bengaluru,Karnataka,39,Male,2023-01-13,Bronze
C01652,Pooja,Virk,ishaan27@example.com,Bengaluru,Karnataka,21,Male,2024-08-20,Silver
C01653,Kashvi,Goel,rajataraj@example.com,Pune,Maharashtra,56,Female,2026-02-19,Silver
C01654,Rajeshri,Mander,chahalhemang@example.org,Bengaluru,Karnataka,25,Female,2023-04-20,Bronze
C01655,Amol,Sabharwal,tanejaharish@example.net,Pune,Maharashtra,22,Male,2024-10-15,Bronze
C01656,Sachi,Thakur,mannosha@example.org,Hyderabad,Telangana,37,Female,2026-03-28,Bronze
C01657,Udant,Sha,mcontractor@example.com,Pune,Maharashtra,53,Female,2026-03-26,Gold
C01658,Jeet,Panchal,psachar@example.net,Mumbai,Maharashtra,44,Female,2023-01-31,Silver
C01659,Meghana,Amble,udarsh84@example.com,New Delhi,Delhi,47,Female,2026-06-27,Silver
C01660,Aishani,Mohanty,akhurana@example.com,Chennai,Tamil Nadu,24,Female,2023-01-27,Gold
C01661,Bachittar,Aurora,dubekavya@example.net,Hyderabad,Telangana,51,Female,2024-01-01,Bronze
C01662,Eesha,Nayak,qushikhurana@example.net,Pune,Maharashtra,22,Female,2023-03-18,Gold
C01663,Mahika,Hans,zbehl@example.net,Ahmedabad,Gujarat,58,Female,2025-11-02,Bronze
C01664,Pushti,Dave,zghose@example.com,Bengaluru,Karnataka,46,Female,2023-01-24,Bronze
C01665,Zansi,Dutt,gkashyap@example.net,Pune,Maharashtra,37,Female,2025-10-30,Silver
C01666,Jonathan,Thaman,ramanathanabha@example.net,New Delhi,Delhi,37,Female,2024-07-16,Silver
C01667,Nathan,Naidu,girikchander@example.org,Pune,Maharashtra,37,Female,2023-11-30,Bronze
C01668,Rajeshri,Apte,ayaanbrar@example.net,Gurugram,Haryana,55,Female,2023-08-23,Bronze
C01669,Lavanya,Bakshi,sudikshaparmar@example.org,Pune,Maharashtra,21,Female,2023-05-30,Bronze
C01670,Wriddhish,Kapadia,rishi83@example.net,Pune,Maharashtra,22,Female,2025-06-01,Silver
C01671,Kritika,Lad,maharajfitan@example.org,New Delhi,Delhi,56,Female,2023-12-04,Gold
C01672,Arin,Chauhan,sharafjason@example.org,Bengaluru,Karnataka,57,Female,2024-08-30,Bronze
C01673,Lucky,Mandal,pranit11@example.com,Pune,Maharashtra,49,Female,2026-04-23,Bronze
C01674,Janaki,Johal,fchaudhuri@example.org,Pune,Maharashtra,47,Female,2025-04-03,Bronze
C01675,Odika,Borah,nbose@example.net,New Delhi,Delhi,42,Female,2024-09-08,Bronze
C01676,Oni,Prashad,shravya22@example.com,Gurugram,Haryana,18,Female,2024-07-05,Bronze
C01677,Advaith,Gokhale,dalalhemal@example.com,Pune,Maharashtra,46,Female,2024-11-30,Silver
C01678,Veda,Ahluwalia,aachaldara@example.org,Hyderabad,Telangana,19,Female,2026-04-20,Bronze
C01679,Ayushman,Wason,vasayauvani@example.org,Pune,Maharashtra,29,Female,2025-01-28,Silver
C01680,Tarak,Patla,kallaayushman@example.com,Pune,Maharashtra,29,Male,2026-06-04,Gold
C01681,Lakshit,Kannan,dateamrita@example.com,Pune,Maharashtra,26,Female,2022-09-30,Silver
C01682,Vasatika,Iyengar,pallchaitaly@example.com,Pune,Maharashtra,37,Female,2025-05-14,Bronze
C01683,Warhi,Sarin,qhans@example.org,Mumbai,Maharashtra,51,Other,2025-08-02,Platinum
C01684,Rudra,Mand,lchauhan@example.net,Chennai,Tamil Nadu,22,Female,2022-07-23,Gold
C01685,Devika,Gandhi,vinayasant@example.com,Pune,Maharashtra,30,Female,2025-06-25,Silver
C01686,Pallavi,Magar,hritik96@example.com,Mumbai,Maharashtra,58,Female,2024-02-20,Bronze
C01687,Ryan,Pandit,devansh72@example.org,Bengaluru,Karnataka,52,Female,2025-06-26,Bronze
C01688,Yasti,Kulkarni,mmemon@example.net,Pune,Maharashtra,35,Male,2023-01-06,Gold
C01689,Indira,Rao,contractorpranit@example.com,Kolkata,West Bengal,31,Male,2023-10-21,Silver
C01690,Pushti,Grewal,yatan13@example.net,Hyderabad,Telangana,22,Female,2023-02-05,Bronze
C01691,Kamya,Prabhu,diptadas@example.org,Chennai,Tamil Nadu,41,Female,2023-09-10,Bronze
C01692,Eiravati,Apte,tanay79@example.com,Mumbai,Maharashtra,51,Female,2024-06-13,Silver
C01693,Viraj,Bhatti,mmander@example.org,Bengaluru,Karnataka,55,Female,2025-01-15,Gold
C01694,Teerth,Chauhan,falan96@example.net,Bengaluru,Karnataka,31,Female,2026-05-05,Bronze
C01695,Radhika,Nadkarni,rudra30@example.com,Chennai,Tamil Nadu,31,Female,2024-04-29,Gold
C01696,Wishi,Batra,oviya11@example.com,Bengaluru,Karnataka,34,Female,2024-06-12,Bronze
C01697,Onveer,Narain,kkhalsa@example.org,Pune,Maharashtra,51,Female,2024-01-20,Silver
C01698,Bhavani,Badami,shenoybhavani@example.org,Bengaluru,Karnataka,39,Female,2023-01-23,Bronze
C01699,Neha,Bansal,nazarethamol@example.org,Mumbai,Maharashtra,38,Female,2023-10-04,Bronze
C01700,Upma,Chandran,rmitra@example.com,Mumbai,Maharashtra,59,Female,2025-01-21,Gold
C01701,Hiral,Ratta,munshiwakeeta@example.net,Mumbai,Maharashtra,50,Female,2023-09-25,Bronze
C01702,Champak,Ramaswamy,suhani71@example.com,Mumbai,Maharashtra,24,Female,2025-04-08,Bronze
C01703,Harshil,Balakrishnan,champakanne@example.org,Bengaluru,Karnataka,30,Female,2024-09-03,Bronze
C01704,Henry,Naidu,kkara@example.org,New Delhi,Delhi,35,Female,2022-09-18,Silver
C01705,Rayaan,Pillay,benaashi@example.org,Pune,Maharashtra,52,Male,2022-07-13,Bronze
C01706,Indrajit,Bava,falan45@example.net,Mumbai,Maharashtra,43,Male,2024-08-08,Gold
C01707,Ladli,Madan,lakshitsharma@example.org,Hyderabad,Telangana,48,Female,2026-06-24,Platinum
C01708,Jonathan,Nagar,odikasekhon@example.net,Kolkata,West Bengal,32,Female,2024-04-25,Silver
C01709,Jason,Vig,vanyasuri@example.com,Bengaluru,Karnataka,55,Male,2023-08-27,Silver
C01710,Ekanta,Subramanian,georgelalla@example.com,New Delhi,Delhi,39,Male,2023-12-17,Bronze
C01711,Fitan,Pandit,sameshbrahmbhatt@example.org,Pune,Maharashtra,44,Female,2022-08-19,Bronze
C01712,Warda,Bhasin,agastyakalita@example.com,Bengaluru,Karnataka,26,Female,2024-06-11,Bronze
C01713,Lekha,Guha,vcheema@example.org,Kolkata,West Bengal,49,Male,2026-06-29,Gold
C01714,Yoshita,Munshi,sudiksha28@example.org,Mumbai,Maharashtra,45,Female,2024-03-12,Bronze
C01715,Kalpit,Kanda,lekha79@example.net,Hyderabad,Telangana,37,Female,2023-07-13,Bronze
C01716,Samaksh,Ratta,ekapadmall@example.com,Hyderabad,Telangana,27,Other,2025-10-07,Platinum
C01717,Nitesh,Mohanty,dintriya@example.org,Bengaluru,Karnataka,56,Female,2023-03-02,Bronze
C01718,Imaran,Khosla,sharmarachit@example.com,Mumbai,Maharashtra,22,Female,2024-05-09,Bronze
C01719,Ayush,Soni,qpandey@example.org,Pune,Maharashtra,46,Female,2023-05-09,Bronze
C01720,Frado,Pandya,jkala@example.com,Pune,Maharashtra,53,Female,2022-10-05,Gold
C01721,Yadavi,Sankar,chatresh74@example.com,Bengaluru,Karnataka,29,Female,2026-05-25,Gold
C01722,Guneet,Bawa,msami@example.com,Mumbai,Maharashtra,32,Female,2025-05-23,Silver
C01723,Ranbir,Rau,anyawagle@example.net,Bengaluru,Karnataka,51,Female,2024-06-24,Bronze
C01724,Wakeeta,Venkataraman,rchopra@example.org,Ahmedabad,Gujarat,28,Other,2024-05-09,Bronze
C01725,Yuvraj,Choudhry,ishwarbera@example.org,Mumbai,Maharashtra,42,Male,2026-02-28,Gold
C01726,Amaira,Khare,waliharrison@example.com,Pune,Maharashtra,37,Female,2025-05-23,Silver
C01727,Upkaar,Ravel,gramaswamy@example.org,Bengaluru,Karnataka,54,Male,2023-02-28,Silver
C01728,Amrita,Tandon,onveerjani@example.com,Bengaluru,Karnataka,47,Female,2022-09-15,Bronze
C01729,Bhavna,Mani,chandraqasim@example.net,Pune,Maharashtra,43,Female,2026-03-09,Bronze
C01730,Vansha,Mody,onkarmurty@example.net,Mumbai,Maharashtra,49,Female,2023-05-10,Silver
C01731,Ekaraj,Ganesan,gaurangishah@example.org,New Delhi,Delhi,59,Male,2024-12-06,Bronze
C01732,Agastya,Som,bnatt@example.org,New Delhi,Delhi,37,Female,2022-07-22,Gold
C01733,Aishani,Bose,adityapandey@example.com,Chennai,Tamil Nadu,33,Female,2024-03-20,Silver
C01734,Aarav,Suresh,urmichoudhary@example.org,Mumbai,Maharashtra,60,Female,2024-05-22,Silver
C01735,Anay,Mannan,yahviganesh@example.org,Mumbai,Maharashtra,33,Male,2026-04-20,Bronze
C01736,Girindra,Chaudhry,gautami77@example.net,Chennai,Tamil Nadu,36,Female,2023-07-13,Bronze
C01737,Indali,Kurian,xkulkarni@example.com,New Delhi,Delhi,49,Female,2025-04-30,Silver
C01738,Agastya,Pandit,gauri89@example.com,Pune,Maharashtra,22,Male,2024-06-23,Silver
C01739,Isaiah,Madan,divannirja@example.org,Hyderabad,Telangana,46,Female,2024-03-31,Bronze
C01740,Lucky,Parikh,pbalasubramanian@example.net,Pune,Maharashtra,22,Female,2026-05-25,Silver
C01741,Raagini,Parsa,gauravhari@example.com,Bengaluru,Karnataka,43,Male,2024-08-14,Bronze
C01742,Hritik,Mahal,lvyas@example.com,Pune,Maharashtra,26,Female,2025-11-26,Silver
C01743,Ikshita,Narula,rsahni@example.com,Bengaluru,Karnataka,23,Female,2026-03-01,Bronze
C01744,Rayaan,Barman,jason67@example.net,Kolkata,West Bengal,48,Male,2025-10-04,Gold
C01745,Idika,Mani,anandwishi@example.net,Pune,Maharashtra,56,Female,2026-06-12,Bronze
C01746,Manan,Shukla,bimalagaba@example.com,Bengaluru,Karnataka,28,Female,2024-05-09,Silver
C01747,Vidhi,Mani,menonalexander@example.com,New Delhi,Delhi,46,Female,2025-09-07,Bronze
C01748,Banjeet,Kalla,jatin07@example.com,Pune,Maharashtra,52,Female,2022-10-05,Silver
C01749,Abdul,Sani,aadi04@example.org,Chennai,Tamil Nadu,59,Female,2023-08-13,Silver
C01750,Inaya,Mander,gabrielmadan@example.org,Pune,Maharashtra,37,Female,2022-09-04,Silver
C01751,Ronith,Sankaran,mannantheodore@example.org,Pune,Maharashtra,30,Male,2024-06-06,Bronze
C01752,Urvashi,Pant,libnisami@example.com,Pune,Maharashtra,19,Female,2026-01-12,Platinum
C01753,Guneet,Lal,deepa29@example.com,Mumbai,Maharashtra,60,Female,2025-06-20,Platinum
C01754,Ekantika,Dewan,zashildeshmukh@example.com,Pune,Maharashtra,28,Male,2022-10-27,Bronze
C01755,Ryan,Mitra,frederick49@example.net,Bengaluru,Karnataka,38,Female,2024-09-17,Bronze
C01756,Triya,Goswami,gsarkar@example.org,Pune,Maharashtra,43,Male,2023-07-05,Bronze
C01757,Riya,Munshi,upadhriti56@example.com,Pune,Maharashtra,38,Female,2024-07-18,Bronze
C01758,Osha,Roy,jbala@example.org,Mumbai,Maharashtra,31,Female,2024-05-12,Bronze
C01759,Oviya,Chakrabarti,chasmumkibe@example.net,Hyderabad,Telangana,57,Female,2022-11-25,Bronze
C01760,Yauvani,Prakash,chaayabera@example.com,Pune,Maharashtra,56,Female,2024-11-08,Platinum
C01761,Jeremiah,Rau,sherezarna@example.com,New Delhi,Delhi,28,Female,2023-05-10,Bronze
C01762,Chatura,Chad,madanhredhaan@example.com,Mumbai,Maharashtra,42,Female,2023-01-03,Platinum
C01763,Gunbir,Mannan,dnarula@example.org,New Delhi,Delhi,29,Female,2024-09-06,Gold
C01764,Yasti,Bera,zaitradhawan@example.net,Mumbai,Maharashtra,48,Female,2022-10-23,Bronze
C01765,Warhi,Deshpande,mohammedmitra@example.net,Ahmedabad,Gujarat,42,Female,2024-01-11,Silver
C01766,Deepa,Ahuja,hiyer@example.org,Bengaluru,Karnataka,18,Female,2022-08-05,Silver
C01767,Aadi,Dua,venkateshgunbir@example.org,Ahmedabad,Gujarat,33,Male,2024-10-24,Silver
C01768,Samarth,Chawla,gbakshi@example.com,Bengaluru,Karnataka,26,Female,2026-03-18,Bronze
C01769,Mahika,Bhakta,mitalnidhi@example.com,Pune,Maharashtra,59,Female,2025-05-26,Gold
C01770,Qarin,Keer,reva91@example.com,Bengaluru,Karnataka,39,Female,2024-01-22,Bronze
C01771,Madhav,Bains,luckykhosla@example.org,Hyderabad,Telangana,51,Male,2026-04-28,Bronze
C01772,Yasti,Iyer,ssrinivasan@example.com,Hyderabad,Telangana,32,Male,2026-05-31,Bronze
C01773,Harish,Tailor,anvi66@example.net,Pune,Maharashtra,21,Male,2023-07-10,Silver
C01774,Hredhaan,Shetty,jsandal@example.org,Pune,Maharashtra,32,Female,2022-09-10,Bronze
C01775,Bhanumati,Shankar,ramachandranadvay@example.net,Mumbai,Maharashtra,58,Female,2024-01-25,Gold
C01776,Chavvi,Bandi,wbasak@example.org,Pune,Maharashtra,21,Female,2025-06-19,Bronze
C01777,Upadhriti,Shanker,aditya25@example.net,Pune,Maharashtra,29,Female,2026-01-12,Gold
C01778,Yahvi,Kade,madhavi81@example.org,Kolkata,West Bengal,50,Female,2025-03-22,Silver
C01779,Max,Pandey,tripti24@example.net,Mumbai,Maharashtra,33,Female,2025-06-09,Silver
C01780,Chavvi,Ramesh,sulekrisha@example.com,Mumbai,Maharashtra,46,Male,2023-04-25,Bronze
C01781,Pranit,Tripathi,kai59@example.net,Chennai,Tamil Nadu,23,Male,2023-11-06,Bronze
C01782,Ijaya,Raval,bathayushman@example.net,Mumbai,Maharashtra,46,Female,2023-11-27,Silver
C01783,Nathan,Kata,cherianxalak@example.net,Mumbai,Maharashtra,48,Female,2025-09-02,Bronze
C01784,Vamakshi,Naik,warjascheema@example.org,Chennai,Tamil Nadu,56,Female,2024-11-11,Silver
C01785,Leena,Salvi,bhatiazashil@example.org,Pune,Maharashtra,47,Female,2024-05-30,Bronze
C01786,Baljiwan,Bora,mprasad@example.net,Bengaluru,Karnataka,22,Female,2023-11-07,Silver
C01787,Ayushman,Ghosh,hritik76@example.org,Pune,Maharashtra,18,Female,2025-06-25,Silver
C01788,Ryan,Hayre,vritti74@example.org,New Delhi,Delhi,43,Male,2023-10-16,Gold
C01789,Saksham,Edwin,zwadhwa@example.org,Gurugram,Haryana,42,Female,2024-06-14,Silver
C01790,Gabriel,Bajwa,janibahadurjit@example.org,Bengaluru,Karnataka,20,Other,2024-04-02,Bronze
C01791,Abdul,Parsa,vbora@example.org,Kolkata,West Bengal,30,Male,2025-08-20,Platinum
C01792,Watika,Gupta,urvitella@example.com,Hyderabad,Telangana,50,Female,2024-08-04,Silver
C01793,Ishanvi,Devi,sarnaprisha@example.net,Mumbai,Maharashtra,59,Female,2026-03-22,Bronze
C01794,Krisha,Bobal,dattazansi@example.com,Pune,Maharashtra,20,Male,2023-11-13,Bronze
C01795,Harrison,Dalal,dkashyap@example.net,New Delhi,Delhi,60,Female,2026-05-22,Bronze
C01796,Ganga,Bajaj,bimalakrishnamurthy@example.com,Bengaluru,Karnataka,27,Female,2022-09-23,Silver
C01797,Ishita,Bir,bhavnaborde@example.net,Kolkata,West Bengal,18,Female,2025-08-22,Bronze
C01798,Wyatt,Vasa,mohini90@example.net,New Delhi,Delhi,43,Female,2024-05-22,Platinum
C01799,Indrajit,Sinha,ayushman05@example.com,Pune,Maharashtra,45,Female,2025-06-27,Bronze
C01800,Advika,Iyer,daniel23@example.net,New Delhi,Delhi,52,Female,2023-09-27,Bronze
C01801,Forum,Bhatia,wakeetabora@example.net,Mumbai,Maharashtra,23,Female,2024-03-28,Silver
C01802,Balendra,Pal,sahafaris@example.net,Hyderabad,Telangana,35,Male,2025-09-29,Gold
C01803,Varenya,Dayal,benjamin10@example.com,Mumbai,Maharashtra,18,Other,2024-10-26,Gold
C01804,Yashica,Kar,raagini74@example.org,Pune,Maharashtra,44,Female,2026-02-25,Silver
C01805,Ansh,Bhakta,hayreladli@example.net,New Delhi,Delhi,29,Female,2025-08-03,Silver
C01806,Andrew,Subramaniam,ramkrishna@example.net,Pune,Maharashtra,50,Male,2025-07-11,Bronze
C01807,Jeremiah,Sani,hdevi@example.com,Hyderabad,Telangana,30,Female,2025-07-03,Bronze
C01808,Jacob,Pillai,rishi56@example.org,Hyderabad,Telangana,44,Female,2025-02-02,Gold
C01809,Wazir,Kata,anneutkarsh@example.com,Pune,Maharashtra,28,Female,2022-12-23,Bronze
C01810,Chakradev,Aurora,daksheshbose@example.org,Pune,Maharashtra,39,Female,2026-03-09,Bronze
C01811,Jonathan,Sarna,barkhabassi@example.com,Bengaluru,Karnataka,18,Female,2025-12-24,Silver
C01812,Inaya,Konda,kai96@example.com,Pune,Maharashtra,20,Female,2023-04-13,Silver
C01813,Jason,Bose,krishnasamesh@example.com,Pune,Maharashtra,51,Other,2023-03-02,Silver
C01814,Ishanvi,Kannan,xmittal@example.net,Kolkata,West Bengal,39,Female,2023-11-22,Bronze
C01815,Brinda,Konda,eiravati88@example.org,New Delhi,Delhi,38,Male,2024-08-15,Gold
C01816,Chatura,Pal,rsunder@example.org,New Delhi,Delhi,57,Female,2024-06-03,Bronze
C01817,Samar,Devan,dalajakade@example.org,Mumbai,Maharashtra,18,Female,2025-12-25,Silver
C01818,Kashish,Dhar,keerria@example.net,New Delhi,Delhi,19,Female,2025-10-07,Gold
C01819,Sudiksha,Comar,tarabahadurjit@example.com,Mumbai,Maharashtra,33,Female,2022-08-16,Silver
C01820,Arunima,Rajagopalan,frado04@example.net,New Delhi,Delhi,50,Female,2023-11-18,Bronze
C01821,Leena,Tandon,rajaleena@example.com,Gurugram,Haryana,19,Female,2024-09-27,Gold
C01822,Chaitanya,Kapur,ladligour@example.net,Kolkata,West Bengal,46,Female,2024-09-20,Bronze
C01823,Raagini,Walia,modyazad@example.net,New Delhi,Delhi,40,Female,2026-02-02,Gold
C01824,Ijaya,Bal,adweta93@example.org,Kolkata,West Bengal,24,Male,2022-11-08,Bronze
C01825,Harita,Saraf,zbhandari@example.org,Pune,Maharashtra,51,Male,2025-09-28,Silver
C01826,Lipika,Mani,ksamra@example.net,New Delhi,Delhi,26,Female,2026-05-14,Bronze
C01827,Zilmil,Lad,lakshmisibal@example.net,Chennai,Tamil Nadu,47,Female,2023-06-21,Bronze
C01828,Wazir,Deo,mandanusha@example.org,Pune,Maharashtra,52,Female,2022-10-30,Bronze
C01829,Zaid,Merchant,megha09@example.com,Hyderabad,Telangana,23,Female,2022-11-05,Platinum
C01830,Janaki,Luthra,advik14@example.net,Pune,Maharashtra,42,Male,2024-09-18,Bronze
C01831,Ekani,Lalla,sachishere@example.org,Mumbai,Maharashtra,60,Female,2023-11-16,Bronze
C01832,Ria,Andra,wbansal@example.com,Bengaluru,Karnataka,23,Male,2023-10-15,Bronze
C01833,Tejas,Rege,bucharadhana@example.net,Pune,Maharashtra,56,Female,2023-04-26,Bronze
C01834,Dipta,Bhatt,qgole@example.com,Ahmedabad,Gujarat,59,Female,2024-05-28,Silver
C01835,Aashi,Talwar,utkarshghosh@example.org,Chennai,Tamil Nadu,32,Female,2025-03-28,Bronze
C01836,Chandran,Kaul,baradqarin@example.net,Pune,Maharashtra,55,Male,2024-08-21,Silver
C01837,Yashawini,Sarraf,benjamin83@example.org,Pune,Maharashtra,26,Male,2024-06-25,Platinum
C01838,Aashi,Kurian,panditchaitanya@example.net,Bengaluru,Karnataka,37,Female,2026-07-15,Silver
C01839,Wahab,Palla,brahmbhattyashica@example.com,Chennai,Tamil Nadu,38,Male,2024-03-03,Silver
C01840,Isaiah,Vaidya,khalsasamar@example.com,Kolkata,West Bengal,51,Female,2025-11-02,Silver
C01841,Kamya,Sagar,sandhubarkha@example.org,Pune,Maharashtra,52,Male,2026-06-30,Bronze
C01842,Aryan,Narain,gautami65@example.com,Hyderabad,Telangana,32,Female,2024-11-18,Bronze
C01843,Chaitaly,Balasubramanian,jyotibasu@example.com,Bengaluru,Karnataka,60,Male,2025-09-23,Gold
C01844,Mason,Bal,kakardhriti@example.net,Pune,Maharashtra,37,Female,2024-10-01,Silver
C01845,Yashoda,Padmanabhan,kritikabali@example.net,Mumbai,Maharashtra,54,Female,2022-08-02,Gold
C01846,Mason,Raj,brahmbhattudarsh@example.net,Bengaluru,Karnataka,42,Female,2022-08-06,Gold
C01847,Yahvi,Sahota,wablecharan@example.net,Pune,Maharashtra,31,Male,2022-07-12,Gold
C01848,Urmi,Vohra,rnadig@example.org,Pune,Maharashtra,29,Male,2026-04-02,Silver
C01849,Chaaya,Kohli,xavier53@example.com,Mumbai,Maharashtra,28,Other,2022-11-06,Silver
C01850,Divya,D’Alia,sairout@example.com,Mumbai,Maharashtra,48,Other,2022-09-29,Silver
C01851,Fariq,Pandey,pathakveda@example.net,Mumbai,Maharashtra,36,Female,2023-08-02,Gold
C01852,Victor,Sen,kkarpe@example.org,New Delhi,Delhi,43,Female,2023-06-22,Bronze
C01853,Yash,Reddy,abhamangat@example.com,Hyderabad,Telangana,37,Female,2026-03-30,Bronze
C01854,Dipta,Dalal,regeoviya@example.net,Pune,Maharashtra,48,Female,2022-08-23,Bronze
C01855,Manbir,Talwar,pranitsetty@example.org,Pune,Maharashtra,59,Female,2025-06-13,Silver
C01856,Ojas,Dara,wlall@example.net,Bengaluru,Karnataka,27,Female,2022-09-28,Platinum
C01857,Upma,Chaudhuri,bahadurjitsankar@example.org,New Delhi,Delhi,21,Female,2025-08-08,Platinum
C01858,Ojas,Bora,yutikawagle@example.com,Pune,Maharashtra,25,Other,2026-04-02,Silver
C01859,Pahal,Pandya,neelimakhurana@example.net,Bengaluru,Karnataka,58,Male,2025-09-17,Bronze
C01860,Chaaya,Dani,gayathri99@example.net,Pune,Maharashtra,49,Female,2024-04-27,Silver
C01861,Hritik,Bath,pantsaumya@example.com,Pune,Maharashtra,60,Female,2024-06-10,Silver
C01862,Shivani,Sarin,vansha22@example.net,Chennai,Tamil Nadu,42,Female,2022-11-25,Silver
C01863,Yashodhara,Chacko,abhimanyupingle@example.net,Mumbai,Maharashtra,25,Female,2025-11-15,Bronze
C01864,Sudiksha,Raghavan,reva28@example.net,New Delhi,Delhi,32,Female,2023-09-09,Silver
C01865,Ati,Chatterjee,chamelitak@example.com,Bengaluru,Karnataka,24,Male,2025-01-04,Bronze
C01866,Chanakya,Vasa,umangal@example.com,Bengaluru,Karnataka,45,Female,2022-12-06,Bronze
C01867,Eiravati,Gokhale,benjaminkade@example.com,Mumbai,Maharashtra,52,Female,2022-07-18,Gold
C01868,Zilmil,Mall,hardik54@example.org,Pune,Maharashtra,52,Male,2023-06-06,Silver
C01869,Jagat,Mani,vidhi73@example.org,Pune,Maharashtra,52,Female,2023-04-08,Silver
C01870,Bhavya,Lad,kataarya@example.org,Pune,Maharashtra,60,Male,2025-05-20,Bronze
C01871,Gopal,Jhaveri,ayaanbaral@example.net,Bengaluru,Karnataka,18,Female,2025-07-15,Gold
C01872,Robert,Ahuja,xbal@example.org,Pune,Maharashtra,54,Female,2025-10-28,Bronze
C01873,Baghyawati,Sandhu,iverma@example.com,Bengaluru,Karnataka,23,Other,2026-05-08,Silver
C01874,Chakrika,Choudhary,saxenarachana@example.com,Mumbai,Maharashtra,28,Female,2023-06-30,Gold
C01875,Adya,Chadha,aryadada@example.com,Pune,Maharashtra,20,Male,2024-11-10,Silver
C01876,Farhan,Kapadia,narainnaksh@example.net,Hyderabad,Telangana,52,Female,2022-11-07,Silver
C01877,Gautami,Majumdar,rvarghese@example.org,New Delhi,Delhi,40,Female,2023-08-13,Silver
C01878,Divya,Barad,tchaudhry@example.net,New Delhi,Delhi,20,Female,2022-10-30,Bronze
C01879,Eesha,Gupta,anandyatan@example.org,Mumbai,Maharashtra,26,Female,2025-05-04,Bronze
C01880,Krisha,Kannan,alkasinghal@example.org,Mumbai,Maharashtra,57,Female,2025-10-28,Silver
C01881,Vedhika,Grover,imandal@example.org,Mumbai,Maharashtra,28,Female,2022-11-26,Bronze
C01882,Gaurang,Varty,aarushsaraf@example.org,Mumbai,Maharashtra,27,Female,2024-02-28,Bronze
C01883,Vritti,Joshi,balvansahota@example.net,New Delhi,Delhi,59,Female,2022-12-30,Bronze
C01884,Adya,Rai,ikshitasule@example.net,New Delhi,Delhi,56,Female,2023-09-05,Gold
C01885,Pranit,Mital,brindasundaram@example.com,Mumbai,Maharashtra,42,Female,2024-02-11,Silver
C01886,Manya,Parikh,gmerchant@example.org,Pune,Maharashtra,52,Female,2025-11-05,Silver
C01887,Isaiah,Mani,usekhon@example.org,Pune,Maharashtra,23,Female,2022-12-15,Bronze
C01888,Pavani,D’Alia,ucchalnagar@example.net,Mumbai,Maharashtra,35,Female,2025-04-12,Bronze
C01889,Ishaan,Palan,xdave@example.com,Kolkata,West Bengal,24,Male,2024-06-03,Bronze
C01890,Vrinda,Sabharwal,ayushmannan@example.com,Bengaluru,Karnataka,55,Male,2024-10-29,Bronze
C01891,Yashica,Kale,jbhat@example.com,Bengaluru,Karnataka,54,Male,2022-08-14,Silver
C01892,Advika,Nadkarni,zraman@example.com,Bengaluru,Karnataka,28,Female,2026-04-11,Silver
C01893,Pavani,Rastogi,chatura47@example.net,Pune,Maharashtra,52,Female,2022-09-29,Gold
C01894,Theodore,Nori,morarsara@example.com,Mumbai,Maharashtra,26,Female,2023-03-23,Silver
C01895,Timothy,Ganesan,imarannarayan@example.org,New Delhi,Delhi,26,Female,2022-11-10,Silver
C01896,Anmol,Bail,xchana@example.net,Mumbai,Maharashtra,41,Female,2022-12-17,Bronze
C01897,Gauri,Pandit,bawazilmil@example.org,Bengaluru,Karnataka,47,Female,2022-08-01,Platinum
C01898,Janaki,Wason,nakshwason@example.com,Hyderabad,Telangana,36,Female,2023-09-24,Bronze
C01899,Veer,Mannan,kashvinarula@example.com,Kolkata,West Bengal,37,Female,2025-04-06,Bronze
C01900,Tanveer,Kothari,banikanmol@example.net,Mumbai,Maharashtra,23,Female,2024-10-16,Bronze
C01901,Harsh,Thaker,csundaram@example.org,Pune,Maharashtra,28,Female,2026-01-08,Bronze
C01902,Barkha,Mitra,karpeyug@example.org,Mumbai,Maharashtra,18,Male,2023-10-13,Bronze
C01903,Anita,Dasgupta,irattan@example.net,Bengaluru,Karnataka,48,Female,2025-10-12,Silver
C01904,Anamika,Chad,borahyamini@example.net,New Delhi,Delhi,25,Female,2023-07-24,Silver
C01905,Ojasvi,Bahri,doshigirish@example.net,Ahmedabad,Gujarat,45,Female,2026-07-04,Silver
C01906,Mahika,Hari,ekiya68@example.net,Pune,Maharashtra,51,Female,2022-11-02,Bronze
C01907,Arin,Mittal,tara31@example.com,Mumbai,Maharashtra,51,Male,2025-08-07,Bronze
C01908,Urishilla,Puri,pushti13@example.com,Mumbai,Maharashtra,50,Female,2025-10-18,Bronze
C01909,Arya,Subramanian,yashawini36@example.org,Bengaluru,Karnataka,41,Male,2025-08-03,Bronze
C01910,Watika,Ramesh,hritik73@example.net,New Delhi,Delhi,25,Female,2023-07-10,Bronze
C01911,Aryan,Ranganathan,sanyapingle@example.com,Mumbai,Maharashtra,58,Female,2026-07-14,Bronze
C01912,Ikbal,Mukhopadhyay,maanas11@example.net,Mumbai,Maharashtra,50,Male,2022-12-10,Bronze
C01913,Omkaar,Johal,fkrish@example.org,Bengaluru,Karnataka,49,Female,2023-01-30,Bronze
C01914,Neha,Solanki,danieltak@example.com,Bengaluru,Karnataka,40,Female,2024-11-14,Bronze
C01915,Nisha,Mukhopadhyay,matthew05@example.net,New Delhi,Delhi,40,Female,2024-04-16,Bronze
C01916,Niharika,Ahluwalia,shaurya87@example.net,Pune,Maharashtra,50,Male,2023-07-31,Bronze
C01917,Xalak,Munshi,ekantashenoy@example.net,Ahmedabad,Gujarat,27,Male,2026-07-04,Bronze
C01918,Vasudha,Varkey,cheemapavani@example.net,Bengaluru,Karnataka,37,Female,2024-06-12,Gold
C01919,Faras,Prashad,agastyaedwin@example.net,Bengaluru,Karnataka,24,Other,2025-01-13,Silver
C01920,Jairaj,Ganesan,rakshacomar@example.org,Mumbai,Maharashtra,40,Male,2025-10-05,Bronze
C01921,Panini,Tandon,vidhidey@example.net,Chennai,Tamil Nadu,30,Female,2022-07-27,Bronze
C01922,Omya,Rastogi,minhasjacob@example.com,Pune,Maharashtra,39,Male,2024-03-08,Bronze
C01923,Chaitaly,Madan,kamya92@example.org,Pune,Maharashtra,60,Other,2023-11-10,Bronze
C01924,Bina,Virk,kamyavenkataraman@example.net,Bengaluru,Karnataka,26,Female,2023-10-08,Silver
C01925,Zayan,Sodhi,vkade@example.net,Chennai,Tamil Nadu,42,Female,2023-09-25,Platinum
C01926,Krishna,Gala,uanne@example.com,Hyderabad,Telangana,27,Female,2025-11-02,Bronze
C01927,Praneel,Doctor,abhavsar@example.com,New Delhi,Delhi,39,Female,2026-04-03,Silver
C01928,Raghav,Iyengar,yogitara@example.com,Pune,Maharashtra,36,Female,2023-11-08,Bronze
C01929,Girindra,Bhat,edugar@example.com,Mumbai,Maharashtra,27,Male,2023-01-31,Bronze
C01930,Upkaar,Pai,hansanvi@example.com,Mumbai,Maharashtra,34,Other,2025-11-25,Bronze
C01931,Pooja,Mohan,neha48@example.net,Hyderabad,Telangana,48,Female,2025-06-07,Gold
C01932,Samaksh,Brahmbhatt,harshilkalita@example.com,New Delhi,Delhi,57,Female,2023-09-24,Platinum
C01933,Pranav,Lall,dateleela@example.com,Bengaluru,Karnataka,27,Female,2022-12-27,Bronze
C01934,Aradhana,Solanki,omagate@example.org,Pune,Maharashtra,27,Female,2025-06-20,Silver
C01935,Tarak,Chand,lukegala@example.com,Pune,Maharashtra,42,Female,2026-04-05,Bronze
C01936,Aadi,Naik,benlaksh@example.net,New Delhi,Delhi,32,Female,2025-04-01,Bronze
C01937,Ria,Sandal,tnarain@example.net,Bengaluru,Karnataka,21,Female,2022-12-08,Bronze
C01938,Jacob,Khosla,xpurohit@example.com,Mumbai,Maharashtra,44,Female,2024-07-30,Gold
C01939,Urvi,Pant,edhitha81@example.net,Pune,Maharashtra,21,Female,2026-07-17,Bronze
C01940,Tanish,Ganesan,luke68@example.com,Mumbai,Maharashtra,56,Female,2024-12-22,Bronze
C01941,Vrishti,Krishna,saranijaya@example.org,Kolkata,West Bengal,39,Female,2024-07-04,Bronze
C01942,Aryan,Pau,upal@example.com,Pune,Maharashtra,26,Female,2023-06-14,Silver
C01943,Tanay,Halder,lprasad@example.net,Mumbai,Maharashtra,51,Female,2023-03-30,Bronze
C01944,Advaith,Hayre,hpatel@example.org,Mumbai,Maharashtra,42,Female,2023-04-09,Bronze
C01945,Abdul,Mukherjee,girindra54@example.net,Bengaluru,Karnataka,25,Female,2023-03-04,Platinum
C01946,Agastya,Mahajan,maharajvarenya@example.com,Chennai,Tamil Nadu,30,Female,2025-06-23,Gold
C01947,Caleb,Kulkarni,dakshesh90@example.net,Pune,Maharashtra,57,Female,2023-06-25,Silver
C01948,Urishilla,Sha,eghose@example.net,Gurugram,Haryana,52,Male,2025-05-31,Bronze
C01949,Hemang,Barad,ayush92@example.net,Pune,Maharashtra,34,Male,2023-06-17,Silver
C01950,Peter,Deep,sainijagdish@example.org,Chennai,Tamil Nadu,40,Male,2023-05-28,Bronze
C01951,Sachi,Bhatia,gunbir84@example.org,New Delhi,Delhi,22,Female,2024-02-06,Silver
C01952,Anay,Natarajan,omkaar95@example.net,Kolkata,West Bengal,28,Female,2026-06-04,Silver
C01953,Akshay,Rau,ebhat@example.org,Pune,Maharashtra,54,Female,2026-04-16,Platinum
C01954,Yachana,Divan,fiyaz27@example.org,Pune,Maharashtra,49,Female,2024-04-25,Gold
C01955,Anya,Issac,oghose@example.net,Gurugram,Haryana,46,Male,2025-08-14,Bronze
C01956,Aarush,Mukhopadhyay,indali15@example.com,Hyderabad,Telangana,56,Female,2024-04-19,Bronze
C01957,Gabriel,Sheth,dadagautam@example.org,Pune,Maharashtra,55,Female,2025-04-28,Gold
C01958,Gabriel,Grewal,anmol20@example.org,Hyderabad,Telangana,50,Female,2023-12-29,Silver
C01959,Kavya,Sharma,koshydarika@example.net,Mumbai,Maharashtra,36,Female,2025-04-23,Silver
C01960,Rayaan,Deo,chatresh64@example.org,Pune,Maharashtra,52,Female,2026-04-16,Bronze
C01961,Arya,Dey,odika33@example.com,Pune,Maharashtra,26,Female,2024-12-27,Silver
C01962,Ryan,Goel,aashi74@example.org,New Delhi,Delhi,31,Female,2025-02-24,Bronze
C01963,Vrishti,Pant,ikshita87@example.net,Mumbai,Maharashtra,41,Female,2023-02-25,Gold
C01964,Onkar,Bansal,idugal@example.net,Chennai,Tamil Nadu,26,Female,2025-01-24,Silver
C01965,Shivansh,Saraf,bhavya35@example.net,Mumbai,Maharashtra,58,Male,2026-03-23,Gold
C01966,Yahvi,Luthra,vargheseshivansh@example.com,Pune,Maharashtra,29,Female,2024-12-23,Bronze
C01967,Tejas,Sibal,azad18@example.net,New Delhi,Delhi,24,Male,2023-04-11,Silver
C01968,Quincy,Soman,unninaidu@example.com,Kolkata,West Bengal,58,Female,2025-02-06,Silver
C01969,Krishna,Bandi,henry50@example.org,Hyderabad,Telangana,38,Female,2025-04-23,Silver
C01970,Oviya,Soman,gayathri12@example.com,Hyderabad,Telangana,27,Female,2024-04-30,Silver
C01971,Damini,Gaba,wgrewal@example.org,Mumbai,Maharashtra,48,Female,2025-09-18,Bronze
C01972,Reva,Shan,erastogi@example.org,Pune,Maharashtra,30,Female,2025-07-23,Gold
C01973,Zayyan,Prakash,vasudha64@example.org,Pune,Maharashtra,19,Female,2024-12-18,Gold
C01974,Vivaan,Tripathi,samapooja@example.com,Hyderabad,Telangana,56,Female,2022-09-10,Bronze
C01975,Nandini,Balakrishnan,yauvaniganesan@example.com,Mumbai,Maharashtra,59,Other,2023-12-30,Bronze
C01976,Rushil,Dewan,gauribhagat@example.org,Bengaluru,Karnataka,56,Female,2026-06-24,Bronze
C01977,Dayamai,Dhaliwal,tara62@example.com,Pune,Maharashtra,59,Male,2026-06-21,Bronze
C01978,Aadi,Divan,orindermitra@example.com,Hyderabad,Telangana,27,Male,2025-01-16,Silver
C01979,Faris,Goyal,samarsarkar@example.org,Hyderabad,Telangana,24,Female,2026-06-29,Gold
C01980,Yash,Dube,abdul72@example.com,Chennai,Tamil Nadu,30,Female,2026-01-25,Silver
C01981,Harish,Sinha,ekala@example.net,Ahmedabad,Gujarat,37,Female,2025-08-18,Bronze
C01982,Krisha,Sheth,gopalram@example.org,Pune,Maharashtra,35,Female,2022-08-31,Bronze
C01983,Eesha,Deol,snarain@example.net,Hyderabad,Telangana,52,Female,2025-12-20,Silver
C01984,Panini,Ramesh,palanvrinda@example.net,Chennai,Tamil Nadu,18,Male,2025-10-01,Bronze
C01985,Avi,Kapadia,wahabpillay@example.com,Mumbai,Maharashtra,40,Female,2025-09-20,Bronze
C01986,Harini,Thaker,raofaras@example.net,Chennai,Tamil Nadu,25,Female,2024-05-22,Platinum
C01987,Victor,Devi,cguha@example.org,Pune,Maharashtra,40,Female,2024-12-18,Bronze
C01988,Chasmum,Saran,norileena@example.net,Mumbai,Maharashtra,20,Female,2026-01-26,Bronze
C01989,Pranit,Sandal,bhavanimukhopadhyay@example.com,Bengaluru,Karnataka,29,Female,2023-03-08,Bronze
C01990,Vasana,Banerjee,oviya22@example.com,New Delhi,Delhi,57,Male,2024-11-08,Bronze
C01991,Zansi,Cherian,wbutala@example.net,Pune,Maharashtra,60,Female,2023-09-30,Bronze
C01992,Harrison,Ravel,dyaleiravati@example.org,Ahmedabad,Gujarat,18,Male,2026-02-12,Platinum
C01993,Yashica,Rajagopalan,fapte@example.net,Hyderabad,Telangana,38,Female,2025-09-21,Bronze
C01994,Neelima,Sami,mitterpavani@example.com,Hyderabad,Telangana,22,Female,2023-11-12,Bronze
C01995,Jack,Seshadri,urvashi58@example.com,New Delhi,Delhi,23,Female,2025-09-25,Bronze
C01996,Isaac,Gola,wwali@example.com,Hyderabad,Telangana,38,Female,2024-07-26,Bronze
C01997,Fariq,Doctor,nazarethaarna@example.org,Gurugram,Haryana,58,Female,2023-03-04,Gold
C01998,Yutika,Sha,dbava@example.com,New Delhi,Delhi,42,Female,2025-03-02,Bronze
C01999,Balveer,Dara,xsharma@example.org,Bengaluru,Karnataka,52,Male,2023-07-24,Bronze
C02000,Kala,Krishnan,rnazareth@example.com,Bengaluru,Karnataka,51,Female,2024-03-07,Silver
C02001,Arjun,Loke,chaayaparikh@example.com,New Delhi,Delhi,23,Female,2022-08-09,Bronze
C02002,Anay,Sekhon,chameli09@example.org,Noida,Uttar Pradesh,41,Female,2026-06-13,Platinum
C02003,Ishanvi,Bansal,lkothari@example.org,Ahmedabad,Gujarat,40,Female,2026-03-18,Gold
C02004,Girindra,Date,wakeetasankar@example.com,Hyderabad,Telangana,36,Female,2025-10-06,Gold
C02005,Hemani,Shanker,tarabaria@example.org,Bengaluru,Karnataka,33,Female,2024-03-08,Bronze
C02006,Eta,Pradhan,dinharrison@example.com,New Delhi,Delhi,27,Female,2025-11-20,Bronze
C02007,Yauvani,Brar,chasmum66@example.org,Kolkata,West Bengal,21,Female,2024-06-17,Silver
C02008,Qarin,Kurian,santjackson@example.org,Pune,Maharashtra,28,Female,2023-03-20,Bronze
C02009,Advika,Mitter,chandranprasad@example.net,Pune,Maharashtra,18,Female,2026-02-11,Gold
C02010,Urvashi,Kale,vmaharaj@example.net,Pune,Maharashtra,48,Male,2025-07-10,Silver
C02011,Quincy,Malhotra,rastogipratyush@example.net,New Delhi,Delhi,48,Female,2024-11-12,Bronze
C02012,Bhavani,Mahajan,raysarthak@example.org,Hyderabad,Telangana,18,Female,2022-08-25,Bronze
C02013,Oeshi,Dayal,amara79@example.net,Chennai,Tamil Nadu,56,Male,2026-05-14,Silver
C02014,Eesha,Chatterjee,umangbadami@example.net,Pune,Maharashtra,47,Female,2024-03-03,Gold
C02015,Ekta,Kant,manitriveni@example.net,Ahmedabad,Gujarat,37,Female,2023-09-25,Bronze
C02016,Osha,Narasimhan,jsoni@example.org,Pune,Maharashtra,51,Female,2026-01-11,Platinum
C02017,Hemal,Oak,hiral72@example.com,New Delhi,Delhi,57,Female,2024-04-19,Bronze
C02018,Wishi,Kade,madhavikumer@example.com,Hyderabad,Telangana,56,Male,2023-05-30,Gold
C02019,Bachittar,Brar,fpai@example.org,Bengaluru,Karnataka,59,Female,2024-10-15,Gold
C02020,Kala,Modi,divya77@example.org,Pune,Maharashtra,59,Female,2024-06-18,Bronze
C02021,Nachiket,Ganesan,raagini60@example.com,Pune,Maharashtra,56,Male,2024-07-06,Bronze
C02022,Vritti,Keer,iyogi@example.com,Pune,Maharashtra,52,Female,2025-08-19,Bronze
C02023,Jatin,Chatterjee,nkamdar@example.org,Pune,Maharashtra,30,Female,2024-10-23,Silver
C02024,Bimala,Gokhale,nandinirege@example.com,Pune,Maharashtra,23,Other,2025-01-13,Silver
C02025,Teerth,Sahota,ekaja51@example.net,Bengaluru,Karnataka,20,Female,2023-11-01,Bronze
C02026,Eesha,Thakkar,zkar@example.com,Mumbai,Maharashtra,36,Male,2024-07-18,Silver
C02027,Ucchal,Mangat,ldugar@example.com,Mumbai,Maharashtra,40,Other,2024-05-09,Silver
C02028,Bhavya,Aggarwal,ucchal21@example.com,Pune,Maharashtra,50,Female,2024-04-05,Gold
C02029,Omya,Sahota,ogulati@example.org,Pune,Maharashtra,42,Female,2023-04-03,Gold
C02030,Udarsh,Devi,regearin@example.com,Pune,Maharashtra,27,Female,2025-08-22,Bronze
C02031,Zaid,Ganesan,xchand@example.org,Bengaluru,Karnataka,31,Male,2025-03-31,Silver
C02032,Lopa,Vaidya,neelshankar@example.com,Hyderabad,Telangana,50,Female,2025-08-23,Silver
C02033,Wriddhish,Gill,uiyengar@example.org,New Delhi,Delhi,46,Male,2024-08-18,Bronze
C02034,Chaaya,Bhattacharyya,jhaveritriya@example.com,Mumbai,Maharashtra,20,Male,2024-02-17,Silver
C02035,Yash,Sawhney,petershenoy@example.net,Mumbai,Maharashtra,57,Female,2025-05-17,Platinum
C02036,Indrajit,Narula,yashshere@example.net,Bengaluru,Karnataka,24,Male,2023-10-04,Bronze
C02037,Ekaraj,Amble,rayzinal@example.com,Chennai,Tamil Nadu,23,Female,2023-06-24,Bronze
C02038,Lekha,Bobal,tlad@example.net,Pune,Maharashtra,28,Female,2024-11-20,Silver
C02039,Jai,Walla,sarnavasana@example.net,Mumbai,Maharashtra,29,Female,2026-02-23,Bronze
C02040,Darpan,Master,xbaral@example.com,Gurugram,Haryana,46,Female,2025-02-09,Bronze
C02041,Yasti,Sarraf,gdash@example.org,Pune,Maharashtra,49,Female,2023-05-11,Gold
C02042,Adweta,Choudhury,jeevikasachar@example.net,Mumbai,Maharashtra,26,Female,2023-01-26,Silver
C02043,Harinakshi,Dhar,vasudhakade@example.com,Bengaluru,Karnataka,41,Female,2024-10-14,Bronze
C02044,Gunbir,Narayan,shankervyanjana@example.org,Bengaluru,Karnataka,20,Female,2022-09-20,Silver
C02045,Abha,Oommen,sai57@example.net,New Delhi,Delhi,53,Female,2025-03-04,Gold
C02046,Aarna,Maharaj,deymanbir@example.net,Mumbai,Maharashtra,54,Female,2025-08-28,Bronze
C02047,Bhavya,Bal,kamalapatil@example.net,Mumbai,Maharashtra,60,Female,2023-12-15,Bronze
C02048,Bishakha,Mohanty,dalajasoman@example.net,New Delhi,Delhi,24,Female,2023-12-09,Silver
C02049,Ria,Menon,kabirdin@example.net,Ahmedabad,Gujarat,45,Female,2024-04-27,Bronze
C02050,Brinda,Rajagopalan,vedant03@example.net,Mumbai,Maharashtra,49,Female,2023-02-27,Silver
C02051,Chavvi,Divan,ladjanuja@example.net,Pune,Maharashtra,20,Female,2023-12-31,Gold
C02052,Yashoda,Varughese,nsood@example.org,Pune,Maharashtra,38,Female,2025-05-07,Platinum
C02053,Hemangini,Dugal,kavya67@example.net,Hyderabad,Telangana,41,Male,2026-03-13,Platinum
C02054,Omkaar,Vohra,egill@example.com,Pune,Maharashtra,19,Male,2025-05-11,Silver
C02055,Akshay,Bhattacharyya,umang43@example.org,Mumbai,Maharashtra,29,Female,2022-12-25,Bronze
C02056,Mason,Mall,hegdeishanvi@example.com,Mumbai,Maharashtra,46,Male,2024-11-15,Silver
C02057,Tripti,Arora,samakshpatla@example.net,New Delhi,Delhi,29,Male,2025-02-02,Bronze
C02058,Bachittar,Rastogi,narayanyashica@example.org,Ahmedabad,Gujarat,37,Female,2024-08-17,Bronze
C02059,Anika,Warrior,bhallasanya@example.net,Mumbai,Maharashtra,52,Female,2023-11-18,Bronze
C02060,Yug,Konda,qadim33@example.net,New Delhi,Delhi,54,Female,2024-07-22,Bronze
C02061,Tanmayi,Goel,lataarunima@example.org,Hyderabad,Telangana,30,Female,2023-03-14,Silver
C02062,Ranveer,Bhatt,chavvibhat@example.org,Bengaluru,Karnataka,60,Other,2024-09-23,Gold
C02063,Vedant,Kohli,gshetty@example.net,New Delhi,Delhi,18,Female,2024-10-08,Bronze
C02064,Charan,Nagar,hegdevanya@example.org,Pune,Maharashtra,25,Male,2024-10-08,Silver
C02065,Riya,Chacko,ghora@example.net,Mumbai,Maharashtra,46,Male,2026-07-11,Gold
C02066,Tanveer,Sur,aditya96@example.org,New Delhi,Delhi,55,Female,2022-12-18,Bronze
C02067,Saanvi,Hayer,qacharya@example.com,Gurugram,Haryana,52,Male,2024-03-10,Silver
C02068,Anika,Tailor,falgunitripathi@example.com,Pune,Maharashtra,30,Other,2025-05-15,Silver
C02069,Yoshita,Mander,aishani83@example.com,Pune,Maharashtra,19,Female,2024-07-03,Bronze
C02070,Anvi,Thakur,ria12@example.com,Hyderabad,Telangana,49,Female,2025-11-05,Bronze
C02071,Abeer,Nagar,ktandon@example.org,Mumbai,Maharashtra,52,Female,2024-07-27,Platinum
C02072,Dominic,Sankaran,girindra75@example.net,Mumbai,Maharashtra,47,Female,2025-07-23,Bronze
C02073,Qadim,Hari,katatanay@example.com,Bengaluru,Karnataka,45,Female,2023-07-03,Gold
C02074,Yachana,Mody,urmi14@example.net,New Delhi,Delhi,58,Female,2024-02-04,Silver
C02075,Shivansh,Dubey,naksh36@example.org,Ahmedabad,Gujarat,23,Male,2025-12-27,Bronze
C02076,Nakul,Dugar,zaitra79@example.com,New Delhi,Delhi,44,Female,2023-02-02,Silver
C02077,Amruta,Karnik,urmi45@example.org,Bengaluru,Karnataka,24,Female,2023-06-29,Silver
C02078,Damini,Nath,divya74@example.com,Hyderabad,Telangana,36,Male,2022-10-20,Bronze
C02079,Maya,Sahni,ravalchristopher@example.com,Hyderabad,Telangana,42,Female,2023-06-15,Gold
C02080,Irya,Dey,bmahal@example.net,Kolkata,West Bengal,47,Female,2024-07-30,Gold
C02081,Samaksh,Joshi,chaitaly50@example.com,New Delhi,Delhi,18,Male,2024-04-29,Silver
C02082,Prisha,Raja,ryan39@example.net,Bengaluru,Karnataka,60,Female,2025-01-16,Gold
C02083,Ria,Mahal,bordexavier@example.org,Hyderabad,Telangana,33,Female,2024-03-21,Gold
C02084,Eshana,Srinivasan,xbatra@example.net,Pune,Maharashtra,27,Male,2026-05-26,Gold
C02085,Madhavi,Sur,atiprashad@example.org,Bengaluru,Karnataka,38,Female,2023-03-08,Platinum
C02086,Harrison,Bhalla,anya85@example.com,Noida,Uttar Pradesh,53,Other,2025-03-10,Bronze
C02087,Bhavani,Choudhry,vdesai@example.org,New Delhi,Delhi,54,Female,2026-04-04,Gold
C02088,Ekta,Sachdev,matthewmistry@example.net,Mumbai,Maharashtra,43,Male,2025-07-28,Silver
C02089,Ryan,Chakrabarti,ukorpal@example.net,Mumbai,Maharashtra,26,Female,2025-12-27,Silver
C02090,Abha,Wali,anthony21@example.net,Hyderabad,Telangana,34,Male,2023-01-11,Bronze
C02091,Dipta,Patel,lkala@example.com,Mumbai,Maharashtra,23,Female,2026-01-09,Bronze
C02092,Upadhriti,Kari,vpathak@example.org,Hyderabad,Telangana,19,Female,2025-09-08,Silver
C02093,Aashi,Kumer,deyjagdish@example.net,Gurugram,Haryana,42,Female,2023-05-04,Silver
C02094,Nirja,Sane,zsur@example.org,Gurugram,Haryana,58,Male,2022-12-27,Bronze
C02095,Darpan,Vala,amol96@example.org,New Delhi,Delhi,37,Female,2025-04-20,Gold
C02096,Yamini,Narain,kmandal@example.com,New Delhi,Delhi,34,Female,2024-06-04,Bronze
C02097,Ekalinga,Borra,chowdhurynathan@example.net,Kolkata,West Bengal,19,Female,2023-01-11,Silver
C02098,Gagan,Sidhu,elijahsankar@example.com,Pune,Maharashtra,56,Female,2023-12-21,Bronze
C02099,Udyati,Seth,gangabora@example.org,Mumbai,Maharashtra,23,Female,2025-07-14,Gold
C02100,Harinakshi,Setty,zbail@example.net,Ahmedabad,Gujarat,43,Female,2025-05-19,Silver
C02101,Chaaya,Ahuja,abahl@example.org,Mumbai,Maharashtra,58,Female,2023-10-26,Silver
C02102,Ekantika,Sane,aashikapoor@example.net,Mumbai,Maharashtra,58,Male,2024-10-14,Gold
C02103,Eta,Walia,xiyer@example.net,Pune,Maharashtra,29,Female,2026-06-28,Silver
C02104,Isha,Dua,manbirjhaveri@example.com,Chennai,Tamil Nadu,39,Other,2025-11-20,Bronze
C02105,Pratyush,Chaudhuri,wallabalveer@example.org,Bengaluru,Karnataka,18,Female,2023-06-25,Silver
C02106,Ijaya,Biswas,divya33@example.org,Ahmedabad,Gujarat,56,Female,2025-06-19,Bronze
C02107,Chavvi,Gade,omadan@example.org,Bengaluru,Karnataka,31,Male,2025-09-09,Bronze
C02108,Isha,Bala,riadasgupta@example.com,Pune,Maharashtra,26,Female,2024-09-16,Silver
C02109,Atharv,Sawhney,lajitabawa@example.com,Kolkata,West Bengal,35,Female,2025-01-16,Platinum
C02110,Reva,Rastogi,sameshrai@example.net,Mumbai,Maharashtra,59,Female,2023-06-15,Silver
C02111,Jeet,Chander,yashawinivarty@example.org,Bengaluru,Karnataka,43,Male,2023-09-03,Bronze
C02112,Nicholas,Kadakia,sureshishita@example.net,Pune,Maharashtra,35,Male,2022-07-10,Bronze
C02113,Edhitha,Sagar,shivanshchana@example.net,Hyderabad,Telangana,37,Female,2023-04-02,Bronze
C02114,Jagvi,Sridhar,yashoda17@example.org,New Delhi,Delhi,46,Female,2024-02-12,Silver
C02115,Abhimanyu,Rai,gratta@example.com,Hyderabad,Telangana,24,Female,2023-01-20,Bronze
C02116,Jalsa,Mukherjee,sarafcharita@example.org,Bengaluru,Karnataka,58,Male,2024-06-13,Bronze
C02117,Frado,Ramakrishnan,rbabu@example.net,Chennai,Tamil Nadu,34,Female,2023-09-05,Bronze
C02118,Ekiya,Bath,yuvrajgoel@example.net,Hyderabad,Telangana,51,Female,2022-12-05,Bronze
C02119,Aditya,Dave,logansinghal@example.org,Pune,Maharashtra,45,Male,2024-09-26,Bronze
C02120,Darsh,Kadakia,kamya96@example.org,Pune,Maharashtra,41,Female,2022-11-11,Silver
C02121,Oni,Gera,zilmildoshi@example.net,Pune,Maharashtra,18,Female,2024-10-04,Bronze
C02122,Pratyush,Patla,gabaayushman@example.com,Bengaluru,Karnataka,32,Female,2024-09-28,Bronze
C02123,Samar,Mohan,qprakash@example.net,Bengaluru,Karnataka,31,Female,2023-08-04,Bronze
C02124,Ekani,Balakrishnan,narulaayush@example.com,Bengaluru,Karnataka,22,Female,2022-10-13,Silver
C02125,Bakhshi,Dhawan,ibatra@example.com,New Delhi,Delhi,38,Male,2024-02-08,Bronze
C02126,Omkaar,Dugar,auroraikshita@example.org,Pune,Maharashtra,49,Female,2023-10-11,Bronze
C02127,George,Saini,chowdhuryvamakshi@example.com,Pune,Maharashtra,28,Female,2024-01-03,Silver
C02128,Ojasvi,Yadav,mdesai@example.net,Pune,Maharashtra,36,Female,2026-06-05,Silver
C02129,Aadi,Mukhopadhyay,qsingh@example.org,Bengaluru,Karnataka,47,Female,2026-07-09,Gold
C02130,Ekantika,Zacharia,gopal77@example.net,Mumbai,Maharashtra,51,Female,2023-07-22,Silver
C02131,Rohan,Dass,yutikadayal@example.org,Pune,Maharashtra,44,Male,2026-01-05,Bronze
C02132,Umang,Butala,ravalbarkha@example.net,Hyderabad,Telangana,23,Female,2024-04-20,Bronze
C02133,Henry,Krish,zashilgoyal@example.net,Bengaluru,Karnataka,37,Female,2024-05-04,Bronze
C02134,Charvi,Narasimhan,hvenkatesh@example.net,Chennai,Tamil Nadu,41,Male,2025-11-12,Bronze
C02135,Amara,Deep,pahal52@example.net,Pune,Maharashtra,26,Female,2026-06-27,Bronze
C02136,Bakhshi,Rajan,horaqabil@example.org,New Delhi,Delhi,32,Female,2024-02-07,Bronze
C02137,Luke,Bandi,neelranganathan@example.com,Ahmedabad,Gujarat,52,Other,2024-06-23,Gold
C02138,Advay,Srivastava,mpadmanabhan@example.net,Chennai,Tamil Nadu,20,Female,2025-02-02,Gold
C02139,Nidra,Seth,sudikshalall@example.net,Pune,Maharashtra,57,Male,2024-09-12,Bronze
C02140,Ria,Dalal,yoshita55@example.org,New Delhi,Delhi,55,Female,2025-10-09,Bronze
C02141,Aadhya,Om,qshan@example.org,Chennai,Tamil Nadu,44,Female,2023-04-09,Silver
C02142,Hema,Venkataraman,dev56@example.net,Bengaluru,Karnataka,54,Female,2025-03-13,Bronze
C02143,Atharv,Date,karantanvi@example.org,Mumbai,Maharashtra,32,Female,2023-11-03,Silver
C02144,Jai,Merchant,idikamohanty@example.com,New Delhi,Delhi,53,Male,2024-07-26,Bronze
C02145,Rajata,Butala,mitalivaidya@example.org,New Delhi,Delhi,22,Female,2025-05-23,Bronze
C02146,Lucky,Kapadia,issacirya@example.net,Pune,Maharashtra,31,Female,2022-10-14,Bronze
C02147,Max,Wali,waliajanani@example.net,Bengaluru,Karnataka,31,Male,2024-08-20,Silver
C02148,Victor,Wali,kavyadutt@example.org,Bengaluru,Karnataka,37,Female,2024-10-15,Silver
C02149,Noah,Kara,paninijain@example.com,Chennai,Tamil Nadu,26,Female,2025-12-14,Bronze
C02150,Chandran,Rattan,madhavi86@example.com,Gurugram,Haryana,50,Female,2023-01-25,Bronze
C02151,Upadhriti,Nagy,charitaacharya@example.org,Pune,Maharashtra,28,Female,2024-03-04,Platinum
C02152,Zayan,Muni,ekalingabhargava@example.com,Bengaluru,Karnataka,27,Female,2025-12-21,Bronze
C02153,Logan,Dhawan,wdyal@example.org,Pune,Maharashtra,47,Female,2026-06-15,Bronze
C02154,Mahika,Dutta,lraman@example.org,New Delhi,Delhi,40,Female,2024-01-03,Gold
C02155,Yuvraj,Palla,karaanya@example.org,Pune,Maharashtra,31,Female,2024-02-16,Silver
C02156,Neelima,Dasgupta,sameshsawhney@example.org,Bengaluru,Karnataka,46,Female,2026-04-01,Bronze
C02157,Anya,Narang,dalaldeepa@example.net,New Delhi,Delhi,30,Female,2024-03-05,Bronze
C02158,Harshil,Sinha,rakshamisra@example.org,Bengaluru,Karnataka,56,Female,2023-07-30,Bronze
C02159,Suhani,Dube,omanita@example.org,New Delhi,Delhi,33,Male,2022-12-03,Bronze
C02160,Lakshmi,Kumer,shuklapooja@example.net,Pune,Maharashtra,54,Female,2026-05-06,Bronze
C02161,Om,Sur,umang81@example.org,Pune,Maharashtra,57,Female,2025-04-11,Bronze
C02162,Janani,Khurana,asankaran@example.org,Mumbai,Maharashtra,35,Female,2025-04-24,Bronze
C02163,Henry,Mammen,zayan85@example.com,Pune,Maharashtra,36,Female,2022-12-22,Bronze
C02164,Zayan,Parikh,aryaharrison@example.net,Pune,Maharashtra,50,Male,2025-07-04,Silver
C02165,Vedika,Kibe,lkant@example.com,New Delhi,Delhi,33,Female,2022-09-09,Silver
C02166,Amaira,Chawla,mprashad@example.net,Pune,Maharashtra,47,Female,2024-09-06,Bronze
C02167,Lavanya,Basak,chaudharigirish@example.org,Bengaluru,Karnataka,19,Female,2024-09-02,Bronze
C02168,William,Patel,tramesh@example.net,Pune,Maharashtra,18,Female,2022-09-26,Platinum
C02169,Balveer,Palan,ksharma@example.net,Bengaluru,Karnataka,33,Female,2023-10-22,Bronze
C02170,Baljiwan,Rastogi,nbal@example.net,Pune,Maharashtra,36,Male,2022-09-25,Silver
C02171,Pratyush,Bajwa,hardik46@example.org,Pune,Maharashtra,24,Female,2025-09-21,Gold
C02172,Tanmayi,Kulkarni,hemangini53@example.com,Mumbai,Maharashtra,40,Other,2023-10-18,Bronze
C02173,Sanaya,Batta,tara42@example.org,Bengaluru,Karnataka,47,Female,2024-07-02,Bronze
C02174,Ekanta,Rattan,orinder71@example.com,New Delhi,Delhi,60,Male,2023-08-23,Gold
C02175,Indira,Yohannan,edhithamohan@example.org,Bengaluru,Karnataka,35,Female,2025-11-30,Silver
C02176,Gautam,Ravi,widisha26@example.org,Pune,Maharashtra,32,Female,2024-03-30,Bronze
C02177,Alka,Sunder,geetika75@example.org,Bengaluru,Karnataka,54,Male,2025-03-05,Platinum
C02178,Om,Naidu,choudhuryranveer@example.net,Mumbai,Maharashtra,30,Male,2026-01-17,Bronze
C02179,Dayita,Toor,pranav69@example.net,Pune,Maharashtra,58,Female,2025-01-04,Gold
C02180,Faqid,Issac,chananidhi@example.com,Mumbai,Maharashtra,29,Female,2023-08-04,Silver
C02181,Madhav,Oak,mekhala26@example.org,Chennai,Tamil Nadu,55,Female,2024-05-09,Platinum
C02182,Chaaya,Butala,umang70@example.org,Mumbai,Maharashtra,55,Female,2026-04-25,Bronze
C02183,Mohammed,Mahal,talwarudarsh@example.net,Bengaluru,Karnataka,47,Female,2024-02-12,Silver
C02184,Theodore,Korpal,riakalita@example.org,Mumbai,Maharashtra,18,Female,2025-12-05,Silver
C02185,Advik,Minhas,anshsubramanian@example.com,Bengaluru,Karnataka,51,Male,2025-09-14,Silver
C02186,Oeshi,Handa,hgrewal@example.net,New Delhi,Delhi,49,Female,2024-11-04,Silver
C02187,Mugdha,Ram,januja46@example.com,Pune,Maharashtra,31,Female,2026-04-26,Silver
C02188,Janya,Keer,ishanvi12@example.com,Pune,Maharashtra,18,Female,2024-10-30,Silver
C02189,Yatin,Yohannan,gopaltripathi@example.net,Pune,Maharashtra,26,Female,2025-02-19,Bronze
C02190,Vamakshi,Wason,henry93@example.net,Chennai,Tamil Nadu,53,Female,2022-10-25,Bronze
C02191,Ijaya,Kapur,kluthra@example.org,Mumbai,Maharashtra,45,Female,2025-06-11,Bronze
C02192,Triveni,Sarma,esarin@example.org,Pune,Maharashtra,40,Female,2023-11-22,Silver
C02193,Anthony,Sen,palanvansha@example.net,Mumbai,Maharashtra,24,Male,2024-04-22,Gold
C02194,Manbir,Bhatt,dhruv49@example.com,Bengaluru,Karnataka,54,Female,2025-07-29,Gold
C02195,Ayaan,Swaminathan,zdeol@example.org,Hyderabad,Telangana,30,Female,2025-10-06,Bronze
C02196,Siya,Mukherjee,ganga39@example.net,Pune,Maharashtra,23,Female,2024-11-01,Gold
C02197,Niharika,Dhawan,abeer90@example.net,Bengaluru,Karnataka,42,Male,2025-07-08,Gold
C02198,Ishita,Dar,bhattodika@example.net,Pune,Maharashtra,46,Female,2023-08-05,Silver
C02199,Neel,Hayer,praneelgolla@example.org,New Delhi,Delhi,47,Female,2024-07-16,Bronze
C02200,Warda,Dar,gaurav16@example.net,Kolkata,West Bengal,19,Male,2023-12-17,Bronze
C02201,Lila,Reddy,isom@example.com,Hyderabad,Telangana,26,Female,2026-01-18,Bronze
C02202,Qadim,Char,isha26@example.com,Pune,Maharashtra,41,Female,2023-09-04,Silver
C02203,Xalak,Chana,abharatti@example.org,Bengaluru,Karnataka,21,Male,2024-11-25,Bronze
C02204,Utkarsh,Panchal,norisiya@example.org,Mumbai,Maharashtra,47,Male,2026-07-06,Gold
C02205,Aarini,Bahri,bhargavakashvi@example.org,Bengaluru,Karnataka,23,Female,2026-03-29,Gold
C02206,Om,Agarwal,agrawaleta@example.com,New Delhi,Delhi,56,Female,2024-09-04,Bronze
C02207,Damini,Bala,ekaraj23@example.net,Bengaluru,Karnataka,21,Female,2024-09-08,Silver
C02208,Wishi,Gopal,hemanichatterjee@example.net,Bengaluru,Karnataka,21,Female,2022-07-11,Silver
C02209,Mohammed,Prasad,ridhigoel@example.net,Bengaluru,Karnataka,26,Female,2023-10-08,Silver
C02210,Manthan,Saxena,baradjai@example.com,Chennai,Tamil Nadu,58,Female,2024-11-09,Platinum
C02211,Bishakha,Chokshi,pranit98@example.org,Pune,Maharashtra,57,Female,2023-10-29,Bronze
C02212,Harish,Tank,mohammednazareth@example.com,Pune,Maharashtra,25,Female,2023-02-28,Bronze
C02213,Lopa,Sem,bhattihamsini@example.org,Pune,Maharashtra,50,Female,2026-05-29,Bronze
C02214,Jasmit,Dhaliwal,vrittiguha@example.com,Pune,Maharashtra,48,Other,2024-04-11,Gold
C02215,Benjamin,Parmar,srinivasanhardik@example.net,Chennai,Tamil Nadu,34,Male,2023-06-25,Silver
C02216,Gavin,Nagi,siyer@example.com,Chennai,Tamil Nadu,25,Female,2023-02-01,Silver
C02217,Krishna,Sem,brindasandhu@example.com,Pune,Maharashtra,33,Female,2022-11-10,Silver
C02218,Radhika,Purohit,swaminathanarjun@example.com,Bengaluru,Karnataka,48,Female,2023-11-16,Silver
C02219,Hemang,Nagy,tramachandran@example.com,Kolkata,West Bengal,41,Female,2023-10-13,Bronze
C02220,Bhavna,Bhakta,guhagaurav@example.com,New Delhi,Delhi,47,Female,2025-12-11,Bronze
C02221,Oscar,Murthy,warriorayaan@example.org,Pune,Maharashtra,25,Female,2023-12-25,Bronze
C02222,Chavvi,Rajan,indirayogi@example.org,Mumbai,Maharashtra,59,Male,2022-12-05,Silver
C02223,Radha,Trivedi,yashodaprabhakar@example.net,Pune,Maharashtra,26,Female,2024-07-22,Silver
C02224,Chaitanya,Kala,shankarquincy@example.org,Mumbai,Maharashtra,40,Female,2025-08-28,Gold
C02225,Ekaja,Bora,warhijhaveri@example.net,Pune,Maharashtra,51,Female,2022-08-02,Bronze
C02226,Alexander,Bath,sjha@example.org,New Delhi,Delhi,59,Female,2024-07-28,Bronze
C02227,Bina,Agrawal,gangagoel@example.com,New Delhi,Delhi,35,Male,2025-10-05,Silver
C02228,Vedant,Prabhu,jbasu@example.org,Ahmedabad,Gujarat,59,Female,2026-03-01,Platinum
C02229,Yatin,Kuruvilla,nmukherjee@example.net,Bengaluru,Karnataka,54,Female,2025-07-14,Silver
C02230,Anjali,Rout,sagarodika@example.com,New Delhi,Delhi,26,Female,2025-02-03,Silver
C02231,Arunima,Gupta,mkulkarni@example.org,Bengaluru,Karnataka,57,Male,2023-04-08,Bronze
C02232,Megha,Barman,qdave@example.net,Pune,Maharashtra,32,Female,2025-08-27,Bronze
C02233,Udant,Bobal,dalianathan@example.com,Kolkata,West Bengal,38,Male,2023-11-16,Platinum
C02234,Ekalinga,Goswami,oliver46@example.com,Hyderabad,Telangana,24,Male,2025-03-21,Bronze
C02235,Bhavini,Mane,ikbal16@example.org,Ahmedabad,Gujarat,22,Female,2024-03-10,Bronze
C02236,Gabriel,Tank,joshuavasa@example.org,Pune,Maharashtra,46,Male,2026-02-19,Silver
C02237,Upasna,Srinivas,choudhuryveer@example.org,Chennai,Tamil Nadu,38,Female,2025-07-27,Bronze
C02238,Lipika,Gour,birwyatt@example.com,Pune,Maharashtra,54,Female,2022-12-21,Bronze
C02239,Kamala,Sarma,riyabarman@example.net,Bengaluru,Karnataka,36,Female,2022-09-27,Silver
C02240,Yahvi,Gulati,eeshabassi@example.net,Mumbai,Maharashtra,30,Female,2023-08-01,Bronze
C02241,Akshay,Dua,zashil25@example.com,Kolkata,West Bengal,31,Female,2026-01-02,Bronze
C02242,Sai,Bhalla,jrai@example.com,Pune,Maharashtra,54,Female,2024-04-04,Bronze
C02243,Yashasvi,Bhatt,qarinhayer@example.com,Pune,Maharashtra,51,Female,2022-12-11,Gold
C02244,Reva,Bakshi,pboase@example.net,Bengaluru,Karnataka,50,Female,2023-11-21,Silver
C02245,Bhavna,Dyal,eeshabhandari@example.org,Bengaluru,Karnataka,22,Female,2025-10-09,Silver
C02246,Dhruv,Rout,garaekanta@example.com,Chennai,Tamil Nadu,23,Female,2023-05-10,Silver
C02247,Balvan,Dhar,kaurabeer@example.com,Pune,Maharashtra,32,Female,2023-10-01,Silver
C02248,Aarush,Bhardwaj,odar@example.net,Pune,Maharashtra,34,Female,2024-12-02,Bronze
C02249,Balendra,Borah,sonilibni@example.com,Chennai,Tamil Nadu,36,Female,2025-08-29,Silver
C02250,Lila,Sengupta,vrittikrishna@example.com,Chennai,Tamil Nadu,50,Female,2023-02-13,Silver
C02251,Suhani,Srinivas,suhaniyadav@example.com,Bengaluru,Karnataka,55,Female,2025-12-03,Gold
C02252,Udarsh,Dhawan,owen64@example.org,Mumbai,Maharashtra,20,Female,2026-05-18,Bronze
C02253,Jhalak,Bail,jmital@example.org,Mumbai,Maharashtra,26,Female,2026-03-19,Gold
C02254,Tripti,Roy,neelimadass@example.net,Mumbai,Maharashtra,21,Female,2022-10-29,Bronze
C02255,Ira,Joshi,asama@example.com,Kolkata,West Bengal,20,Female,2023-02-15,Bronze
C02256,Sneha,Sawhney,xsheth@example.com,Mumbai,Maharashtra,23,Male,2023-02-10,Bronze
C02257,Eshana,Rastogi,sameshkorpal@example.org,Pune,Maharashtra,24,Female,2026-04-24,Silver
C02258,Rayaan,Hayer,ubika86@example.com,New Delhi,Delhi,48,Female,2024-02-16,Gold
C02259,Damyanti,Kala,edhaliwal@example.org,Gurugram,Haryana,21,Female,2026-06-05,Silver
C02260,Sneha,Mital,mbehl@example.org,Pune,Maharashtra,42,Female,2023-02-19,Silver
C02261,Geetika,Dugar,bvarughese@example.org,Bengaluru,Karnataka,42,Male,2026-04-03,Silver
C02262,Saanvi,Bajwa,libnigera@example.com,Mumbai,Maharashtra,53,Female,2024-02-25,Bronze
C02263,Nachiket,Ratti,matthewsabharwal@example.com,Ahmedabad,Gujarat,40,Female,2024-06-25,Bronze
C02264,Upadhriti,Korpal,vidhimutti@example.net,Pune,Maharashtra,23,Female,2025-03-30,Bronze
C02265,Balendra,Chatterjee,chadaansh@example.org,New Delhi,Delhi,54,Female,2023-07-16,Gold
C02266,Chatresh,Narula,munshiishanvi@example.org,Chennai,Tamil Nadu,21,Female,2025-02-22,Bronze
C02267,Matthew,Kala,dominic59@example.com,Pune,Maharashtra,38,Female,2026-04-20,Silver
C02268,Sanya,Soman,parth44@example.org,Pune,Maharashtra,26,Female,2024-11-27,Bronze
C02269,Nathaniel,Doshi,ojasvidani@example.net,Pune,Maharashtra,22,Female,2026-02-11,Silver
C02270,Nimrat,Dutt,smand@example.org,Bengaluru,Karnataka,32,Female,2024-07-17,Bronze
C02271,Ishaan,Din,wchatterjee@example.org,Mumbai,Maharashtra,36,Male,2023-06-15,Bronze
C02272,Krishna,Raj,eraghavan@example.org,Ahmedabad,Gujarat,52,Female,2024-10-03,Bronze
C02273,Anmol,Patil,cgopal@example.org,Ahmedabad,Gujarat,57,Female,2022-08-04,Bronze
C02274,Vyanjana,Padmanabhan,frederick51@example.org,Ahmedabad,Gujarat,32,Female,2023-08-17,Silver
C02275,Krishna,Mital,hdoctor@example.net,Pune,Maharashtra,20,Other,2025-10-01,Silver
C02276,Ronith,Nagi,fiyaz59@example.com,New Delhi,Delhi,25,Female,2024-01-01,Gold
C02277,Amol,Sahni,janyakrishnan@example.org,Mumbai,Maharashtra,42,Female,2023-04-01,Platinum
C02278,Yochana,Mammen,surieiravati@example.org,Pune,Maharashtra,42,Female,2023-02-16,Gold
C02279,Charles,Khare,adya76@example.com,Mumbai,Maharashtra,32,Female,2026-04-19,Bronze
C02280,Banjeet,Mahajan,vbuch@example.net,Mumbai,Maharashtra,60,Female,2026-04-02,Silver
C02281,Azad,De,bahlchasmum@example.com,Mumbai,Maharashtra,56,Male,2026-05-26,Bronze
C02282,Ryan,Singhal,crama@example.net,Hyderabad,Telangana,55,Female,2025-01-27,Bronze
C02283,Anamika,Prashad,jeevika86@example.com,New Delhi,Delhi,45,Male,2023-01-23,Silver
C02284,Hema,Deo,advika83@example.com,Ahmedabad,Gujarat,24,Female,2026-03-24,Platinum
C02285,Baghyawati,Loke,senguptafrado@example.net,Kolkata,West Bengal,52,Female,2024-12-07,Silver
C02286,Eiravati,Upadhyay,bajajkabir@example.org,Bengaluru,Karnataka,34,Female,2023-08-21,Bronze
C02287,Xavier,Borde,kashvibhattacharyya@example.org,New Delhi,Delhi,26,Male,2025-03-18,Bronze
C02288,Warjas,Chahal,andraagastya@example.net,New Delhi,Delhi,23,Other,2025-01-03,Silver
C02289,Harita,Bobal,triveninarayanan@example.net,Mumbai,Maharashtra,43,Female,2023-05-06,Bronze
C02290,Hitesh,Dara,dewanryan@example.net,Mumbai,Maharashtra,59,Male,2025-02-20,Silver
C02291,Finn,Grewal,chandaarush@example.com,Pune,Maharashtra,60,Female,2023-05-11,Bronze
C02292,Viraj,Kade,buchlila@example.com,Pune,Maharashtra,19,Female,2023-12-14,Bronze
C02293,Reyansh,Soni,warhigrewal@example.com,Kolkata,West Bengal,58,Male,2023-11-08,Bronze
C02294,Bhavna,Bhat,ggoyal@example.org,Pune,Maharashtra,35,Male,2026-02-06,Silver
C02295,Fariq,Goda,adyadhawan@example.net,Kolkata,West Bengal,29,Female,2024-01-28,Silver
C02296,Ranbir,Dasgupta,guharachit@example.com,Mumbai,Maharashtra,26,Female,2023-10-09,Bronze
C02297,Vedant,Gaba,mminhas@example.com,Chennai,Tamil Nadu,21,Female,2022-11-13,Silver
C02298,Yashawini,Mangal,poojakrishna@example.com,Pune,Maharashtra,46,Female,2023-09-15,Bronze
C02299,Wridesh,Wali,krishnamurthybaghyawati@example.org,New Delhi,Delhi,34,Other,2026-03-16,Bronze
C02300,Dhruv,Bhatia,takhemangini@example.net,Chennai,Tamil Nadu,52,Female,2024-07-25,Silver
C02301,Darpan,Sani,sehgaladvik@example.net,Mumbai,Maharashtra,50,Female,2026-02-10,Silver
C02302,Gaurang,Nagar,dominic94@example.net,Pune,Maharashtra,54,Female,2024-09-19,Gold
C02303,Eiravati,Seshadri,varsha57@example.com,Mumbai,Maharashtra,45,Male,2022-12-12,Bronze
C02304,Vrinda,Munshi,vedantgarde@example.org,Mumbai,Maharashtra,39,Other,2024-07-11,Gold
C02305,Ira,Rout,ushenoy@example.com,Mumbai,Maharashtra,57,Female,2024-11-23,Bronze
C02306,Ubika,Shetty,jdua@example.net,Mumbai,Maharashtra,55,Female,2025-09-14,Silver
C02307,Lekha,Saini,dewanedhitha@example.com,Hyderabad,Telangana,50,Male,2023-09-06,Silver
C02308,Manthan,Ratta,akshay62@example.org,Kolkata,West Bengal,55,Female,2024-06-03,Silver
C02309,Qarin,Kalla,babumahika@example.com,Mumbai,Maharashtra,23,Male,2022-11-27,Platinum
C02310,Mason,Madan,rudra07@example.com,Noida,Uttar Pradesh,50,Other,2023-05-18,Silver
C02311,Nathan,Mitter,vedant37@example.net,New Delhi,Delhi,25,Male,2023-07-11,Silver
C02312,Xalak,Sant,fdutta@example.net,Pune,Maharashtra,60,Female,2023-11-24,Bronze
C02313,Darpan,Pandit,bhavsarekiya@example.net,Mumbai,Maharashtra,36,Male,2023-04-27,Bronze
C02314,Vansha,Mann,wahabvenkataraman@example.com,Hyderabad,Telangana,32,Female,2024-07-07,Silver
C02315,Tarak,Saha,tarya@example.net,Pune,Maharashtra,46,Male,2025-03-12,Gold
C02316,Nathan,Nigam,pushti91@example.net,Mumbai,Maharashtra,53,Female,2024-07-28,Gold
C02317,Kai,Wagle,harita52@example.com,New Delhi,Delhi,32,Female,2023-02-25,Bronze
C02318,Urvashi,Bhatnagar,sekhonkala@example.com,Bengaluru,Karnataka,52,Female,2025-11-04,Gold
C02319,Yatin,Kadakia,vivaan57@example.com,New Delhi,Delhi,26,Female,2022-10-24,Silver
C02320,Harini,Narula,joshuanagy@example.net,Mumbai,Maharashtra,23,Female,2025-11-19,Silver
C02321,Veer,Khalsa,vrindasinghal@example.org,Pune,Maharashtra,58,Male,2023-10-10,Bronze
C02322,Dhriti,Vaidya,rajagopalanmanbir@example.net,Pune,Maharashtra,18,Female,2024-01-01,Bronze
C02323,Ekanta,Bumb,mshere@example.net,Hyderabad,Telangana,48,Male,2022-07-23,Bronze
C02324,Amaira,Bhavsar,xramachandran@example.org,Pune,Maharashtra,19,Female,2024-02-16,Platinum
C02325,Anya,Dhar,daniel73@example.org,Pune,Maharashtra,42,Male,2023-07-30,Bronze
C02326,Aarush,Narang,vasudha82@example.com,Mumbai,Maharashtra,33,Female,2023-06-04,Bronze
C02327,Ekaja,Sundaram,ryan39@example.net,Ahmedabad,Gujarat,55,Female,2024-08-28,Bronze
C02328,Jai,Merchant,hayeryamini@example.com,New Delhi,Delhi,40,Male,2026-02-17,Gold
C02329,Yuvraj,Puri,tapte@example.com,New Delhi,Delhi,36,Male,2024-02-07,Silver
C02330,Samarth,Dhawan,aryan06@example.org,New Delhi,Delhi,50,Female,2023-03-29,Gold
C02331,Jyoti,Shroff,sanyaraja@example.net,Bengaluru,Karnataka,59,Female,2024-06-21,Bronze
C02332,Naksh,Sawhney,hritik47@example.com,Pune,Maharashtra,35,Male,2023-04-01,Bronze
C02333,Rudra,Setty,nicholas92@example.com,Mumbai,Maharashtra,21,Female,2024-08-19,Gold
C02334,Anay,Dasgupta,narainvansha@example.com,Bengaluru,Karnataka,36,Female,2024-02-26,Bronze
C02335,Lucky,Murty,obal@example.com,Pune,Maharashtra,20,Male,2025-09-28,Silver
C02336,Ekiya,Randhawa,etabanerjee@example.net,Gurugram,Haryana,45,Female,2025-05-13,Silver
C02337,Barkha,Naik,vaidyadaksh@example.net,Bengaluru,Karnataka,40,Female,2025-12-27,Bronze
C02338,Kevin,Taneja,birlogan@example.org,Mumbai,Maharashtra,32,Male,2024-02-01,Bronze
C02339,Harsh,Virk,wahabchanda@example.com,Ahmedabad,Gujarat,24,Male,2023-02-23,Silver
C02340,Ishanvi,Nigam,sacharhemal@example.org,Pune,Maharashtra,53,Male,2025-05-21,Silver
C02341,Waida,Rattan,vohraomaja@example.net,Pune,Maharashtra,52,Female,2026-04-28,Bronze
C02342,Meghana,Dubey,johalsaumya@example.org,Bengaluru,Karnataka,41,Female,2026-05-27,Gold
C02343,Jack,Lal,wriddhishbhalla@example.net,Bengaluru,Karnataka,51,Female,2024-01-19,Bronze
C02344,Arjun,Ben,varenyabasak@example.org,Ahmedabad,Gujarat,25,Female,2022-07-13,Bronze
C02345,Theodore,Kaul,lakshtella@example.com,Mumbai,Maharashtra,35,Male,2025-10-11,Bronze
C02346,Ekantika,Ram,gbahl@example.com,Mumbai,Maharashtra,32,Male,2026-02-07,Bronze
C02347,Waida,Bajwa,cbir@example.org,Bengaluru,Karnataka,47,Female,2024-12-30,Silver
C02348,Balendra,Joshi,vyanjanaamble@example.com,Hyderabad,Telangana,38,Male,2022-08-01,Bronze
C02349,Faris,Pillai,mekhalakala@example.org,Pune,Maharashtra,51,Female,2022-08-04,Gold
C02350,Abhimanyu,Manda,kavya86@example.org,New Delhi,Delhi,20,Male,2023-01-13,Silver
C02351,Saksham,Kunda,rohan54@example.com,Pune,Maharashtra,42,Male,2023-04-05,Bronze
C02352,Jagdish,Mangal,cbalakrishnan@example.net,Pune,Maharashtra,27,Female,2023-11-29,Bronze
C02353,Yauvani,Ravi,qasimchowdhury@example.org,Bengaluru,Karnataka,30,Female,2025-10-22,Bronze
C02354,Lila,Chhabra,ryanmisra@example.net,Bengaluru,Karnataka,18,Female,2025-05-06,Bronze
C02355,Tanish,Mitter,ubika03@example.net,Bengaluru,Karnataka,29,Female,2022-07-25,Silver
C02356,Zayyan,Kalla,mukherjeeadvik@example.org,Bengaluru,Karnataka,55,Female,2023-01-03,Bronze
C02357,Pratyush,Nath,xalakrama@example.net,Bengaluru,Karnataka,37,Male,2025-07-15,Gold
C02358,Falak,Shankar,fgandhi@example.com,New Delhi,Delhi,58,Female,2023-10-19,Bronze
C02359,Bhavika,Kothari,chhabraaadi@example.org,Bengaluru,Karnataka,32,Female,2026-01-02,Gold
C02360,Chandresh,Apte,aadi47@example.com,Hyderabad,Telangana,44,Male,2024-12-07,Bronze
C02361,Nathaniel,Chatterjee,pillaitanveer@example.net,New Delhi,Delhi,29,Female,2025-11-23,Bronze
C02362,Rayaan,Sampath,faqid46@example.net,Pune,Maharashtra,43,Female,2022-08-21,Silver
C02363,Anthony,Mishra,darchasmum@example.org,Bengaluru,Karnataka,56,Female,2023-10-21,Bronze
C02364,Adya,Shan,jaibalasubramanian@example.com,Mumbai,Maharashtra,31,Male,2023-09-13,Silver
C02365,Owen,Atwal,chadhawahab@example.com,Pune,Maharashtra,34,Female,2024-09-25,Bronze
C02366,Anjali,Madan,srinivasandev@example.net,Hyderabad,Telangana,43,Female,2024-02-29,Bronze
C02367,Michael,Kale,raokrishna@example.org,Bengaluru,Karnataka,39,Female,2025-04-26,Bronze
C02368,Baljiwan,Tank,ashroff@example.org,Mumbai,Maharashtra,54,Male,2025-04-21,Silver
C02369,Agastya,Basu,mandbaghyawati@example.net,Hyderabad,Telangana,57,Female,2025-12-05,Bronze
C02370,Varenya,Jain,arjun43@example.org,Bengaluru,Karnataka,42,Female,2026-06-05,Silver
C02371,Sara,Agarwal,saranvrinda@example.org,Ahmedabad,Gujarat,22,Female,2023-06-12,Silver
C02372,Champak,Mangat,gaurang95@example.com,Mumbai,Maharashtra,28,Male,2025-06-07,Bronze
C02373,Urmi,Gade,kamya88@example.org,New Delhi,Delhi,28,Male,2024-12-01,Bronze
C02374,Ekani,Palan,lghosh@example.com,Pune,Maharashtra,18,Female,2025-02-24,Bronze
C02375,Kashish,Sibal,brinda27@example.net,Kolkata,West Bengal,50,Female,2025-12-21,Bronze
C02376,Nikita,Parsa,mchadha@example.com,Pune,Maharashtra,19,Female,2024-11-08,Silver
C02377,Laksh,Natarajan,unnati78@example.net,Pune,Maharashtra,25,Male,2025-01-07,Bronze
C02378,Nitesh,Basak,yashawini29@example.com,Mumbai,Maharashtra,23,Female,2025-01-12,Silver
C02379,Nathaniel,Dewan,meghanabumb@example.com,New Delhi,Delhi,19,Female,2024-03-20,Gold
C02380,Isaac,Thaker,venkateshhemang@example.net,Bengaluru,Karnataka,24,Male,2025-09-11,Silver
C02381,Aayush,Kumar,utkarshnatt@example.com,Pune,Maharashtra,37,Male,2023-02-24,Bronze
C02382,Jackson,Nanda,megha86@example.org,New Delhi,Delhi,35,Female,2024-11-07,Bronze
C02383,Indali,Reddy,karasudiksha@example.org,Kolkata,West Bengal,48,Female,2023-04-25,Bronze
C02384,Raghav,Acharya,tandonmaanas@example.org,Pune,Maharashtra,53,Female,2024-04-07,Bronze
C02385,Damini,Khurana,nmitter@example.net,New Delhi,Delhi,33,Female,2023-09-15,Platinum
C02386,Gopal,Halder,babuazaan@example.com,New Delhi,Delhi,52,Female,2024-06-15,Bronze
C02387,Jai,Johal,ekbalbhavsar@example.com,Bengaluru,Karnataka,43,Male,2026-05-29,Bronze
C02388,Sneha,Dani,qparmar@example.com,Bengaluru,Karnataka,59,Female,2025-12-07,Bronze
C02389,Advaith,Mital,lipika53@example.com,Bengaluru,Karnataka,24,Female,2026-01-28,Bronze
C02390,Priya,Sridhar,swamyazad@example.com,Kolkata,West Bengal,33,Female,2023-03-21,Bronze
C02391,Ekaja,Panchal,kumerurvashi@example.com,Chennai,Tamil Nadu,54,Male,2023-08-12,Bronze
C02392,Guneet,Sami,vritti06@example.org,Bengaluru,Karnataka,37,Male,2024-03-27,Gold
C02393,Vinaya,Chadha,ikrishnan@example.org,Pune,Maharashtra,54,Female,2022-09-06,Gold
C02394,Fitan,Korpal,shaladli@example.net,Mumbai,Maharashtra,53,Male,2025-05-16,Silver
C02395,Geetika,Khurana,ubanerjee@example.com,Mumbai,Maharashtra,33,Female,2022-11-21,Silver
C02396,Siya,Kalita,achandran@example.net,Bengaluru,Karnataka,24,Female,2026-02-02,Bronze
C02397,Kabir,Bala,gbiswas@example.org,Pune,Maharashtra,28,Female,2026-06-21,Bronze
C02398,Ubika,Maharaj,pwason@example.net,Pune,Maharashtra,20,Male,2025-11-28,Bronze
C02399,Chanakya,Kulkarni,varughesevritti@example.org,Bengaluru,Karnataka,49,Female,2023-08-09,Gold
C02400,Siya,Memon,balveermannan@example.net,Mumbai,Maharashtra,36,Female,2026-06-30,Platinum
C02401,Garima,Sandhu,dubeyfaraj@example.org,New Delhi,Delhi,35,Female,2022-10-02,Silver
C02402,Vasatika,Sunder,abdulram@example.net,Mumbai,Maharashtra,28,Female,2022-11-25,Silver
C02403,Patrick,Puri,mittalqadim@example.org,Pune,Maharashtra,41,Female,2023-02-07,Bronze
C02404,Harini,Tak,saidalia@example.org,Bengaluru,Karnataka,26,Female,2024-09-10,Silver
C02405,Nitesh,Dewan,arjunsarma@example.com,Bengaluru,Karnataka,44,Female,2024-10-06,Bronze
C02406,Jeevika,Sani,vohrajyoti@example.net,Noida,Uttar Pradesh,37,Female,2026-07-07,Bronze
C02407,Hitesh,Sahota,rbandi@example.com,Pune,Maharashtra,39,Female,2023-12-22,Silver
C02408,Pahal,Bhavsar,chahaladya@example.net,Bengaluru,Karnataka,40,Female,2026-03-04,Gold
C02409,Ishita,Soman,ptripathi@example.org,Mumbai,Maharashtra,30,Female,2026-06-20,Gold
C02410,Jai,Bajwa,gabrielgrover@example.net,Chennai,Tamil Nadu,37,Female,2023-04-09,Silver
C02411,Ronith,Sehgal,adya71@example.net,Kolkata,West Bengal,52,Female,2023-05-26,Bronze
C02412,Qasim,Sachdev,baralvincent@example.org,Bengaluru,Karnataka,31,Female,2025-12-20,Bronze
C02413,Manan,Mital,mahikaapte@example.com,Pune,Maharashtra,55,Female,2023-08-14,Bronze
C02414,Darpan,Uppal,chowdhuryamaira@example.net,Bengaluru,Karnataka,56,Female,2023-03-24,Gold
C02415,Aditya,Mitter,ekajakohli@example.com,Chennai,Tamil Nadu,48,Female,2022-10-18,Bronze
C02416,Tanay,Gulati,esridhar@example.org,Pune,Maharashtra,23,Male,2025-05-01,Silver
C02417,Hardik,Gera,jbobal@example.net,Pune,Maharashtra,18,Female,2023-11-18,Gold
C02418,Joshua,Uppal,ekanshsridhar@example.net,Pune,Maharashtra,46,Female,2023-09-05,Bronze
C02419,Elijah,Gala,odikapathak@example.org,Mumbai,Maharashtra,33,Female,2025-11-20,Bronze
C02420,Adweta,Ray,sankaranbrijesh@example.com,Mumbai,Maharashtra,40,Female,2023-11-20,Silver
C02421,Megha,Bala,kashviraman@example.com,Bengaluru,Karnataka,31,Male,2023-02-25,Gold
C02422,Umang,Datta,aupadhyay@example.net,Chennai,Tamil Nadu,27,Male,2022-07-23,Silver
C02423,Nakul,Khurana,widisha16@example.net,Bengaluru,Karnataka,25,Female,2025-02-20,Bronze
C02424,Azaan,Sahni,chadmadhav@example.net,Mumbai,Maharashtra,41,Male,2026-05-28,Silver
C02425,Balveer,Pingle,maya47@example.net,Mumbai,Maharashtra,31,Female,2024-03-02,Gold
C02426,Harita,Mitter,darika78@example.com,Ahmedabad,Gujarat,42,Female,2025-06-22,Gold
C02427,Libni,Devan,fnazareth@example.net,Noida,Uttar Pradesh,46,Female,2025-06-12,Bronze
C02428,Vrishti,Oommen,krishnamurthyamrita@example.com,Bengaluru,Karnataka,24,Male,2024-09-14,Gold
C02429,Bhavya,Varghese,dhritinaik@example.org,Bengaluru,Karnataka,56,Female,2026-06-22,Silver
C02430,Rayaan,Pall,rehaan58@example.net,New Delhi,Delhi,20,Other,2024-04-24,Silver
C02431,Nisha,Mallick,panini39@example.org,Mumbai,Maharashtra,54,Male,2026-03-23,Gold
C02432,Chakrika,Gupta,ekani37@example.net,Ahmedabad,Gujarat,58,Female,2023-02-20,Bronze
C02433,Zinal,Ghose,manneyatin@example.org,New Delhi,Delhi,52,Male,2022-11-30,Bronze
C02434,Geetika,Goswami,pprasad@example.com,Pune,Maharashtra,27,Female,2022-07-19,Bronze
C02435,Veda,Madan,vyogi@example.org,Chennai,Tamil Nadu,44,Male,2026-01-30,Bronze
C02436,Aachal,Bora,jeet68@example.com,Mumbai,Maharashtra,21,Female,2022-07-24,Gold
C02437,Aarush,Bhavsar,aachaltalwar@example.com,Mumbai,Maharashtra,59,Female,2025-06-16,Bronze
C02438,Aradhana,Vaidya,rissac@example.org,Chennai,Tamil Nadu,28,Male,2024-10-08,Silver
C02439,Prisha,Suri,sonirajeshri@example.com,Kolkata,West Bengal,18,Male,2023-08-26,Bronze
C02440,Dhriti,Dar,pratyushdas@example.com,Chennai,Tamil Nadu,21,Female,2022-10-16,Gold
C02441,Chatura,Barman,mallhritik@example.net,Bengaluru,Karnataka,23,Female,2025-01-18,Bronze
C02442,Amrita,Datta,sampathsamarth@example.org,Bengaluru,Karnataka,50,Female,2022-09-07,Silver
C02443,Darpan,Anne,nazaretharadhana@example.com,Chennai,Tamil Nadu,37,Female,2026-07-12,Bronze
C02444,Qushi,Khosla,thomasloke@example.net,Mumbai,Maharashtra,23,Female,2023-05-12,Bronze
C02445,Irya,Khalsa,arinnadig@example.org,Pune,Maharashtra,29,Male,2026-01-14,Bronze
C02446,Onveer,Rajagopal,anaydyal@example.org,Bengaluru,Karnataka,28,Male,2026-06-07,Bronze
C02447,Anamika,Sunder,chandranyatin@example.com,Mumbai,Maharashtra,33,Female,2026-02-02,Silver
C02448,Timothy,Khurana,lgandhi@example.org,Kolkata,West Bengal,26,Female,2025-06-22,Bronze
C02449,Ati,Chhabra,kharedarika@example.com,Mumbai,Maharashtra,26,Female,2024-12-24,Bronze
C02450,Libni,Sehgal,vincentchaudhry@example.org,Chennai,Tamil Nadu,30,Female,2025-01-06,Bronze
C02451,Nilima,Sawhney,vdoctor@example.com,New Delhi,Delhi,23,Female,2025-01-23,Silver
C02452,Lajita,Bajaj,samesh76@example.net,Mumbai,Maharashtra,51,Female,2022-12-12,Silver
C02453,Hema,Nagy,tatayashica@example.net,Chennai,Tamil Nadu,55,Female,2026-05-04,Silver
C02454,Lipika,Sathe,kashishdhawan@example.net,Pune,Maharashtra,45,Female,2022-08-10,Gold
C02455,Faras,Purohit,netrajohal@example.org,Hyderabad,Telangana,39,Female,2025-05-20,Silver
C02456,Dipta,Pandit,pmahal@example.net,Hyderabad,Telangana,23,Female,2025-01-14,Bronze
C02457,Bina,Kashyap,bsingh@example.net,Pune,Maharashtra,20,Male,2025-01-30,Silver
C02458,Yagnesh,Bhattacharyya,ybains@example.net,New Delhi,Delhi,26,Female,2023-11-18,Bronze
C02459,Hemani,Parsa,fbahri@example.com,Bengaluru,Karnataka,55,Male,2022-11-08,Bronze
C02460,Sanaya,Samra,sarkaraadhya@example.com,Pune,Maharashtra,18,Female,2024-07-14,Bronze
C02461,Veer,Luthra,abha72@example.org,Mumbai,Maharashtra,29,Male,2025-12-25,Bronze
C02462,Theodore,Varughese,balhaarraj@example.com,Bengaluru,Karnataka,19,Female,2025-07-02,Silver
C02463,Chanakya,Karnik,duttgeorge@example.net,Bengaluru,Karnataka,45,Male,2022-08-26,Bronze
C02464,Chandresh,Krishna,vohraaadhya@example.com,Pune,Maharashtra,56,Female,2024-06-14,Silver
C02465,Manthan,Memon,rajatamallick@example.org,Mumbai,Maharashtra,50,Female,2025-03-26,Bronze
C02466,Veer,Rout,ojas81@example.org,Mumbai,Maharashtra,43,Female,2023-04-23,Bronze
C02467,George,Ben,bhavyasinghal@example.com,Pune,Maharashtra,56,Male,2024-11-10,Gold
C02468,Oliver,Keer,hayrefaraj@example.org,Pune,Maharashtra,26,Female,2023-05-12,Bronze
C02469,Harrison,Luthra,jeetshere@example.net,Kolkata,West Bengal,37,Male,2026-01-14,Bronze
C02470,Jyoti,Gola,rachitkorpal@example.org,Mumbai,Maharashtra,28,Female,2024-04-29,Silver
C02471,Eshana,Garg,yochana08@example.net,Pune,Maharashtra,37,Female,2025-07-31,Bronze
C02472,Dakshesh,Ramesh,oliverbava@example.com,Chennai,Tamil Nadu,23,Male,2024-02-05,Bronze
C02473,Nachiket,Deo,jhalakmallick@example.com,Bengaluru,Karnataka,18,Female,2024-06-12,Bronze
C02474,Yatan,Sha,imarankothari@example.org,Bengaluru,Karnataka,43,Female,2022-09-11,Gold
C02475,Brijesh,Bhavsar,adeshpande@example.com,New Delhi,Delhi,33,Male,2023-12-12,Bronze
C02476,Triveni,Wadhwa,jrana@example.net,Pune,Maharashtra,43,Male,2025-10-18,Gold
C02477,Netra,Vohra,wvenkatesh@example.net,Hyderabad,Telangana,56,Female,2024-03-01,Bronze
C02478,Nidhi,Krishnamurthy,gganesan@example.com,Bengaluru,Karnataka,19,Female,2023-04-04,Silver
C02479,Jonathan,Bansal,ethanpillai@example.com,Hyderabad,Telangana,41,Female,2024-06-23,Gold
C02480,Jack,Sachar,tprashad@example.com,Bengaluru,Karnataka,22,Female,2024-04-24,Bronze
C02481,Arjun,Murty,wissac@example.org,Pune,Maharashtra,37,Female,2025-05-12,Bronze
C02482,Tanveer,Saran,shivanidey@example.net,New Delhi,Delhi,27,Female,2024-02-28,Bronze
C02483,Chasmum,Randhawa,luckybabu@example.org,Hyderabad,Telangana,34,Male,2026-05-08,Bronze
C02484,Reva,Krishnan,drastogi@example.net,Pune,Maharashtra,51,Male,2022-09-20,Bronze
C02485,Udyati,Prabhu,ubikade@example.com,Pune,Maharashtra,24,Female,2022-09-12,Bronze
C02486,Charan,Korpal,harrisonmerchant@example.com,Hyderabad,Telangana,38,Female,2025-08-23,Silver
C02487,Chatresh,Palla,praju@example.com,New Delhi,Delhi,49,Female,2026-06-25,Silver
C02488,Faras,Menon,yauvani87@example.org,Mumbai,Maharashtra,37,Female,2026-03-29,Silver
C02489,Varenya,Bir,garima34@example.net,Pune,Maharashtra,50,Female,2024-01-08,Bronze
C02490,Noah,Apte,dhingraanamika@example.org,Mumbai,Maharashtra,41,Female,2023-07-19,Bronze
C02491,Aryan,Upadhyay,kamyabajwa@example.com,Mumbai,Maharashtra,23,Female,2024-05-24,Bronze
C02492,Netra,Natt,npalan@example.com,Kolkata,West Bengal,34,Female,2023-03-28,Gold
C02493,Bhavani,Pillai,varughesejatin@example.com,New Delhi,Delhi,45,Female,2023-12-30,Bronze
C02494,Vinaya,Sant,toorekalinga@example.org,Pune,Maharashtra,47,Female,2023-10-20,Gold
C02495,Krishna,Narayanan,jloke@example.org,New Delhi,Delhi,45,Female,2025-02-17,Bronze
C02496,Ronith,Chander,zmajumdar@example.org,Hyderabad,Telangana,35,Female,2023-07-03,Bronze
C02497,Benjamin,Basu,advik23@example.com,Pune,Maharashtra,37,Female,2024-09-22,Silver
C02498,Rishi,Sahni,prishakumer@example.org,Mumbai,Maharashtra,52,Male,2026-05-05,Bronze
C02499,Aadi,Bhatti,baljiwanlanka@example.net,Pune,Maharashtra,26,Male,2026-01-06,Silver
C02500,Vasudha,Bhatti,upadhritigandhi@example.net,Mumbai,Maharashtra,40,Other,2025-01-02,Silver
C02501,Wakeeta,Comar,sharafhema@example.net,Pune,Maharashtra,54,Female,2023-08-11,Bronze
C02502,Kashish,Singh,ganga58@example.org,Mumbai,Maharashtra,56,Other,2025-09-21,Silver
C02503,Zinal,Mallick,upkaarbains@example.com,Chennai,Tamil Nadu,50,Other,2024-05-27,Bronze
C02504,Vasudha,Magar,yashodhara47@example.net,Ahmedabad,Gujarat,45,Female,2024-11-07,Bronze
C02505,Nidhi,Behl,aarini12@example.net,New Delhi,Delhi,23,Male,2022-11-19,Bronze
C02506,Udant,Kanda,ucchaldua@example.org,Pune,Maharashtra,54,Female,2025-06-21,Bronze
C02507,Yashasvi,Patil,aratta@example.net,Bengaluru,Karnataka,21,Female,2025-03-06,Bronze
C02508,Garima,Mistry,kibenicholas@example.net,Hyderabad,Telangana,35,Male,2024-02-05,Silver
C02509,Vasana,Bhatti,dakshesh66@example.com,Mumbai,Maharashtra,20,Female,2022-10-12,Gold
C02510,Mitesh,Sachdeva,vbalasubramanian@example.com,New Delhi,Delhi,18,Female,2025-01-06,Bronze
C02511,Jagat,Morar,vidhiswamy@example.com,Mumbai,Maharashtra,35,Female,2025-10-26,Silver
C02512,Tanish,Ravi,skeer@example.org,Gurugram,Haryana,24,Female,2024-10-05,Bronze
C02513,Nitesh,Nayar,etapuri@example.org,Mumbai,Maharashtra,57,Female,2026-03-10,Silver
C02514,Harrison,Butala,anandmason@example.net,Hyderabad,Telangana,44,Female,2023-04-01,Bronze
C02515,Priya,Tailor,doshicharan@example.org,Mumbai,Maharashtra,18,Female,2023-06-02,Bronze
C02516,Urishilla,Goel,deolbishakha@example.com,Hyderabad,Telangana,47,Male,2025-09-11,Bronze
C02517,Ishanvi,Chahal,gandhidayita@example.com,Bengaluru,Karnataka,42,Female,2025-08-04,Bronze
C02518,Harish,Barad,baralaadi@example.org,Chennai,Tamil Nadu,58,Female,2026-02-08,Platinum
C02519,Onkar,Raman,rchokshi@example.net,Pune,Maharashtra,41,Female,2023-07-30,Silver
C02520,Bishakha,Vora,manelakshit@example.org,Bengaluru,Karnataka,19,Female,2023-12-04,Silver
C02521,Turvi,Lad,yutikachar@example.com,Bengaluru,Karnataka,45,Female,2023-05-19,Silver
C02522,Udarsh,Mander,ramaswamyhamsini@example.net,Hyderabad,Telangana,53,Male,2024-12-14,Platinum
C02523,Nicholas,Solanki,gparmer@example.com,Mumbai,Maharashtra,26,Female,2023-07-14,Gold
C02524,Chaaya,Rattan,ykeer@example.com,Pune,Maharashtra,31,Female,2024-04-29,Bronze
C02525,Eta,Kade,triyadixit@example.net,Mumbai,Maharashtra,43,Female,2025-08-27,Bronze
C02526,Mohammed,Bansal,bhargavajacob@example.org,Pune,Maharashtra,35,Female,2023-03-09,Bronze
C02527,Hritik,Sen,manthanborah@example.com,Pune,Maharashtra,58,Male,2022-09-11,Bronze
C02528,Gaurangi,Nagarajan,vasatikasaran@example.com,Bengaluru,Karnataka,32,Male,2024-05-06,Bronze
C02529,Jason,Mittal,urvashibandi@example.com,Bengaluru,Karnataka,28,Male,2024-01-10,Bronze
C02530,Naksh,Raman,hemanibhatti@example.org,Mumbai,Maharashtra,39,Male,2023-07-24,Silver
C02531,Azad,Krishnan,fgrover@example.com,New Delhi,Delhi,42,Female,2025-12-29,Bronze
C02532,Mitali,Naik,udeol@example.net,Mumbai,Maharashtra,58,Female,2025-06-27,Bronze
C02533,Pahal,Murty,abhimanyugala@example.com,Bengaluru,Karnataka,23,Female,2023-09-22,Silver
C02534,Ojasvi,Chander,jnatt@example.org,Kolkata,West Bengal,57,Female,2024-09-21,Silver
C02535,Logan,Khatri,mmall@example.net,Bengaluru,Karnataka,41,Female,2026-01-13,Silver
C02536,Pranit,Sahni,andrajalsa@example.net,Hyderabad,Telangana,53,Female,2024-05-12,Bronze
C02537,Hemal,Pradhan,aarnav17@example.net,Ahmedabad,Gujarat,41,Male,2023-12-24,Bronze
C02538,Saksham,Kakar,gaurangitiwari@example.com,Bengaluru,Karnataka,30,Female,2022-07-20,Bronze
C02539,Mahika,Wadhwa,radhikabaral@example.com,Ahmedabad,Gujarat,54,Female,2025-05-21,Bronze
C02540,Bina,Yohannan,sbasu@example.com,Bengaluru,Karnataka,29,Other,2025-03-10,Silver
C02541,Andrew,Reddy,somomisha@example.com,Pune,Maharashtra,39,Male,2023-02-27,Gold
C02542,Vihaan,Murty,shivanilanka@example.com,Pune,Maharashtra,18,Male,2026-02-25,Silver
C02543,Balvan,Karnik,megha40@example.net,Mumbai,Maharashtra,48,Male,2023-08-19,Bronze
C02544,Veer,Baria,shivanikhare@example.com,Mumbai,Maharashtra,52,Female,2025-02-01,Silver
C02545,Aarnav,Sani,borraanusha@example.net,New Delhi,Delhi,19,Female,2023-07-21,Gold
C02546,Omaja,Babu,charan79@example.org,Pune,Maharashtra,20,Female,2024-04-24,Silver
C02547,Bhavna,D’Alia,lopanarasimhan@example.org,Bengaluru,Karnataka,46,Female,2022-11-26,Bronze
C02548,Sai,Atwal,vbuch@example.net,Pune,Maharashtra,55,Male,2025-01-27,Bronze
C02549,Yatan,Srinivasan,chaudharykai@example.net,Pune,Maharashtra,60,Female,2024-03-25,Gold
C02550,Aarna,Gara,aarini62@example.com,Hyderabad,Telangana,34,Female,2025-05-14,Silver
C02551,Samar,Gade,gunbir44@example.net,Pune,Maharashtra,49,Male,2022-07-27,Silver
C02552,Ekapad,Bose,jairajaggarwal@example.org,Mumbai,Maharashtra,46,Female,2022-09-06,Bronze
C02553,Dominic,Madan,ishaanseth@example.com,Mumbai,Maharashtra,56,Female,2025-01-01,Bronze
C02554,Jairaj,Tella,hvaidya@example.com,Bengaluru,Karnataka,32,Male,2026-05-26,Silver
C02555,Arunima,Chacko,george52@example.com,New Delhi,Delhi,28,Female,2024-10-28,Bronze
C02556,Ranbir,Krishna,chadhadev@example.org,New Delhi,Delhi,36,Female,2022-10-09,Gold
C02557,Madhav,Oommen,rishisrinivas@example.net,Pune,Maharashtra,36,Male,2023-02-20,Bronze
C02558,Indali,Balan,lopa61@example.net,Pune,Maharashtra,55,Female,2025-05-11,Silver
C02559,Neha,Kala,ranveersule@example.net,Mumbai,Maharashtra,51,Female,2023-09-11,Silver
C02560,Ekalinga,Karan,yshankar@example.com,Pune,Maharashtra,59,Female,2024-08-13,Gold
C02561,Jyoti,Issac,bansalsneha@example.org,Mumbai,Maharashtra,42,Male,2024-06-12,Bronze
C02562,Aarush,Pant,pradhanhamsini@example.com,Pune,Maharashtra,48,Female,2023-08-08,Gold
C02563,Abhimanyu,Murty,ichada@example.org,Pune,Maharashtra,39,Female,2026-03-08,Bronze
C02564,Jackson,Deshpande,jtalwar@example.net,Pune,Maharashtra,25,Female,2023-02-18,Bronze
C02565,Harini,Dar,nadigyatan@example.com,Bengaluru,Karnataka,18,Male,2022-12-19,Gold
C02566,Pavani,Memon,chhabrachristopher@example.com,Hyderabad,Telangana,32,Male,2023-08-10,Bronze
C02567,Laksh,Kuruvilla,rdua@example.com,Pune,Maharashtra,24,Male,2023-01-13,Silver
C02568,Nisha,Borde,falan74@example.net,Mumbai,Maharashtra,52,Male,2023-07-19,Platinum
C02569,Charita,Ray,balbhavani@example.com,Pune,Maharashtra,51,Female,2023-05-15,Bronze
C02570,Qasim,Chander,harishpatil@example.org,New Delhi,Delhi,59,Male,2022-09-05,Bronze
C02571,Girish,Lalla,eesha12@example.net,New Delhi,Delhi,20,Other,2025-07-20,Bronze
C02572,Simon,Brar,chandranmalhotra@example.com,Mumbai,Maharashtra,22,Male,2025-06-24,Bronze
C02573,Fariq,Mishra,harish60@example.com,Mumbai,Maharashtra,32,Female,2025-05-19,Silver
C02574,Osha,Chander,amruta02@example.org,Bengaluru,Karnataka,52,Male,2025-12-29,Bronze
C02575,Girindra,Agrawal,soodbrijesh@example.com,Hyderabad,Telangana,30,Female,2026-02-19,Bronze
C02576,Jalsa,Ravi,lallanathan@example.net,Bengaluru,Karnataka,52,Female,2025-12-26,Silver
C02577,Yug,Bumb,om29@example.net,Mumbai,Maharashtra,55,Female,2026-06-29,Gold
C02578,Hemang,Badal,ukamdar@example.net,New Delhi,Delhi,59,Female,2024-01-24,Gold
C02579,Jonathan,Gara,nikitaahluwalia@example.net,Bengaluru,Karnataka,18,Female,2023-12-27,Bronze
C02580,Anjali,Guha,dkhanna@example.com,Mumbai,Maharashtra,29,Female,2023-01-03,Bronze
C02581,Siddharth,Rama,brindapadmanabhan@example.org,Mumbai,Maharashtra,37,Female,2022-12-05,Silver
C02582,Nidhi,Sabharwal,amruta39@example.org,Mumbai,Maharashtra,53,Female,2022-09-29,Silver
C02583,Osha,Kumer,hagarwal@example.com,Pune,Maharashtra,49,Female,2025-07-10,Gold
C02584,Rayaan,Kulkarni,qarindar@example.net,Bengaluru,Karnataka,28,Female,2023-10-07,Silver
C02585,Yuvraj,Deo,kashyapzaid@example.net,New Delhi,Delhi,46,Female,2026-01-06,Silver
C02586,Chakradhar,Bora,ndeol@example.com,Hyderabad,Telangana,24,Male,2025-06-17,Bronze
C02587,Isaiah,Agate,indrajitatwal@example.com,Bengaluru,Karnataka,51,Female,2024-10-01,Silver
C02588,Hredhaan,Om,sanyadhawan@example.org,Ahmedabad,Gujarat,54,Female,2025-05-14,Bronze
C02589,Jatin,Pillay,nirja68@example.net,Pune,Maharashtra,28,Male,2024-04-28,Silver
C02590,Anvi,Sawhney,madhavjhaveri@example.com,Pune,Maharashtra,48,Female,2023-08-26,Silver
C02591,Ira,Guha,vrishtisuresh@example.com,Hyderabad,Telangana,32,Male,2025-01-13,Bronze
C02592,Rajeshri,Bawa,aarush67@example.org,Chennai,Tamil Nadu,41,Female,2024-11-04,Bronze
C02593,Darsh,Bhasin,sviswanathan@example.org,Mumbai,Maharashtra,46,Female,2024-10-11,Silver
C02594,Odika,Choudhry,lohit44@example.org,Hyderabad,Telangana,43,Female,2026-07-07,Bronze
C02595,Pooja,Atwal,ewagle@example.net,New Delhi,Delhi,47,Male,2025-10-05,Bronze
C02596,Suhani,Pall,udarsh73@example.net,New Delhi,Delhi,60,Female,2025-05-17,Bronze
C02597,Anya,Sood,kmadan@example.com,Mumbai,Maharashtra,45,Male,2024-09-27,Bronze
C02598,Thomas,Sarma,anaykeer@example.net,Bengaluru,Karnataka,31,Female,2025-06-05,Bronze
C02599,Vedika,Rajagopalan,yashodharadhillon@example.org,Mumbai,Maharashtra,33,Female,2026-02-16,Silver
C02600,Amrita,Prabhakar,hardik48@example.com,Kolkata,West Bengal,48,Male,2023-03-22,Gold
C02601,Netra,Bahri,chhabrawyatt@example.com,Hyderabad,Telangana,49,Female,2024-05-11,Platinum
C02602,Zayyan,Konda,watikawadhwa@example.org,Bengaluru,Karnataka,24,Female,2026-03-19,Bronze
C02603,Manthan,Bahri,oni95@example.org,Bengaluru,Karnataka,36,Female,2024-02-02,Bronze
C02604,Vasana,Hari,ikbalmohan@example.net,New Delhi,Delhi,44,Male,2024-09-22,Gold
C02605,Pavani,Krishnamurthy,ryan69@example.net,Bengaluru,Karnataka,30,Female,2023-04-30,Bronze
C02606,Ishanvi,Char,nsodhi@example.org,Mumbai,Maharashtra,60,Female,2023-06-25,Silver
C02607,Yash,Nair,nayarishanvi@example.com,Mumbai,Maharashtra,26,Male,2026-06-04,Bronze
C02608,Wridesh,Walia,waida36@example.net,Hyderabad,Telangana,38,Male,2022-07-23,Bronze
C02609,Amol,Bose,devanvihaan@example.com,Hyderabad,Telangana,29,Female,2025-05-05,Bronze
C02610,Caleb,Jayaraman,isachar@example.net,Mumbai,Maharashtra,34,Female,2025-06-06,Silver
C02611,Elijah,Chauhan,odeshmukh@example.net,Pune,Maharashtra,59,Female,2025-11-16,Bronze
C02612,Tanish,Kamdar,gunbir04@example.org,Bengaluru,Karnataka,51,Female,2026-04-11,Platinum
C02613,Nilima,Dara,shivani31@example.com,Mumbai,Maharashtra,45,Other,2023-05-17,Platinum
C02614,Warjas,Dani,krishnawridesh@example.org,Chennai,Tamil Nadu,52,Female,2024-09-17,Silver
C02615,Vamakshi,Malhotra,abeersuri@example.org,New Delhi,Delhi,54,Female,2026-02-14,Silver
C02616,Nisha,Narayanan,chakrabartiyahvi@example.net,Pune,Maharashtra,50,Male,2025-08-28,Bronze
C02617,Veer,Mall,saneikshita@example.com,Ahmedabad,Gujarat,59,Other,2023-02-15,Silver
C02618,Sneha,Gala,chatterjeeansh@example.net,Hyderabad,Telangana,35,Female,2024-02-17,Gold
C02619,Anvi,Hans,nakshkaur@example.net,Noida,Uttar Pradesh,59,Female,2025-09-10,Bronze
C02620,Chakradev,Gola,shauryahora@example.org,Bengaluru,Karnataka,51,Male,2024-01-01,Silver
C02621,Chakrika,Sharma,senguptaupkaar@example.net,Kolkata,West Bengal,43,Female,2026-06-05,Bronze
C02622,Krish,Balay,jayaramanjeevika@example.net,Hyderabad,Telangana,18,Female,2026-06-10,Bronze
C02623,Chandani,Sankaran,devdutt@example.com,Mumbai,Maharashtra,55,Female,2025-04-18,Bronze
C02624,Kritika,Amble,kavyabanerjee@example.net,Bengaluru,Karnataka,30,Male,2022-10-25,Silver
C02625,Parth,Salvi,chadnakul@example.org,Mumbai,Maharashtra,54,Female,2022-07-15,Silver
C02626,Elijah,Dube,bchopra@example.org,Pune,Maharashtra,24,Female,2025-07-12,Silver
C02627,Ojas,Lata,sneha29@example.net,Chennai,Tamil Nadu,52,Female,2025-10-31,Bronze
C02628,Tanveer,Sen,ngera@example.com,Chennai,Tamil Nadu,60,Female,2025-04-03,Bronze
C02629,Arya,Mutti,tanish03@example.com,Mumbai,Maharashtra,32,Male,2025-01-09,Bronze
C02630,Chakrika,Prashad,lchand@example.org,Mumbai,Maharashtra,46,Female,2025-10-10,Gold
C02631,Jonathan,Bhagat,isaiahsrinivas@example.com,Pune,Maharashtra,42,Female,2025-05-17,Bronze
C02632,Krishna,Bera,vincentdate@example.org,Pune,Maharashtra,55,Male,2024-05-30,Bronze
C02633,Chandresh,Trivedi,khuranafiyaz@example.com,Pune,Maharashtra,51,Female,2023-04-21,Silver
C02634,Girik,Lad,gaurangi82@example.org,Pune,Maharashtra,56,Female,2023-10-21,Platinum
C02635,Chaitanya,Sane,ijha@example.org,Mumbai,Maharashtra,23,Male,2025-05-14,Bronze
C02636,Gaurav,Vasa,riyabora@example.com,Mumbai,Maharashtra,47,Female,2025-12-01,Bronze
C02637,Faris,Nagy,rgala@example.com,Mumbai,Maharashtra,40,Female,2025-12-26,Bronze
C02638,Geetika,Balan,apteavi@example.net,Pune,Maharashtra,37,Female,2022-11-21,Silver
C02639,Arjun,Balasubramanian,naidunitesh@example.net,New Delhi,Delhi,48,Female,2024-05-11,Platinum
C02640,Finn,Butala,vasanachaudhari@example.com,New Delhi,Delhi,20,Female,2024-09-24,Bronze
C02641,Kamya,Bhandari,doctorira@example.com,Bengaluru,Karnataka,51,Female,2025-10-29,Silver
C02642,Ladli,Contractor,brinda42@example.org,Hyderabad,Telangana,56,Male,2026-03-15,Gold
C02643,Manbir,Zacharia,fmani@example.net,New Delhi,Delhi,57,Female,2024-06-17,Bronze
C02644,Faraj,Dora,bhavyathaker@example.net,Pune,Maharashtra,27,Male,2023-08-21,Gold
C02645,Brijesh,Murthy,csingh@example.net,Pune,Maharashtra,28,Female,2025-12-06,Bronze
C02646,Radhika,Sibal,basuchandran@example.org,Mumbai,Maharashtra,34,Female,2024-06-14,Bronze
C02647,Advika,Korpal,opai@example.com,Pune,Maharashtra,48,Female,2026-05-21,Gold
C02648,Gaurang,Pathak,mason66@example.net,Ahmedabad,Gujarat,52,Female,2026-04-14,Silver
C02649,Jason,Keer,zdixit@example.com,Bengaluru,Karnataka,24,Female,2025-08-29,Gold
C02650,Yasti,Kari,kala05@example.com,Pune,Maharashtra,25,Male,2026-03-05,Bronze
C02651,Onkar,Prashad,baralupma@example.org,Mumbai,Maharashtra,46,Female,2023-07-15,Silver
C02652,Niharika,Johal,nirjasharma@example.net,New Delhi,Delhi,48,Female,2024-10-19,Gold
C02653,Isha,Badal,jeremiahbhattacharyya@example.org,Pune,Maharashtra,52,Female,2022-11-12,Silver
C02654,Amrita,Batta,ramanathanzayyan@example.net,New Delhi,Delhi,49,Male,2023-11-13,Gold
C02655,Jeet,Wadhwa,lalaarna@example.net,Pune,Maharashtra,50,Female,2025-04-25,Gold
C02656,Peter,Som,hkothari@example.org,Pune,Maharashtra,24,Female,2026-01-31,Bronze
C02657,Kritika,Guha,rattaamrita@example.org,Bengaluru,Karnataka,32,Female,2025-02-22,Silver
C02658,Mohammed,Bhatti,mugdhamerchant@example.net,Mumbai,Maharashtra,47,Female,2022-07-24,Silver
C02659,Onkar,Vig,nikita42@example.org,Bengaluru,Karnataka,26,Female,2025-01-18,Bronze
C02660,Xavier,Saini,jyotiwadhwa@example.com,Pune,Maharashtra,42,Female,2026-05-09,Silver
C02661,Tanish,Chawla,zayan17@example.org,Gurugram,Haryana,27,Female,2026-06-19,Gold
C02662,Madhavi,Manne,wdugar@example.com,Pune,Maharashtra,38,Female,2024-04-27,Bronze
C02663,Bina,Basak,nehakarnik@example.net,Chennai,Tamil Nadu,58,Male,2025-06-29,Platinum
C02664,Jyoti,Oak,chaayahanda@example.net,Mumbai,Maharashtra,47,Female,2025-05-05,Silver
C02665,Arin,Chad,tpurohit@example.com,Pune,Maharashtra,59,Male,2024-12-23,Gold
C02666,Ati,Mannan,karaikbal@example.com,Mumbai,Maharashtra,34,Female,2025-07-02,Gold
C02667,Wyatt,Tella,anyanarula@example.net,Hyderabad,Telangana,60,Female,2023-12-27,Gold
C02668,Krish,Shroff,oakbaljiwan@example.com,Hyderabad,Telangana,22,Male,2025-01-26,Bronze
C02669,Dakshesh,Manne,samarthkalita@example.org,Pune,Maharashtra,26,Female,2023-07-02,Platinum
C02670,Isha,Hari,divya16@example.net,Chennai,Tamil Nadu,53,Female,2025-11-14,Bronze
C02671,Tristan,Dhaliwal,chanagirindra@example.net,Mumbai,Maharashtra,45,Female,2024-01-04,Gold
C02672,Suhani,Vora,idasgupta@example.org,Kolkata,West Bengal,29,Female,2023-09-19,Gold
C02673,Rushil,Khosla,horawaida@example.org,Noida,Uttar Pradesh,27,Male,2025-06-14,Bronze
C02674,Krish,Ravel,upkaar06@example.org,Pune,Maharashtra,51,Female,2024-07-24,Bronze
C02675,Faraj,Chacko,ynarang@example.org,Chennai,Tamil Nadu,21,Male,2023-08-08,Bronze
C02676,Triya,Tella,avohra@example.org,Pune,Maharashtra,28,Female,2023-07-27,Bronze
C02677,Qasim,Joshi,balanhredhaan@example.com,Pune,Maharashtra,57,Female,2022-12-27,Gold
C02678,Oeshi,Choudhury,agastyakonda@example.net,New Delhi,Delhi,57,Female,2023-07-07,Bronze
C02679,Krishna,Nath,qtank@example.net,Pune,Maharashtra,36,Female,2024-04-19,Silver
C02680,Bhanumati,Dar,naggarwal@example.net,Mumbai,Maharashtra,47,Female,2023-11-16,Silver
C02681,Tanay,Ramanathan,hiral20@example.org,Mumbai,Maharashtra,34,Female,2026-02-15,Silver
C02682,Deepa,Bobal,vorabhavini@example.org,Pune,Maharashtra,56,Male,2023-02-09,Bronze
C02683,Brinda,Kara,mekhalawagle@example.com,Mumbai,Maharashtra,48,Male,2025-09-27,Silver
C02684,Hemal,Bala,nikitahayer@example.org,Hyderabad,Telangana,43,Male,2025-03-09,Silver
C02685,Nakul,Kale,ethankhatri@example.com,Mumbai,Maharashtra,33,Male,2025-06-17,Bronze
C02686,Anvi,Nayak,omya11@example.com,Kolkata,West Bengal,26,Male,2024-12-30,Bronze
C02687,Balhaar,Menon,zinalwason@example.com,New Delhi,Delhi,27,Female,2022-10-11,Bronze
C02688,Brijesh,Peri,nazarethwazir@example.com,Mumbai,Maharashtra,18,Female,2024-09-16,Silver
C02689,Megha,Sangha,hbatra@example.net,Bengaluru,Karnataka,56,Female,2023-01-08,Silver
C02690,Gopal,Dada,poojabadami@example.org,Mumbai,Maharashtra,52,Male,2025-11-05,Bronze
C02691,Reyansh,Bhakta,jalsaramakrishnan@example.com,Pune,Maharashtra,35,Male,2024-08-18,Bronze
C02692,Gaurang,Bala,rdube@example.com,Chennai,Tamil Nadu,25,Female,2025-02-10,Bronze
C02693,Elijah,Nagi,harishgill@example.org,Pune,Maharashtra,49,Male,2022-07-26,Bronze
C02694,Aachal,Oak,charles68@example.net,Pune,Maharashtra,56,Male,2023-03-01,Bronze
C02695,Qadim,Sarin,sundervedhika@example.com,Chennai,Tamil Nadu,45,Female,2023-10-10,Silver
C02696,Luke,Kade,bina01@example.org,Chennai,Tamil Nadu,35,Male,2024-12-22,Silver
C02697,Daksha,Ahluwalia,vhari@example.com,Mumbai,Maharashtra,34,Other,2022-10-22,Bronze
C02698,Wazir,Sood,nikitabatra@example.org,Pune,Maharashtra,33,Female,2023-10-28,Bronze
C02699,Vivaan,Prasad,beraharsh@example.net,Mumbai,Maharashtra,24,Other,2025-01-20,Gold
C02700,Kamala,Seth,battayashica@example.com,Bengaluru,Karnataka,54,Female,2023-02-22,Silver
C02701,Dhruv,Mann,qabil07@example.com,Ahmedabad,Gujarat,20,Female,2024-05-26,Silver
C02702,Noah,Rau,xprashad@example.net,Hyderabad,Telangana,54,Female,2025-12-29,Platinum
C02703,Chaman,Shan,vigchakrika@example.org,Pune,Maharashtra,56,Female,2023-04-17,Bronze
C02704,Jasmit,Rajagopalan,manannarayanan@example.net,New Delhi,Delhi,59,Male,2024-08-06,Gold
C02705,Harshil,Menon,telladayita@example.net,Bengaluru,Karnataka,20,Male,2023-08-13,Gold
C02706,Robert,Gill,hritikgoyal@example.org,Bengaluru,Karnataka,60,Male,2024-02-15,Bronze
C02707,Chaitaly,Dhaliwal,kraval@example.net,Pune,Maharashtra,39,Female,2023-01-04,Gold
C02708,Christopher,Reddy,solankimohammed@example.com,Hyderabad,Telangana,34,Female,2023-12-26,Silver
C02709,Jacob,Shankar,pbalasubramanian@example.com,Mumbai,Maharashtra,35,Female,2025-02-24,Bronze
C02710,Owen,Kalita,vedant89@example.org,Bengaluru,Karnataka,34,Male,2022-12-26,Bronze
C02711,Eshana,Pathak,zinaldevi@example.net,Bengaluru,Karnataka,59,Female,2023-06-24,Bronze
C02712,Anay,Mane,padmanabhannikita@example.net,Mumbai,Maharashtra,49,Male,2025-07-31,Bronze
C02713,Jacob,Dhar,bom@example.net,Bengaluru,Karnataka,38,Male,2025-04-08,Bronze
C02714,Manan,Ravi,manan64@example.org,New Delhi,Delhi,43,Female,2022-12-17,Bronze
C02715,Lavanya,Radhakrishnan,niharika13@example.org,Pune,Maharashtra,30,Female,2024-05-26,Silver
C02716,Vasatika,Sandhu,dhingraranveer@example.net,Mumbai,Maharashtra,41,Male,2024-02-03,Platinum
C02717,Dipta,Nayar,krishnamurthyrehaan@example.com,Mumbai,Maharashtra,30,Female,2025-12-02,Gold
C02718,Mohini,Dixit,deepaupadhyay@example.com,New Delhi,Delhi,36,Male,2023-05-28,Silver
C02719,Banjeet,Balan,vanyakapur@example.org,Mumbai,Maharashtra,22,Female,2022-08-24,Bronze
C02720,Abeer,Varkey,yraman@example.org,Bengaluru,Karnataka,43,Male,2022-10-29,Bronze
C02721,Christopher,Dada,mthakur@example.org,Mumbai,Maharashtra,43,Female,2024-07-24,Bronze
C02722,Finn,Hans,atharv01@example.com,Chennai,Tamil Nadu,57,Female,2024-11-24,Bronze
C02723,Daksh,Mallick,memonelijah@example.net,Noida,Uttar Pradesh,20,Female,2024-01-24,Bronze
C02724,Ekanta,Bhagat,xreddy@example.org,Noida,Uttar Pradesh,49,Female,2026-05-26,Silver
C02725,Rohan,Savant,ddhawan@example.net,Pune,Maharashtra,46,Female,2025-04-12,Bronze
C02726,Jyoti,Kannan,anamika07@example.com,Pune,Maharashtra,19,Male,2025-03-06,Bronze
C02727,Saanvi,Manda,dgaba@example.net,Mumbai,Maharashtra,53,Other,2023-06-05,Bronze
C02728,Saumya,Dey,qsabharwal@example.org,Pune,Maharashtra,55,Female,2023-08-21,Silver
C02729,Laksh,Padmanabhan,chandavyanjana@example.net,Ahmedabad,Gujarat,34,Female,2024-05-17,Platinum
C02730,Urvi,Rajagopalan,dyalekalinga@example.com,Hyderabad,Telangana,45,Female,2025-01-25,Gold
C02731,Arin,Ranganathan,ekalinga33@example.org,Kolkata,West Bengal,52,Female,2024-10-01,Platinum
C02732,Sudiksha,Kata,deodipta@example.com,Pune,Maharashtra,33,Male,2022-08-10,Silver
C02733,Onveer,Jain,nandini17@example.net,Pune,Maharashtra,48,Female,2023-09-13,Bronze
C02734,Fariq,Shetty,jayaramannitesh@example.net,Hyderabad,Telangana,40,Female,2025-04-08,Silver
C02735,Harsh,Brar,aadiraghavan@example.org,Bengaluru,Karnataka,47,Female,2025-04-16,Gold
C02736,Theodore,Sami,yochananadkarni@example.org,Bengaluru,Karnataka,49,Female,2024-02-03,Bronze
C02737,Unni,Tandon,krisha13@example.org,Noida,Uttar Pradesh,53,Female,2026-06-03,Silver
C02738,Sara,Borde,damyanti49@example.org,Ahmedabad,Gujarat,27,Female,2023-11-15,Bronze
C02739,Om,Naidu,dhaliwalmeghana@example.com,Kolkata,West Bengal,54,Female,2024-12-30,Gold
C02740,Yashvi,Bassi,sankaranya@example.com,Pune,Maharashtra,49,Female,2023-03-12,Silver
C02741,Chatresh,Khalsa,rjayaraman@example.com,Pune,Maharashtra,31,Female,2024-04-28,Bronze
C02742,Harsh,Rao,gwarrior@example.org,New Delhi,Delhi,39,Female,2024-11-02,Silver
C02743,Ubika,Tata,rachitborde@example.org,Bengaluru,Karnataka,27,Male,2024-04-06,Platinum
C02744,Neel,Chanda,lyadav@example.org,Bengaluru,Karnataka,57,Female,2026-07-05,Silver
C02745,Rishi,Lal,kgarg@example.net,Bengaluru,Karnataka,57,Female,2026-02-23,Bronze
C02746,Harini,Swamy,wkaur@example.com,Pune,Maharashtra,33,Other,2025-06-15,Silver
C02747,Vincent,Zacharia,ishwarvarma@example.org,Gurugram,Haryana,19,Female,2025-07-12,Bronze
C02748,Eiravati,Rege,nigamveer@example.net,Pune,Maharashtra,24,Male,2026-01-17,Silver
C02749,Shivani,Bajaj,zsangha@example.net,Kolkata,West Bengal,44,Female,2024-05-16,Bronze
C02750,Jagat,Setty,zbhat@example.com,Chennai,Tamil Nadu,24,Female,2025-07-09,Bronze
C02751,Warinder,Ravel,alexanderpatla@example.org,Mumbai,Maharashtra,49,Female,2025-02-17,Bronze
C02752,Krisha,Zachariah,fradogarg@example.org,Pune,Maharashtra,59,Female,2024-07-29,Bronze
C02753,Udarsh,Palla,nathaniel16@example.net,Hyderabad,Telangana,34,Female,2023-08-11,Silver
C02754,Jasmit,Aurora,sara14@example.com,Gurugram,Haryana,41,Female,2026-03-19,Bronze
C02755,Mason,Bora,elijahdewan@example.com,Gurugram,Haryana,18,Female,2026-06-23,Bronze
C02756,Mitali,Shan,warrioramrita@example.org,Hyderabad,Telangana,54,Female,2023-05-12,Bronze
C02757,Qushi,Mani,duttjonathan@example.org,Pune,Maharashtra,57,Female,2022-12-23,Silver
C02758,Ganga,Bandi,rachitakrishna@example.net,Gurugram,Haryana,27,Female,2026-01-01,Silver
C02759,Bishakha,De,geetika98@example.net,Ahmedabad,Gujarat,29,Female,2022-08-02,Gold
C02760,Dominic,Chad,idika78@example.net,Mumbai,Maharashtra,20,Male,2023-01-21,Gold
C02761,Tanvi,Banik,wchand@example.org,Hyderabad,Telangana,37,Male,2025-11-14,Bronze
C02762,Wahab,Ratti,eramakrishnan@example.org,New Delhi,Delhi,51,Female,2023-03-28,Bronze
C02763,Rachit,Bal,ymaharaj@example.org,Pune,Maharashtra,57,Male,2025-09-04,Gold
C02764,Devansh,Shenoy,fwali@example.com,Ahmedabad,Gujarat,42,Male,2023-06-22,Gold
C02765,Mason,Sarin,idube@example.com,New Delhi,Delhi,39,Female,2026-03-06,Bronze
C02766,Zaitra,Hayre,ybarad@example.net,Kolkata,West Bengal,30,Male,2023-10-17,Bronze
C02767,Eesha,Viswanathan,rastogiquincy@example.net,Pune,Maharashtra,60,Female,2023-11-08,Gold
C02768,Wazir,Pillay,luthraayushman@example.net,Pune,Maharashtra,23,Female,2023-08-19,Bronze
C02769,Jalsa,Ramakrishnan,rnarula@example.com,Bengaluru,Karnataka,52,Female,2023-04-28,Silver
C02770,Balvan,Balasubramanian,ganeshati@example.net,New Delhi,Delhi,38,Female,2024-12-17,Silver
C02771,Patrick,Oommen,amrita42@example.net,Mumbai,Maharashtra,45,Female,2023-01-13,Bronze
C02772,Maya,Sharma,ihayre@example.com,Bengaluru,Karnataka,24,Female,2023-10-16,Bronze
C02773,Chaitaly,Grewal,kiaanwalia@example.net,Mumbai,Maharashtra,36,Male,2023-10-03,Silver
C02774,Amruta,Raman,robertchauhan@example.com,Bengaluru,Karnataka,30,Male,2026-04-24,Bronze
C02775,Nidhi,Gala,fariq52@example.net,Bengaluru,Karnataka,52,Female,2023-05-06,Bronze
C02776,Geetika,Subramanian,hemalramachandran@example.org,Pune,Maharashtra,21,Male,2026-05-22,Bronze
C02777,Onveer,Raval,tristanoza@example.net,Mumbai,Maharashtra,21,Male,2023-07-13,Silver
C02778,Kala,Chaudry,yaminicherian@example.net,Mumbai,Maharashtra,51,Male,2023-09-11,Silver
C02779,Mahika,Pingle,atharv78@example.com,New Delhi,Delhi,31,Female,2026-04-18,Gold
C02780,Libni,Nair,nagivinaya@example.net,Ahmedabad,Gujarat,38,Female,2022-07-20,Bronze
C02781,Bhavna,Lal,abhimanyuhari@example.com,Pune,Maharashtra,57,Female,2022-12-15,Gold
C02782,Jagdish,Vala,chowdhuryvasana@example.net,Pune,Maharashtra,25,Male,2022-09-06,Bronze
C02783,Veda,Gala,issacgauri@example.net,Pune,Maharashtra,29,Other,2024-09-09,Gold
C02784,Warinder,Luthra,chadhajanuja@example.org,Mumbai,Maharashtra,20,Female,2024-04-16,Silver
C02785,Meera,Mohanty,nandachaaya@example.com,Bengaluru,Karnataka,45,Female,2025-02-05,Silver
C02786,Hritik,Narain,samaksh13@example.net,Ahmedabad,Gujarat,31,Male,2024-10-22,Silver
C02787,Oscar,Pau,onisoni@example.net,Ahmedabad,Gujarat,18,Female,2024-04-01,Bronze
C02788,Gunbir,Khanna,usem@example.org,Mumbai,Maharashtra,49,Female,2025-06-25,Bronze
C02789,Amol,Lata,ikbalmander@example.org,New Delhi,Delhi,46,Female,2026-04-24,Silver
C02790,Balendra,Pandya,tanmayirajagopal@example.net,Pune,Maharashtra,25,Female,2025-11-26,Silver
C02791,Jairaj,Viswanathan,mbhasin@example.net,Pune,Maharashtra,38,Female,2023-07-15,Silver
C02792,Karan,Sridhar,magarjalsa@example.org,Kolkata,West Bengal,43,Female,2022-07-15,Bronze
C02793,Wahab,Varkey,neelima22@example.com,Chennai,Tamil Nadu,24,Male,2025-01-29,Bronze
C02794,Priya,Saha,nairyashawini@example.com,Chennai,Tamil Nadu,23,Female,2025-05-31,Bronze
C02795,Shivani,Yohannan,tmammen@example.org,Pune,Maharashtra,48,Female,2026-05-06,Bronze
C02796,Lakshit,Tailor,yashvi54@example.net,Pune,Maharashtra,29,Female,2024-05-15,Silver
C02797,Harinakshi,Sami,edhitha94@example.org,Pune,Maharashtra,57,Female,2024-02-07,Silver
C02798,Yadavi,Dave,jagat16@example.com,Mumbai,Maharashtra,60,Male,2026-04-25,Silver
C02799,Atharv,Deshpande,baralbrijesh@example.org,Pune,Maharashtra,38,Female,2025-05-14,Bronze
C02800,Damyanti,Pradhan,vincentbora@example.org,Pune,Maharashtra,29,Female,2025-02-20,Bronze
C02801,Karan,D’Alia,edhitha13@example.org,New Delhi,Delhi,42,Female,2024-05-08,Bronze
C02802,Ekiya,Oak,hbandi@example.org,Pune,Maharashtra,58,Female,2025-07-07,Silver
C02803,Pavani,Gopal,manderchavvi@example.com,Mumbai,Maharashtra,22,Male,2024-01-28,Silver
C02804,Zinal,Vohra,lraju@example.net,Mumbai,Maharashtra,27,Female,2025-08-23,Bronze
C02805,Vritti,Dhawan,bkapadia@example.com,Pune,Maharashtra,44,Female,2026-03-07,Bronze
C02806,Ridhi,Master,vdoctor@example.org,New Delhi,Delhi,41,Female,2024-09-28,Gold
C02807,Kai,Peri,jyotimani@example.org,New Delhi,Delhi,42,Female,2026-07-06,Bronze
C02808,Ekaraj,Vora,oscarcherian@example.net,Mumbai,Maharashtra,25,Male,2023-05-14,Silver
C02809,Kiaan,Gupta,dateryan@example.net,Pune,Maharashtra,22,Female,2023-06-27,Gold
C02810,Luke,Amble,george06@example.net,Bengaluru,Karnataka,59,Female,2023-05-05,Silver
C02811,Abhiram,Chana,ojasvilala@example.com,Mumbai,Maharashtra,49,Female,2025-03-19,Bronze
C02812,Nathaniel,Jani,bpai@example.net,Gurugram,Haryana,48,Male,2023-12-30,Bronze
C02813,Noah,Sinha,tvenkataraman@example.org,Bengaluru,Karnataka,32,Female,2024-07-11,Silver
C02814,Tamanna,Goel,inayasrinivasan@example.com,Pune,Maharashtra,34,Male,2024-05-14,Bronze
C02815,Ekani,Lad,amaira72@example.com,Pune,Maharashtra,27,Female,2024-11-11,Bronze
C02816,Mohammed,Bali,lucky91@example.net,Chennai,Tamil Nadu,43,Female,2025-04-10,Silver
C02817,Sudiksha,Raja,harshramanathan@example.org,Pune,Maharashtra,44,Male,2024-04-08,Bronze
C02818,Qabil,Sarraf,singhparth@example.org,Bengaluru,Karnataka,47,Female,2024-05-14,Bronze
C02819,Tanvi,Kale,saanvikalla@example.net,Mumbai,Maharashtra,31,Female,2023-07-29,Silver
C02820,Quincy,Balakrishnan,qabil22@example.net,Bengaluru,Karnataka,57,Female,2022-11-06,Bronze
C02821,Tanish,Sabharwal,harrisonsane@example.com,Chennai,Tamil Nadu,41,Female,2024-04-03,Bronze
C02822,Faqid,Mitter,maanaskhalsa@example.org,Pune,Maharashtra,52,Female,2025-12-08,Bronze
C02823,Ekta,Patla,samarnagarajan@example.net,Chennai,Tamil Nadu,44,Female,2023-01-18,Bronze
C02824,Darika,Loke,fdas@example.net,Bengaluru,Karnataka,60,Female,2025-09-01,Silver
C02825,Ubika,Tailor,neelramaswamy@example.com,Pune,Maharashtra,19,Female,2024-01-23,Bronze
C02826,Yug,Bahri,advika49@example.com,New Delhi,Delhi,54,Male,2025-01-05,Silver
C02827,Jackson,Gole,asarna@example.org,Bengaluru,Karnataka,27,Female,2025-06-08,Bronze
C02828,Owen,Sarraf,edwinchristopher@example.com,Chennai,Tamil Nadu,49,Female,2025-10-24,Gold
C02829,Yatin,Sidhu,nchowdhury@example.com,Bengaluru,Karnataka,20,Female,2023-01-09,Silver
C02830,Eta,Devi,kalpitdixit@example.org,Pune,Maharashtra,21,Female,2026-07-01,Bronze
C02831,Guneet,Desai,mekhala08@example.org,Kolkata,West Bengal,30,Male,2024-07-18,Platinum
C02832,Oscar,Barad,lankavrinda@example.net,Mumbai,Maharashtra,41,Female,2026-03-05,Bronze
C02833,Udyati,Venkataraman,rpalla@example.org,Ahmedabad,Gujarat,48,Female,2024-01-16,Bronze
C02834,Kashish,Varkey,qasim38@example.com,Mumbai,Maharashtra,28,Male,2023-05-25,Bronze
C02835,Darsh,Baria,anaymall@example.com,Mumbai,Maharashtra,57,Female,2023-07-24,Silver
C02836,Warinder,Rama,nagiimaran@example.com,Bengaluru,Karnataka,35,Female,2022-08-15,Gold
C02837,Ekalinga,Palan,shivanshchander@example.org,Gurugram,Haryana,27,Male,2022-10-28,Bronze
C02838,Manthan,Ganesh,arjun14@example.org,Pune,Maharashtra,48,Female,2024-05-29,Bronze
C02839,Vanya,Malhotra,daksheshhegde@example.org,Pune,Maharashtra,41,Male,2022-09-08,Silver
C02840,Ojasvi,Singhal,kadexalak@example.org,Pune,Maharashtra,49,Male,2026-06-08,Silver
C02841,Ishwar,Dhillon,obava@example.org,Chennai,Tamil Nadu,41,Female,2026-01-25,Bronze
C02842,Max,D’Alia,nakuldalal@example.net,Mumbai,Maharashtra,27,Female,2024-05-03,Gold
C02843,Triveni,Rout,ddewan@example.org,Kolkata,West Bengal,58,Female,2025-06-10,Silver
C02844,Gaurav,D’Alia,rajaneha@example.org,Kolkata,West Bengal,40,Female,2026-01-29,Silver
C02845,Kai,Golla,daraazad@example.com,Pune,Maharashtra,44,Other,2023-03-28,Bronze
C02846,Laban,Oza,mkothari@example.net,Mumbai,Maharashtra,35,Other,2023-09-01,Gold
C02847,Tanish,Bansal,reyansh66@example.com,Pune,Maharashtra,28,Female,2024-10-04,Bronze
C02848,Sathvik,Yadav,golatamanna@example.net,Mumbai,Maharashtra,45,Female,2024-01-11,Bronze
C02849,Charvi,Verma,doctorbaghyawati@example.org,Noida,Uttar Pradesh,47,Female,2022-11-12,Bronze
C02850,Harish,Chana,arin86@example.net,Pune,Maharashtra,18,Male,2023-01-17,Bronze
C02851,Logan,Nazareth,narainkrish@example.org,Mumbai,Maharashtra,42,Female,2023-11-29,Silver
C02852,Bhavini,Prashad,anayhari@example.net,Mumbai,Maharashtra,39,Female,2024-06-10,Silver
C02853,Jeevika,Palla,zbhatti@example.net,Noida,Uttar Pradesh,44,Female,2024-03-01,Bronze
C02854,Aarav,Kala,kabir97@example.org,Mumbai,Maharashtra,53,Female,2025-01-29,Bronze
C02855,Gunbir,Karnik,jdani@example.com,Pune,Maharashtra,60,Female,2024-01-09,Silver
C02856,Rayaan,Samra,eta85@example.com,Mumbai,Maharashtra,25,Female,2023-09-10,Bronze
C02857,Damyanti,De,avilad@example.org,Hyderabad,Telangana,22,Female,2025-03-08,Bronze
C02858,Nachiket,Bal,vasatikabhagat@example.com,Bengaluru,Karnataka,23,Male,2025-03-20,Bronze
C02859,Jatin,Pathak,varenyakashyap@example.net,Pune,Maharashtra,57,Female,2024-08-19,Silver
C02860,Warda,Mall,ganesandarsh@example.com,Kolkata,West Bengal,58,Male,2023-12-18,Silver
C02861,Frederick,Sankar,abains@example.org,Pune,Maharashtra,21,Female,2025-11-11,Bronze
C02862,Kalpit,Date,hredhaan55@example.com,New Delhi,Delhi,29,Female,2026-02-02,Platinum
C02863,Nathan,Amble,bhavikabali@example.org,Pune,Maharashtra,32,Female,2022-09-13,Silver
C02864,Daniel,Dash,patilnidra@example.com,Mumbai,Maharashtra,51,Female,2023-01-15,Gold
C02865,Siya,Pillay,nmorar@example.org,New Delhi,Delhi,56,Female,2023-10-08,Bronze
C02866,Kamala,Savant,kamya46@example.org,New Delhi,Delhi,21,Female,2023-03-24,Silver
C02867,Yatin,Krishnamurthy,icherian@example.com,Pune,Maharashtra,34,Female,2025-06-09,Silver
C02868,Triya,Saraf,choudhrychaitanya@example.net,Gurugram,Haryana,25,Female,2022-08-15,Bronze
C02869,Daniel,Dani,baradsarthak@example.org,Pune,Maharashtra,32,Female,2024-09-28,Silver
C02870,Nitara,Karpe,senguptamohini@example.com,Bengaluru,Karnataka,44,Female,2023-03-05,Bronze
C02871,Gautam,Suresh,pallavivarty@example.org,Mumbai,Maharashtra,33,Female,2024-08-11,Silver
C02872,Agastya,Varughese,perisara@example.org,Kolkata,West Bengal,36,Male,2025-02-18,Bronze
C02873,Manbir,Balasubramanian,oommendarsh@example.com,Pune,Maharashtra,21,Female,2024-08-13,Gold
C02874,Frado,Hayre,regesneha@example.org,Pune,Maharashtra,46,Female,2022-07-13,Silver
C02875,Yatin,Bhagat,vkarnik@example.org,Pune,Maharashtra,41,Female,2023-04-01,Silver
C02876,Champak,Mani,anya74@example.org,Kolkata,West Bengal,34,Male,2023-05-10,Bronze
C02877,Nandini,Gill,hegdearyan@example.org,Mumbai,Maharashtra,41,Female,2023-11-08,Silver
C02878,Radhika,Gopal,isha76@example.net,Mumbai,Maharashtra,32,Female,2025-06-24,Bronze
C02879,Pushti,Kulkarni,nbalan@example.org,Mumbai,Maharashtra,47,Female,2023-12-09,Silver
C02880,Abdul,Nath,sairau@example.org,Kolkata,West Bengal,47,Male,2024-04-14,Bronze
C02881,Ria,Kumar,bramesh@example.org,Pune,Maharashtra,44,Male,2024-05-20,Gold
C02882,Farhan,Pandit,vohrawridesh@example.org,Hyderabad,Telangana,58,Female,2024-05-28,Bronze
C02883,Vaishnavi,Bahl,bhandariamaira@example.com,Mumbai,Maharashtra,29,Female,2022-11-01,Gold
C02884,Oeshi,Sandal,mukhopadhyayganga@example.net,Pune,Maharashtra,43,Female,2026-06-15,Bronze
C02885,Aryan,Bir,bedisanya@example.net,Pune,Maharashtra,43,Female,2023-10-04,Gold
C02886,Vedika,Sibal,krishnanbaljiwan@example.org,Chennai,Tamil Nadu,32,Female,2024-12-27,Silver
C02887,Adweta,Keer,madanaarush@example.com,Bengaluru,Karnataka,28,Female,2024-02-08,Silver
C02888,Zaid,Bhatti,orinder04@example.net,Mumbai,Maharashtra,22,Male,2025-12-13,Silver
C02889,Yachana,Barad,watika69@example.net,Bengaluru,Karnataka,33,Female,2025-10-02,Bronze
C02890,Waida,Kapur,issacubika@example.net,Pune,Maharashtra,18,Male,2023-10-18,Silver
C02891,Reva,Dara,mraja@example.net,Mumbai,Maharashtra,57,Female,2024-10-20,Bronze
C02892,Brinda,Chaudry,graja@example.org,Pune,Maharashtra,39,Male,2024-12-18,Gold
C02893,Tarak,Sundaram,chandran77@example.net,Chennai,Tamil Nadu,54,Other,2024-06-22,Bronze
C02894,Amaira,Kothari,owennaidu@example.com,Mumbai,Maharashtra,33,Female,2024-03-16,Bronze
C02895,Qadim,Kade,ishaan97@example.org,Pune,Maharashtra,58,Male,2024-10-16,Platinum
C02896,Ekalinga,Lalla,raaginidewan@example.org,Hyderabad,Telangana,39,Female,2023-06-08,Bronze
C02897,Tanish,Sibal,varmatriveni@example.net,Pune,Maharashtra,38,Male,2025-10-31,Silver
C02898,Onveer,Cherian,roychristopher@example.org,Ahmedabad,Gujarat,55,Female,2022-07-29,Gold
C02899,Ayaan,Lad,chackowahab@example.com,Pune,Maharashtra,48,Male,2023-05-22,Bronze
C02900,Yochana,Thaman,hdin@example.org,Chennai,Tamil Nadu,27,Female,2024-05-23,Bronze
C02901,Sai,Bains,yashoda01@example.net,Bengaluru,Karnataka,35,Female,2023-03-02,Bronze
C02902,Mohini,Lad,lakshit21@example.com,Pune,Maharashtra,27,Female,2024-12-30,Silver
C02903,Ishani,Vig,riatripathi@example.com,Bengaluru,Karnataka,58,Female,2025-04-17,Bronze
C02904,Raksha,Apte,davidbal@example.com,Bengaluru,Karnataka,27,Male,2023-05-25,Platinum
C02905,Chakradhar,Sahota,enagarajan@example.net,Bengaluru,Karnataka,56,Male,2024-10-13,Bronze
C02906,Girik,Gole,lajitachada@example.com,Hyderabad,Telangana,56,Female,2025-06-28,Bronze
C02907,Neha,Chand,dugaryasti@example.com,Pune,Maharashtra,51,Male,2025-06-14,Bronze
C02908,Anamika,Gandhi,jthaman@example.com,Hyderabad,Telangana,18,Female,2024-03-04,Bronze
C02909,Manya,Sood,lokecaleb@example.net,Mumbai,Maharashtra,59,Female,2026-05-20,Bronze
C02910,Isha,Karnik,kuruvillagaurang@example.net,Mumbai,Maharashtra,46,Female,2025-09-19,Silver
C02911,Pallavi,Chowdhury,prisha07@example.net,Bengaluru,Karnataka,24,Male,2024-10-13,Bronze
C02912,Yuvraj,Goel,rmander@example.net,Pune,Maharashtra,47,Female,2023-02-22,Silver
C02913,Udarsh,Nath,gpandya@example.com,Mumbai,Maharashtra,25,Female,2026-06-14,Bronze
C02914,Mitali,Gopal,chakradev96@example.net,Bengaluru,Karnataka,38,Male,2025-10-01,Bronze
C02915,Barkha,Puri,ukothari@example.com,Pune,Maharashtra,59,Female,2024-02-10,Bronze
C02916,Pushti,Bal,sneha84@example.org,Bengaluru,Karnataka,59,Female,2026-05-09,Silver
C02917,Dhruv,Sawhney,duahamsini@example.org,Bengaluru,Karnataka,21,Male,2023-09-05,Silver
C02918,Libni,Dhar,ishanikibe@example.net,Bengaluru,Karnataka,26,Female,2026-03-01,Silver
C02919,Niharika,Maharaj,aadithakkar@example.net,Kolkata,West Bengal,23,Male,2025-03-24,Platinum
C02920,Tristan,Lata,swalia@example.net,Mumbai,Maharashtra,39,Male,2024-03-25,Bronze
C02921,Vedant,Barman,qdevan@example.com,Bengaluru,Karnataka,44,Female,2023-08-09,Bronze
C02922,Varsha,Dora,bbir@example.org,Pune,Maharashtra,31,Female,2026-01-16,Bronze
C02923,Dev,Chakraborty,ethan31@example.net,Ahmedabad,Gujarat,32,Female,2025-01-30,Silver
C02924,Yuvraj,Parmar,samarthreddy@example.org,Bengaluru,Karnataka,59,Male,2026-04-02,Bronze
C02925,Viraj,Kala,areddy@example.com,Pune,Maharashtra,32,Male,2025-04-26,Platinum
C02926,Rachit,Kothari,kumarekani@example.net,Pune,Maharashtra,38,Female,2024-10-02,Silver
C02927,Yasti,Chandra,xnatarajan@example.net,Mumbai,Maharashtra,36,Female,2023-09-08,Silver
C02928,Anthony,Gandhi,arya47@example.org,New Delhi,Delhi,22,Female,2023-06-18,Silver
C02929,Adweta,Dash,sanghvieesha@example.net,Pune,Maharashtra,49,Female,2023-04-12,Silver
C02930,Azad,Hans,anusha09@example.com,Bengaluru,Karnataka,50,Male,2024-06-25,Bronze
C02931,Neelima,Bhatnagar,vsule@example.org,Pune,Maharashtra,18,Male,2023-07-16,Silver
C02932,Zaitra,Date,benjamin88@example.net,Mumbai,Maharashtra,41,Female,2023-06-05,Bronze
C02933,Aarnav,Rattan,gdhillon@example.com,Pune,Maharashtra,34,Female,2023-02-20,Bronze
C02934,Fariq,Savant,odika81@example.org,Mumbai,Maharashtra,59,Female,2025-11-16,Bronze
C02935,Eta,Goyal,qpuri@example.net,Bengaluru,Karnataka,60,Female,2022-11-22,Bronze
C02936,Pahal,Yohannan,meghanasarraf@example.com,Pune,Maharashtra,42,Male,2026-04-24,Silver
C02937,Yashawini,Raj,gautam55@example.net,Chennai,Tamil Nadu,54,Male,2025-06-04,Bronze
C02938,Advika,Murthy,choudhryjeet@example.net,New Delhi,Delhi,55,Male,2025-05-06,Bronze
C02939,Krishna,Gole,sridharjalsa@example.org,Pune,Maharashtra,32,Female,2023-01-13,Gold
C02940,Lakshmi,Basu,ishaan17@example.org,Mumbai,Maharashtra,19,Female,2023-09-06,Bronze
C02941,Pahal,Bhatia,meghajohal@example.com,Pune,Maharashtra,31,Female,2024-09-03,Silver
C02942,Dipta,Kothari,gdass@example.net,New Delhi,Delhi,43,Female,2023-12-24,Bronze
C02943,Abha,Narang,daksh67@example.org,Bengaluru,Karnataka,56,Female,2023-05-27,Platinum
C02944,Chandran,Bakshi,laban48@example.net,Chennai,Tamil Nadu,22,Female,2025-02-25,Gold
C02945,Zashil,Gola,memonkrisha@example.com,Chennai,Tamil Nadu,21,Male,2023-01-27,Gold
C02946,Anusha,Saran,atank@example.org,Kolkata,West Bengal,46,Female,2024-11-04,Silver
C02947,Eta,Sarin,neel04@example.com,Pune,Maharashtra,41,Female,2026-03-31,Bronze
C02948,Pallavi,Patla,vsavant@example.net,Mumbai,Maharashtra,22,Female,2024-06-15,Silver
C02949,Ayush,Seshadri,eiravati33@example.net,Mumbai,Maharashtra,25,Female,2026-05-08,Bronze
C02950,Ayush,Sandal,xavierpingle@example.com,Kolkata,West Bengal,25,Male,2025-05-25,Silver
C02951,Nidhi,Raj,qarinsahota@example.com,New Delhi,Delhi,48,Female,2026-05-17,Bronze
C02952,Bimala,Bhagat,ranganathangaurika@example.net,New Delhi,Delhi,55,Female,2023-12-29,Bronze
C02953,Idika,Karnik,andrapavani@example.org,Pune,Maharashtra,48,Female,2023-05-22,Silver
C02954,Rachit,Dani,maxmenon@example.org,Pune,Maharashtra,42,Female,2024-04-25,Bronze
C02955,Siya,Sangha,tsom@example.com,Chennai,Tamil Nadu,29,Other,2024-03-26,Silver
C02956,Krish,Mutti,ramakrishnanayaan@example.org,Pune,Maharashtra,35,Female,2026-03-11,Silver
C02957,Farhan,Goel,harish15@example.net,Pune,Maharashtra,19,Female,2025-01-17,Platinum
C02958,Zayan,Walla,abhasin@example.net,Pune,Maharashtra,46,Male,2022-09-05,Platinum
C02959,Alexander,Chokshi,zvarty@example.com,Pune,Maharashtra,45,Female,2023-05-22,Silver
C02960,Warda,Datta,fariqghose@example.net,Hyderabad,Telangana,21,Female,2022-07-14,Bronze
C02961,Ishita,Sawhney,mahajansanaya@example.org,Mumbai,Maharashtra,52,Female,2023-11-24,Silver
C02962,Nilima,Lall,pavaniborra@example.org,Mumbai,Maharashtra,52,Female,2023-06-16,Silver
C02963,Indrajit,Gala,janizayan@example.org,Mumbai,Maharashtra,55,Female,2025-07-27,Bronze
C02964,Varenya,Oommen,qushipal@example.net,Mumbai,Maharashtra,27,Male,2024-11-27,Silver
C02965,Libni,Walia,shenoyinaya@example.net,Bengaluru,Karnataka,44,Female,2023-07-04,Bronze
C02966,Om,Pillay,yoshita24@example.org,Bengaluru,Karnataka,39,Male,2025-10-10,Silver
C02967,Jatin,Kaul,zehaan54@example.org,Bengaluru,Karnataka,28,Male,2023-07-10,Bronze
C02968,Azad,Sanghvi,dalaja54@example.net,Ahmedabad,Gujarat,27,Female,2023-01-15,Silver
C02969,Unni,Nigam,ronithbose@example.org,Chennai,Tamil Nadu,54,Female,2025-08-26,Gold
C02970,Logan,Hari,saramangal@example.net,Pune,Maharashtra,43,Female,2022-08-29,Bronze
C02971,Vyanjana,Chad,xsarma@example.com,Pune,Maharashtra,52,Female,2023-09-26,Bronze
C02972,Samuel,Kibe,ojas72@example.org,Pune,Maharashtra,60,Male,2023-06-17,Silver
C02973,Rehaan,Yohannan,egara@example.com,New Delhi,Delhi,49,Female,2024-09-01,Silver
C02974,Irya,Arora,bhavsarlila@example.org,Hyderabad,Telangana,43,Female,2023-06-21,Gold
C02975,Benjamin,Kumer,robert06@example.net,Pune,Maharashtra,44,Female,2024-07-29,Platinum
C02976,Victor,Nair,amarakarnik@example.com,Pune,Maharashtra,47,Female,2022-12-08,Silver
C02977,Victor,Mody,banikhemang@example.net,Hyderabad,Telangana,18,Male,2022-07-13,Platinum
C02978,Ekapad,Randhawa,gsom@example.com,Hyderabad,Telangana,27,Male,2023-10-08,Silver
C02979,Yoshita,Bhavsar,lpai@example.com,Mumbai,Maharashtra,37,Male,2024-04-08,Silver
C02980,Aachal,Kumar,advika46@example.org,Pune,Maharashtra,19,Female,2025-06-22,Bronze
C02981,Shivansh,Warrior,dominic79@example.net,Pune,Maharashtra,22,Female,2022-09-24,Bronze
C02982,Teerth,Seshadri,auroraekani@example.org,Pune,Maharashtra,60,Female,2024-07-16,Silver
C02983,Jatin,Din,gthakkar@example.net,Mumbai,Maharashtra,41,Female,2024-05-15,Bronze
C02984,Aadhya,Yohannan,lsandal@example.net,Bengaluru,Karnataka,58,Female,2023-11-12,Bronze
C02985,Yoshita,Dubey,mohandivya@example.com,Bengaluru,Karnataka,49,Female,2026-05-15,Bronze
C02986,Kiaan,Srinivas,mahalshivani@example.net,New Delhi,Delhi,52,Male,2024-05-24,Bronze
C02987,Laksh,Kulkarni,ckaul@example.org,Bengaluru,Karnataka,49,Other,2024-07-30,Bronze
C02988,Lakshmi,Krishnan,amritadeo@example.org,Kolkata,West Bengal,48,Female,2026-01-22,Bronze
C02989,Upkaar,Sengupta,warinderkhanna@example.net,Pune,Maharashtra,58,Male,2022-07-14,Bronze
C02990,Harshil,Dora,tataayushman@example.com,New Delhi,Delhi,56,Other,2025-03-11,Bronze
C02991,Naksh,Kade,zansivarma@example.org,Mumbai,Maharashtra,46,Female,2022-08-07,Bronze
C02992,Simon,Ganesh,jairajbasu@example.org,Pune,Maharashtra,55,Male,2025-10-29,Silver
C02993,Alexander,Goyal,parthagate@example.org,Kolkata,West Bengal,22,Female,2024-01-20,Bronze
C02994,Dev,Vig,bshenoy@example.com,New Delhi,Delhi,52,Female,2024-05-15,Bronze
C02995,Ishwar,Bath,trivedivasana@example.net,Bengaluru,Karnataka,51,Female,2022-08-19,Gold
C02996,Libni,Dara,chackochakrika@example.org,Mumbai,Maharashtra,20,Female,2025-08-19,Bronze
C02997,Kashish,Rajagopal,manidavid@example.net,Pune,Maharashtra,22,Female,2025-09-04,Bronze
C02998,Wahab,Mann,yagnesh19@example.net,Pune,Maharashtra,29,Male,2022-11-17,Bronze
C02999,Champak,Subramanian,oviya82@example.org,Pune,Maharashtra,55,Male,2024-08-21,Bronze
C03000,Divya,More,rmutti@example.org,Mumbai,Maharashtra,25,Female,2022-08-13,Bronze
C03001,Bakhshi,Aggarwal,anayshankar@example.com,New Delhi,Delhi,54,Female,2023-02-25,Bronze
C03002,Qabil,Aggarwal,arya59@example.com,Hyderabad,Telangana,19,Female,2024-02-19,Gold
C03003,Raksha,Borde,anmol06@example.com,Mumbai,Maharashtra,24,Female,2023-07-01,Bronze
C03004,Madhavi,Sami,george10@example.net,Mumbai,Maharashtra,45,Female,2022-08-11,Bronze
C03005,Maya,Prabhakar,gabriel13@example.com,Chennai,Tamil Nadu,40,Female,2022-10-26,Silver
C03006,Aarav,Sekhon,harish69@example.net,Pune,Maharashtra,25,Female,2025-10-10,Bronze
C03007,Amruta,Singh,virkalexander@example.com,Pune,Maharashtra,46,Female,2025-06-11,Silver
C03008,Robert,Sani,sjain@example.net,Bengaluru,Karnataka,22,Other,2023-11-13,Silver
C03009,Lohit,Purohit,ydutta@example.net,Bengaluru,Karnataka,53,Female,2025-11-23,Bronze
C03010,Tripti,Aurora,rachitavenkatesh@example.net,Mumbai,Maharashtra,43,Female,2022-08-12,Bronze
C03011,Jagat,Sodhi,xbora@example.org,Hyderabad,Telangana,51,Female,2025-11-30,Silver
C03012,Kamala,Sanghvi,jananisetty@example.org,Pune,Maharashtra,38,Male,2025-10-11,Gold
C03013,Suhani,Purohit,khalsajonathan@example.org,Hyderabad,Telangana,60,Female,2025-06-27,Bronze
C03014,Gagan,Deo,dparmer@example.net,Pune,Maharashtra,53,Female,2024-05-15,Silver
C03015,Rachit,Rai,mittalfarhan@example.net,Hyderabad,Telangana,60,Female,2025-09-22,Silver
C03016,Abdul,Pillay,elijahshenoy@example.com,Chennai,Tamil Nadu,48,Female,2026-03-01,Platinum
C03017,Gautami,Uppal,jacob77@example.com,Bengaluru,Karnataka,58,Male,2025-02-28,Gold
C03018,Bina,Chana,vinayaminhas@example.com,Mumbai,Maharashtra,34,Female,2025-04-13,Silver
C03019,Qasim,Borde,dhillonavni@example.org,Pune,Maharashtra,43,Female,2024-09-30,Silver
C03020,Neha,Devi,llata@example.org,Kolkata,West Bengal,46,Female,2024-05-09,Gold
C03021,Lohit,Sood,yauvani91@example.com,New Delhi,Delhi,48,Female,2025-10-31,Silver
C03022,Chatresh,Lalla,amaira21@example.net,Chennai,Tamil Nadu,58,Female,2022-12-03,Silver
C03023,Hiral,Memon,vedika05@example.com,Mumbai,Maharashtra,45,Female,2026-02-15,Bronze
C03024,Yashasvi,Date,dhaliwaljonathan@example.com,Bengaluru,Karnataka,27,Male,2022-08-06,Bronze
C03025,Watika,Acharya,bawadev@example.net,Mumbai,Maharashtra,47,Female,2024-12-20,Platinum
C03026,Mohini,Kanda,nimrat40@example.com,Mumbai,Maharashtra,56,Female,2023-07-18,Bronze
C03027,Onveer,Kakar,aryasinghal@example.org,Kolkata,West Bengal,49,Female,2023-09-05,Gold
C03028,Yahvi,Gaba,ati00@example.org,New Delhi,Delhi,53,Male,2022-08-25,Silver
C03029,Vedika,Venkatesh,naveenlala@example.net,New Delhi,Delhi,26,Female,2023-04-30,Bronze
C03030,Sneha,Khosla,deshpandeoni@example.org,Bengaluru,Karnataka,52,Female,2024-08-16,Silver
C03031,Lopa,Prakash,subramaniamdominic@example.org,Mumbai,Maharashtra,35,Male,2025-01-15,Silver
C03032,Indali,Bhargava,daliakamya@example.org,Pune,Maharashtra,33,Female,2024-09-23,Bronze
C03033,Pranav,Sheth,chadhadivya@example.org,Mumbai,Maharashtra,51,Female,2024-08-31,Bronze
C03034,Prisha,Buch,patilutkarsh@example.com,Bengaluru,Karnataka,60,Female,2022-10-16,Silver
C03035,Chatresh,Deshpande,calebbali@example.com,Hyderabad,Telangana,36,Female,2022-09-08,Silver
C03036,Ekavir,Sani,alexander07@example.com,New Delhi,Delhi,38,Female,2023-06-12,Bronze
C03037,Gabriel,Thaman,falak43@example.net,Bengaluru,Karnataka,36,Female,2025-11-20,Bronze
C03038,Lohit,Vig,lsachdev@example.net,Hyderabad,Telangana,29,Male,2024-08-27,Gold
C03039,Tanay,Sachar,karan94@example.com,Mumbai,Maharashtra,48,Female,2024-05-07,Gold
C03040,Urmi,D’Alia,nchakrabarti@example.net,Bengaluru,Karnataka,27,Female,2024-08-18,Bronze
C03041,Yutika,Dhaliwal,zjain@example.com,Pune,Maharashtra,53,Other,2024-06-07,Bronze
C03042,Fitan,Kala,banikaarna@example.com,Pune,Maharashtra,49,Female,2025-02-12,Platinum
C03043,Chakradev,Dube,neha32@example.org,Bengaluru,Karnataka,50,Female,2024-12-28,Bronze
C03044,Upadhriti,Minhas,jagvisarma@example.com,Pune,Maharashtra,58,Other,2024-02-24,Silver
C03045,Wyatt,Nazareth,oshawagle@example.org,Bengaluru,Karnataka,38,Female,2024-05-17,Bronze
C03046,Nidra,Mahajan,vbarad@example.com,Mumbai,Maharashtra,20,Male,2026-03-29,Bronze
C03047,Sara,Hari,zayanmistry@example.net,Bengaluru,Karnataka,26,Male,2025-01-15,Gold
C03048,Yahvi,Hayer,peter53@example.com,New Delhi,Delhi,20,Male,2025-05-25,Silver
C03049,Chanchal,Ravi,champaknarayanan@example.com,Pune,Maharashtra,57,Female,2024-08-26,Bronze
C03050,Chatresh,Sehgal,tmalhotra@example.org,Pune,Maharashtra,57,Female,2025-04-23,Silver
C03051,Maya,Parsa,wnayak@example.org,Ahmedabad,Gujarat,33,Female,2024-07-24,Silver
C03052,Januja,Ranganathan,sameshgoswami@example.net,Mumbai,Maharashtra,28,Male,2025-04-24,Gold
C03053,Aditya,Bandi,ekta10@example.com,Pune,Maharashtra,19,Male,2023-02-02,Bronze
C03054,Dayamai,Bala,kaurharish@example.org,New Delhi,Delhi,49,Female,2025-01-12,Bronze
C03055,Harish,Shere,mchandran@example.net,Mumbai,Maharashtra,47,Female,2025-03-10,Gold
C03056,Anirudh,Dhar,chakrika76@example.org,Ahmedabad,Gujarat,24,Female,2024-12-23,Silver
C03057,Peter,Ganguly,ravikamala@example.org,Mumbai,Maharashtra,42,Female,2023-03-08,Bronze
C03058,Divya,Loyal,goelaadi@example.org,Chennai,Tamil Nadu,46,Female,2024-04-03,Silver
C03059,Krishna,Gopal,ymurthy@example.net,Mumbai,Maharashtra,42,Female,2023-02-05,Silver
C03060,Ishanvi,Bhargava,dugaromisha@example.net,Pune,Maharashtra,49,Female,2022-10-09,Gold
C03061,Chandresh,Brar,indrajit53@example.net,Mumbai,Maharashtra,49,Female,2026-06-06,Bronze
C03062,Qadim,Palan,ria95@example.org,Mumbai,Maharashtra,41,Female,2025-05-24,Bronze
C03063,Raksha,Mandal,tailorharish@example.com,Chennai,Tamil Nadu,42,Female,2022-09-18,Bronze
C03064,Rayaan,Dayal,wbawa@example.net,Pune,Maharashtra,43,Female,2024-07-25,Silver
C03065,Jasmit,Bala,dominicbava@example.org,Ahmedabad,Gujarat,56,Male,2024-06-01,Platinum
C03066,Maya,Mani,dakshaarora@example.org,New Delhi,Delhi,33,Female,2023-05-22,Bronze
C03067,Jagat,Aggarwal,ijaya20@example.org,New Delhi,Delhi,42,Female,2026-06-04,Bronze
C03068,Priya,Bath,devansh18@example.com,Pune,Maharashtra,46,Male,2024-02-06,Bronze
C03069,Girindra,Kant,owen85@example.com,Mumbai,Maharashtra,35,Female,2025-04-06,Platinum
C03070,Yagnesh,Prakash,manan05@example.com,Bengaluru,Karnataka,32,Male,2025-08-07,Silver
C03071,Ekavir,Bandi,reddyvidhi@example.net,Bengaluru,Karnataka,20,Other,2025-06-13,Bronze
C03072,Agastya,Bahl,jsangha@example.org,Hyderabad,Telangana,28,Female,2026-01-15,Silver
C03073,Ethan,Ram,qsood@example.org,Pune,Maharashtra,51,Male,2026-02-06,Bronze
C03074,Wyatt,Srinivas,jeremiah33@example.net,Mumbai,Maharashtra,35,Male,2024-02-07,Bronze
C03075,Bhavya,Mohanty,umang00@example.com,Mumbai,Maharashtra,51,Female,2025-08-11,Gold
C03076,Vritti,Shanker,vdugar@example.com,Bengaluru,Karnataka,59,Male,2023-05-03,Gold
C03077,Abhiram,Kamdar,ijayaapte@example.org,Chennai,Tamil Nadu,36,Female,2025-07-23,Gold
C03078,Wakeeta,Kala,qmunshi@example.org,Ahmedabad,Gujarat,19,Male,2025-03-22,Bronze
C03079,Mahika,Gour,hitesh78@example.com,New Delhi,Delhi,24,Female,2026-03-03,Silver
C03080,Qarin,Bhat,masonkanda@example.org,Bengaluru,Karnataka,53,Male,2023-12-14,Silver
C03081,Darika,Narayanan,boasealexander@example.net,Pune,Maharashtra,33,Male,2025-07-01,Bronze
C03082,Azad,Baral,wbatra@example.org,Pune,Maharashtra,50,Male,2025-01-07,Silver
C03083,Abdul,Zachariah,quppal@example.org,Ahmedabad,Gujarat,26,Female,2024-05-03,Bronze
C03084,Akshay,Doshi,chakrabartileena@example.com,Chennai,Tamil Nadu,56,Male,2025-03-10,Silver
C03085,Sachi,Kannan,abeermanda@example.net,Mumbai,Maharashtra,47,Female,2025-03-02,Bronze
C03086,Gaurika,Shan,shravya59@example.org,Pune,Maharashtra,56,Male,2022-12-16,Bronze
C03087,Gagan,Garg,kmuni@example.com,Mumbai,Maharashtra,36,Female,2026-07-17,Silver
C03088,Chakradhar,Kashyap,onigola@example.org,New Delhi,Delhi,53,Female,2024-05-01,Bronze
C03089,Lohit,Shankar,irya82@example.org,Bengaluru,Karnataka,51,Female,2022-12-01,Silver
C03090,Aadhya,Shere,sbakshi@example.net,New Delhi,Delhi,34,Female,2024-04-10,Bronze
C03091,Jonathan,Agarwal,fcontractor@example.com,Bengaluru,Karnataka,26,Male,2023-09-29,Bronze
C03092,Neel,Kara,gollaranbir@example.com,Bengaluru,Karnataka,37,Female,2024-06-26,Gold
C03093,Om,Chaudhary,ekanshpandit@example.net,Mumbai,Maharashtra,41,Female,2024-11-12,Bronze
C03094,Jeet,Vig,ragrawal@example.com,Hyderabad,Telangana,45,Male,2025-05-03,Silver
C03095,Girindra,Saraf,choudhuryyahvi@example.com,Mumbai,Maharashtra,26,Female,2023-03-27,Bronze
C03096,Siddharth,Wason,gaurangi88@example.org,Pune,Maharashtra,32,Male,2026-06-15,Bronze
C03097,Dhriti,Sheth,tganesh@example.net,Mumbai,Maharashtra,47,Female,2022-07-20,Bronze
C03098,Girindra,Raj,bediharinakshi@example.org,Pune,Maharashtra,33,Male,2026-04-04,Gold
C03099,Varenya,Warrior,ekalingaprashad@example.net,Ahmedabad,Gujarat,41,Female,2024-11-20,Bronze
C03100,Mohammed,Trivedi,zgera@example.net,Mumbai,Maharashtra,45,Female,2022-11-18,Bronze
C03101,Anya,Narula,chatresh18@example.org,Hyderabad,Telangana,48,Female,2023-06-15,Platinum
C03102,Om,Sood,aaravbhagat@example.org,Chennai,Tamil Nadu,40,Female,2026-03-02,Bronze
C03103,Tanay,Menon,veerdeshmukh@example.net,Bengaluru,Karnataka,24,Female,2026-06-26,Silver
C03104,Nachiket,Bhargava,gaurang44@example.com,Mumbai,Maharashtra,50,Female,2026-05-29,Silver
C03105,Arya,Kakar,imaranbhatti@example.com,Pune,Maharashtra,39,Male,2024-04-13,Bronze
C03106,Jagvi,Hayre,dateagastya@example.org,Bengaluru,Karnataka,41,Female,2024-12-12,Silver
C03107,Balendra,Johal,malhotramanthan@example.org,Pune,Maharashtra,49,Female,2024-02-02,Silver
C03108,Karan,De,wtank@example.org,New Delhi,Delhi,54,Female,2023-06-22,Platinum
C03109,Harshil,Kohli,rishi02@example.net,Pune,Maharashtra,39,Female,2024-06-05,Bronze
C03110,Girik,Sahni,champak64@example.com,New Delhi,Delhi,27,Female,2025-01-17,Gold
C03111,Ronith,Agate,padmanabhanvihaan@example.com,Pune,Maharashtra,35,Female,2024-05-23,Bronze
C03112,Tanmayi,Sharaf,mitali91@example.net,Mumbai,Maharashtra,30,Female,2025-10-19,Bronze
C03113,Udarsh,Deo,bajajneel@example.net,Hyderabad,Telangana,45,Female,2025-09-11,Bronze
C03114,Gaurav,Sagar,singhchanchal@example.com,Ahmedabad,Gujarat,22,Female,2026-07-17,Bronze
C03115,Banjeet,Dutt,jagdishbalakrishnan@example.com,New Delhi,Delhi,32,Female,2026-03-05,Platinum
C03116,Yug,Majumdar,rammanya@example.org,Ahmedabad,Gujarat,25,Female,2023-10-12,Bronze
C03117,Matthew,Bumb,jagatsaini@example.com,Ahmedabad,Gujarat,41,Male,2023-02-01,Platinum
C03118,Akshay,Thaker,perinidra@example.net,Mumbai,Maharashtra,53,Male,2023-06-01,Gold
C03119,Jyoti,Sahni,wsharma@example.org,Mumbai,Maharashtra,38,Female,2022-10-26,Silver
C03120,Leela,Kaur,fdua@example.net,Chennai,Tamil Nadu,51,Female,2023-03-29,Gold
C03121,Yauvani,Ramesh,janaki04@example.net,Hyderabad,Telangana,32,Male,2025-03-03,Bronze
C03122,Bhavini,Kumar,balhaar76@example.com,Mumbai,Maharashtra,37,Female,2023-09-10,Silver
C03123,Ronith,Mohan,umangsaha@example.com,Mumbai,Maharashtra,37,Male,2023-03-25,Bronze
C03124,Abhiram,Mittal,dganesh@example.org,Hyderabad,Telangana,32,Male,2023-06-08,Bronze
C03125,Kai,Ganguly,bdesai@example.org,Kolkata,West Bengal,27,Male,2023-12-11,Silver
C03126,Gaurang,Merchant,aadhyakalita@example.com,Bengaluru,Karnataka,43,Female,2024-03-25,Bronze
C03127,Laksh,Oza,amaira21@example.net,Pune,Maharashtra,57,Female,2025-08-20,Gold
C03128,Yutika,Varghese,wallawaida@example.net,Pune,Maharashtra,21,Female,2024-10-14,Gold
C03129,Guneet,Reddy,wriddhishmukhopadhyay@example.net,Pune,Maharashtra,19,Female,2023-11-22,Bronze
C03130,Frado,Rai,thomas38@example.com,Mumbai,Maharashtra,49,Male,2023-10-26,Bronze
C03131,Wriddhish,Desai,triveni25@example.net,Pune,Maharashtra,33,Female,2024-02-19,Silver
C03132,Dakshesh,Patla,umangkorpal@example.com,Pune,Maharashtra,56,Female,2025-08-26,Bronze
C03133,Samaksh,Banerjee,farasbrar@example.net,Pune,Maharashtra,23,Male,2026-01-31,Bronze
C03134,Jasmit,Wadhwa,bravi@example.com,Bengaluru,Karnataka,23,Male,2023-10-14,Silver
C03135,Amara,Pingle,sramakrishnan@example.net,New Delhi,Delhi,21,Female,2025-09-10,Bronze
C03136,Amruta,Tata,sudiksha69@example.net,Pune,Maharashtra,40,Female,2024-06-27,Bronze
C03137,Amrita,Nayak,jalsakhatri@example.com,Pune,Maharashtra,39,Female,2024-10-22,Platinum
C03138,Kamala,Sodhi,maya69@example.net,Pune,Maharashtra,57,Female,2026-04-29,Gold
C03139,Lavanya,Bhatt,rjoshi@example.org,Hyderabad,Telangana,49,Female,2024-05-09,Silver
C03140,Farhan,Goel,bhavika50@example.net,Bengaluru,Karnataka,22,Male,2023-08-06,Bronze
C03141,Abhiram,Natarajan,yashoda15@example.org,Pune,Maharashtra,34,Female,2023-02-23,Silver
C03142,Mohini,Dhar,kamya96@example.com,Bengaluru,Karnataka,56,Female,2023-10-06,Bronze
C03143,Chasmum,Sekhon,isaiahkhatri@example.org,Mumbai,Maharashtra,60,Female,2024-08-24,Bronze
C03144,Sudiksha,Majumdar,wriddhishpillai@example.net,Bengaluru,Karnataka,37,Female,2023-09-10,Silver
C03145,Jagat,Lata,lekhadas@example.com,Mumbai,Maharashtra,37,Female,2025-03-24,Bronze
C03146,Charles,Lanka,yugdugar@example.com,Bengaluru,Karnataka,27,Female,2022-08-08,Bronze
C03147,Jackson,Mitra,dayamai30@example.com,Chennai,Tamil Nadu,24,Other,2025-09-19,Bronze
C03148,Nitara,Kannan,gkara@example.net,New Delhi,Delhi,39,Female,2024-12-17,Silver
C03149,Andrew,Balan,tandonishani@example.org,New Delhi,Delhi,44,Female,2024-02-08,Silver
C03150,Lucky,Dara,pillaysanya@example.org,Kolkata,West Bengal,55,Female,2023-06-14,Silver
C03151,Avni,Nadkarni,shauryapatil@example.net,Ahmedabad,Gujarat,20,Female,2022-11-13,Bronze
C03152,Ati,Goda,ztiwari@example.com,Mumbai,Maharashtra,20,Male,2026-04-09,Gold
C03153,Aashi,Loke,hbava@example.com,Mumbai,Maharashtra,47,Female,2023-10-03,Bronze
C03154,Rishi,Gade,wadhwanirja@example.com,New Delhi,Delhi,46,Female,2024-09-24,Bronze
C03155,Manbir,Kapadia,cshere@example.org,Kolkata,West Bengal,60,Female,2024-03-06,Gold
C03156,Qushi,Ratta,niharika33@example.com,Bengaluru,Karnataka,29,Female,2022-08-15,Silver
C03157,Aarush,Choudhury,david05@example.org,Kolkata,West Bengal,23,Female,2024-03-19,Platinum
C03158,Reva,Yadav,bakshijhalak@example.com,Pune,Maharashtra,33,Female,2025-10-04,Bronze
C03159,Zilmil,Bath,bakshimax@example.com,Mumbai,Maharashtra,29,Female,2025-05-30,Silver
C03160,Pranav,Dave,morequincy@example.com,New Delhi,Delhi,39,Male,2022-07-23,Bronze
C03161,Ubika,Hayer,sandalavi@example.net,Pune,Maharashtra,50,Female,2023-11-03,Bronze
C03162,Charvi,Karan,kallamitali@example.net,New Delhi,Delhi,35,Female,2023-09-18,Gold
C03163,Gabriel,Talwar,bakhshiissac@example.org,Noida,Uttar Pradesh,57,Female,2023-02-10,Silver
C03164,Rudra,Radhakrishnan,indali28@example.com,New Delhi,Delhi,47,Male,2026-04-29,Silver
C03165,Patrick,Bala,vedhikakoshy@example.com,Mumbai,Maharashtra,20,Female,2023-12-27,Bronze
C03166,Joshua,Prakash,tanay32@example.org,Bengaluru,Karnataka,48,Male,2026-03-12,Bronze
C03167,Matthew,Savant,ranveervig@example.net,Bengaluru,Karnataka,54,Female,2023-02-18,Bronze
C03168,Owen,Agarwal,januja73@example.com,Bengaluru,Karnataka,34,Female,2024-01-10,Silver
C03169,Umang,Dayal,pallavisane@example.org,Pune,Maharashtra,60,Male,2025-04-05,Bronze
C03170,Yashica,Palla,singhmekhala@example.org,Mumbai,Maharashtra,32,Female,2023-07-28,Platinum
C03171,Chandran,Sharaf,vaidyarachit@example.com,Mumbai,Maharashtra,18,Female,2024-04-26,Platinum
C03172,Widisha,Dara,ryanraj@example.org,Hyderabad,Telangana,52,Male,2025-01-04,Silver
C03173,Hardik,Atwal,jdash@example.com,Mumbai,Maharashtra,58,Male,2023-09-25,Silver
C03174,Harish,Pandya,qadimchakraborty@example.com,New Delhi,Delhi,55,Female,2023-10-05,Silver
C03175,Radhika,Lala,neha73@example.com,Mumbai,Maharashtra,33,Male,2025-11-23,Bronze
C03176,Saanvi,Lala,maanavkadakia@example.org,New Delhi,Delhi,52,Female,2025-07-21,Bronze
C03177,Michael,Dhar,yashodabadal@example.net,Mumbai,Maharashtra,59,Female,2024-09-13,Bronze
C03178,Hitesh,Master,mitesh58@example.net,Pune,Maharashtra,28,Female,2025-02-05,Silver
C03179,Mitesh,Gour,iryaravel@example.org,Mumbai,Maharashtra,31,Male,2024-02-26,Bronze
C03180,Krishna,Goswami,siddharth50@example.com,Hyderabad,Telangana,37,Other,2024-12-04,Silver
C03181,Xavier,Srinivas,ekalingacontractor@example.net,New Delhi,Delhi,27,Male,2026-02-12,Gold
C03182,Christopher,Magar,rswamy@example.org,Pune,Maharashtra,22,Male,2025-03-15,Silver
C03183,Warinder,Ahuja,omurty@example.net,Kolkata,West Bengal,25,Male,2025-07-17,Bronze
C03184,Dalaja,Dara,manthan01@example.org,Bengaluru,Karnataka,47,Female,2023-07-20,Bronze
C03185,Lekha,Ghosh,gbhandari@example.com,Bengaluru,Karnataka,40,Male,2026-01-29,Bronze
C03186,Mohini,Karnik,ypau@example.org,Mumbai,Maharashtra,52,Male,2025-06-26,Silver
C03187,Dipta,Malhotra,xbath@example.com,Ahmedabad,Gujarat,23,Other,2023-01-25,Bronze
C03188,Zayan,Bora,ekalingapillay@example.org,Mumbai,Maharashtra,52,Female,2023-08-14,Platinum
C03189,Priya,Loyal,brahmbhatthema@example.com,Hyderabad,Telangana,19,Female,2024-07-29,Bronze
C03190,Priya,Magar,chandkeya@example.net,Hyderabad,Telangana,50,Male,2025-12-18,Bronze
C03191,Siddharth,Nagi,wtaneja@example.org,Pune,Maharashtra,58,Female,2023-01-24,Silver
C03192,Darpan,Sood,devanandrew@example.com,New Delhi,Delhi,60,Male,2025-04-10,Silver
C03193,Om,Saran,alexanderbobal@example.net,Bengaluru,Karnataka,42,Female,2023-12-24,Bronze
C03194,Watika,Char,gauravdoctor@example.com,Ahmedabad,Gujarat,46,Female,2026-05-05,Silver
C03195,Ethan,Jaggi,qushiraval@example.com,Pune,Maharashtra,41,Female,2022-10-26,Bronze
C03196,Sudiksha,Ravi,virkurvi@example.org,Chennai,Tamil Nadu,47,Female,2024-10-11,Gold
C03197,Ethan,Gala,eswaminathan@example.org,Bengaluru,Karnataka,25,Female,2023-05-26,Bronze
C03198,Fariq,Goyal,raksharamachandran@example.net,Bengaluru,Karnataka,39,Female,2023-06-15,Gold
C03199,Ayaan,Sharma,vaishnavi86@example.com,Hyderabad,Telangana,38,Female,2022-12-20,Silver
C03200,Warjas,Johal,samaksh19@example.org,Mumbai,Maharashtra,24,Female,2026-04-30,Bronze
C03201,Lavanya,Narasimhan,raghav08@example.net,Kolkata,West Bengal,34,Male,2025-10-11,Platinum
C03202,Gaurika,Gopal,jeetdhillon@example.org,Mumbai,Maharashtra,22,Other,2024-03-27,Bronze
C03203,Nathan,Dara,pandeyarjun@example.com,Bengaluru,Karnataka,44,Female,2024-11-11,Platinum
C03204,Vedika,Radhakrishnan,barkha97@example.com,Mumbai,Maharashtra,23,Male,2022-07-22,Gold
C03205,Varsha,Amble,agarwallogan@example.com,Bengaluru,Karnataka,41,Female,2025-12-25,Platinum
C03206,Ucchal,Randhawa,dayamai86@example.com,Hyderabad,Telangana,25,Female,2024-10-05,Bronze
C03207,Nandini,Mishra,tsengupta@example.org,Hyderabad,Telangana,21,Female,2025-03-31,Gold
C03208,Oni,Jaggi,bpalan@example.net,Bengaluru,Karnataka,23,Male,2023-07-06,Silver
C03209,Bahadurjit,Kurian,bachittar06@example.org,Bengaluru,Karnataka,52,Female,2022-09-03,Silver
C03210,Ira,Murty,upmaissac@example.org,Mumbai,Maharashtra,20,Female,2024-04-13,Gold
C03211,Libni,Magar,dgrewal@example.com,Pune,Maharashtra,35,Male,2024-09-04,Bronze
C03212,Farhan,Choudhary,laksh96@example.org,Pune,Maharashtra,18,Female,2023-04-01,Bronze
C03213,Ekani,Jha,prabhakarunnati@example.net,Bengaluru,Karnataka,43,Female,2024-07-09,Bronze
C03214,Abhiram,Gola,inaya12@example.net,Bengaluru,Karnataka,33,Female,2023-05-26,Bronze
C03215,Naveen,Shere,bjhaveri@example.com,New Delhi,Delhi,24,Female,2023-05-10,Bronze
C03216,Wahab,Brar,bimala89@example.net,Pune,Maharashtra,26,Female,2022-07-29,Platinum
C03217,Gautami,Ramaswamy,baghyawati66@example.org,Chennai,Tamil Nadu,33,Other,2023-09-09,Bronze
C03218,Chanchal,Narayanan,brinda34@example.net,Bengaluru,Karnataka,54,Male,2025-01-05,Silver
C03219,Aarini,Bora,jairaj69@example.net,Pune,Maharashtra,33,Female,2023-06-23,Bronze
C03220,Yash,Kibe,anya97@example.com,New Delhi,Delhi,51,Female,2025-06-19,Bronze
C03221,Upkaar,Madan,blalla@example.net,Gurugram,Haryana,55,Female,2024-03-28,Bronze
C03222,Onveer,Dhingra,champaknarasimhan@example.net,Chennai,Tamil Nadu,44,Female,2025-11-05,Silver
C03223,Osha,Dave,kkamdar@example.net,Pune,Maharashtra,43,Female,2025-11-26,Silver
C03224,Anamika,Chaudhry,nakulchawla@example.org,New Delhi,Delhi,29,Male,2023-04-25,Silver
C03225,Sanaya,Dayal,ghoseishwar@example.com,Kolkata,West Bengal,26,Female,2025-02-24,Bronze
C03226,Caleb,Srinivas,charvi85@example.org,Pune,Maharashtra,22,Female,2026-04-14,Bronze
C03227,Bhavini,Sachar,gayathri79@example.org,Pune,Maharashtra,54,Female,2025-11-30,Bronze
C03228,Jeremiah,Barad,advaithbasak@example.com,Pune,Maharashtra,18,Female,2022-08-23,Bronze
C03229,Arunima,Sant,lakshmi12@example.net,Mumbai,Maharashtra,59,Male,2025-09-20,Gold
C03230,Udant,Bhagat,dhaliwalishani@example.org,Mumbai,Maharashtra,42,Female,2024-03-29,Silver
C03231,Laban,Contractor,triyanath@example.com,Mumbai,Maharashtra,58,Female,2025-06-01,Bronze
C03232,Ishani,Wadhwa,vgupta@example.net,Pune,Maharashtra,60,Female,2022-10-24,Bronze
C03233,Geetika,Sinha,sanifarhan@example.net,Mumbai,Maharashtra,34,Female,2026-04-09,Bronze
C03234,Tejas,Biswas,jalsa84@example.org,Pune,Maharashtra,47,Female,2026-03-18,Bronze
C03235,Aashi,Narang,orama@example.org,Pune,Maharashtra,27,Female,2024-12-07,Bronze
C03236,Elijah,Kapoor,chanakya34@example.org,Hyderabad,Telangana,51,Female,2023-11-22,Bronze
C03237,Rayaan,Reddy,krishnabandi@example.org,Mumbai,Maharashtra,46,Female,2025-04-15,Gold
C03238,Robert,Mukherjee,lmaster@example.com,Chennai,Tamil Nadu,35,Female,2024-05-10,Bronze
C03239,Niharika,Johal,bahlcharvi@example.org,Ahmedabad,Gujarat,33,Female,2026-06-13,Bronze
C03240,Shravya,Sagar,bzachariah@example.org,Gurugram,Haryana,50,Female,2023-06-15,Bronze
C03241,Dipta,Dhaliwal,lakshmi90@example.org,Mumbai,Maharashtra,51,Female,2024-06-19,Bronze
C03242,Gaurav,Sur,emangal@example.com,Chennai,Tamil Nadu,37,Male,2023-08-26,Bronze
C03243,Adya,Guha,mittalsarthak@example.com,Bengaluru,Karnataka,33,Male,2025-12-11,Bronze
C03244,Dalbir,Dubey,jeevikabatta@example.org,Pune,Maharashtra,53,Male,2022-10-19,Silver
C03245,Neel,Mand,vraman@example.org,Ahmedabad,Gujarat,58,Female,2025-07-09,Silver
C03246,Saumya,Nayar,rushiliyer@example.org,Pune,Maharashtra,38,Male,2026-06-08,Silver
C03247,Zinal,Dua,adityadeshpande@example.org,Mumbai,Maharashtra,18,Female,2024-08-19,Bronze
C03248,Krish,Narayanan,nchokshi@example.org,New Delhi,Delhi,34,Female,2024-02-29,Bronze
C03249,Advaith,Karpe,kandarudra@example.com,Pune,Maharashtra,60,Male,2024-04-16,Silver
C03250,Nilima,Sidhu,ubir@example.net,Bengaluru,Karnataka,42,Female,2026-01-03,Bronze
C03251,Jason,Sangha,apatla@example.com,Pune,Maharashtra,39,Female,2026-04-16,Silver
C03252,Prisha,Dhar,wpalan@example.com,Bengaluru,Karnataka,32,Female,2023-10-13,Silver
C03253,Zaid,Bhandari,arunimaprabhakar@example.org,New Delhi,Delhi,54,Male,2025-12-19,Bronze
C03254,Daksh,Brar,vihaankuruvilla@example.com,Chennai,Tamil Nadu,47,Female,2025-05-25,Platinum
C03255,Onkar,Keer,kalitaanika@example.net,Pune,Maharashtra,53,Female,2022-09-23,Bronze
C03256,Karan,Batra,chamanshanker@example.org,New Delhi,Delhi,41,Female,2025-04-27,Bronze
C03257,Amol,Chand,kgaba@example.net,Ahmedabad,Gujarat,25,Other,2024-04-02,Silver
C03258,Kevin,Master,prakashdalbir@example.com,Chennai,Tamil Nadu,23,Female,2025-05-16,Bronze
C03259,Odika,Lad,echaudry@example.net,Pune,Maharashtra,56,Female,2025-02-21,Silver
C03260,Warhi,Nagi,odika19@example.net,Hyderabad,Telangana,48,Female,2026-04-19,Silver
C03261,Qadim,Lalla,rajujagvi@example.net,New Delhi,Delhi,18,Male,2022-08-23,Bronze
C03262,Utkarsh,Yadav,ydube@example.net,Noida,Uttar Pradesh,39,Female,2024-03-27,Silver
C03263,Upasna,Divan,yashasvi12@example.org,Pune,Maharashtra,35,Female,2023-04-27,Silver
C03264,Edhitha,Baria,lekha68@example.com,Kolkata,West Bengal,53,Female,2024-01-04,Bronze
C03265,Aachal,Tripathi,yugsunder@example.org,Pune,Maharashtra,54,Female,2023-01-11,Bronze
C03266,Raghav,Seth,grewalharish@example.org,Pune,Maharashtra,32,Male,2025-08-31,Silver
C03267,Frado,Chadha,dartanvi@example.net,Pune,Maharashtra,30,Female,2025-05-16,Bronze
C03268,Benjamin,Keer,ojasvi90@example.net,New Delhi,Delhi,57,Female,2025-04-12,Bronze
C03269,Ethan,Sha,sundarambishakha@example.net,Ahmedabad,Gujarat,41,Female,2025-05-26,Gold
C03270,Balendra,Kar,indirachawla@example.net,Mumbai,Maharashtra,45,Female,2022-09-11,Bronze
C03271,Zayan,Pant,eeshachoudhary@example.com,Ahmedabad,Gujarat,42,Female,2023-11-21,Bronze
C03272,Harsh,Gera,luckytailor@example.com,Bengaluru,Karnataka,44,Female,2022-09-16,Silver
C03273,Aachal,Krish,suhanigopal@example.org,Pune,Maharashtra,44,Female,2025-09-07,Bronze
C03274,Ansh,Patel,mason21@example.com,Hyderabad,Telangana,51,Female,2025-01-19,Gold
C03275,Patrick,Puri,abha96@example.org,Bengaluru,Karnataka,55,Other,2023-03-25,Gold
C03276,Robert,Agarwal,samakshmann@example.com,Pune,Maharashtra,52,Female,2023-03-19,Bronze
C03277,Chasmum,Savant,modyyadavi@example.net,Mumbai,Maharashtra,57,Male,2025-07-31,Bronze
C03278,Xalak,Trivedi,advik47@example.org,Mumbai,Maharashtra,31,Male,2023-02-23,Silver
C03279,Ojas,Anne,krishna85@example.org,Chennai,Tamil Nadu,43,Female,2025-06-12,Silver
C03280,Dhriti,Gupta,qtaneja@example.net,Bengaluru,Karnataka,55,Female,2026-01-13,Silver
C03281,Qabil,Ranganathan,kkadakia@example.net,Ahmedabad,Gujarat,52,Male,2025-04-04,Bronze
C03282,Edhitha,Sachdeva,amritagoyal@example.com,Bengaluru,Karnataka,55,Female,2022-11-26,Gold
C03283,Widisha,Som,onkar25@example.net,Pune,Maharashtra,52,Male,2025-07-15,Silver
C03284,Mitesh,Badal,zbuch@example.com,Pune,Maharashtra,50,Male,2026-04-06,Silver
C03285,Fiyaz,Dhar,ayaanpillay@example.net,Pune,Maharashtra,53,Female,2023-07-11,Silver
C03286,Nakul,Dora,jackson15@example.com,Pune,Maharashtra,39,Female,2025-01-30,Gold
C03287,Tejas,Basak,eeshamutti@example.net,Pune,Maharashtra,31,Female,2023-10-18,Silver
C03288,Neelima,Kaul,dkonda@example.net,New Delhi,Delhi,51,Female,2026-01-16,Bronze
C03289,Mitesh,Rege,chamangole@example.org,Mumbai,Maharashtra,52,Female,2022-12-28,Silver
C03290,Raagini,Purohit,nayakaashi@example.net,Bengaluru,Karnataka,35,Other,2022-09-22,Bronze
C03291,Yoshita,Bala,gunbir33@example.net,Pune,Maharashtra,19,Male,2026-06-25,Silver
C03292,Hredhaan,Kapoor,bassianjali@example.net,Chennai,Tamil Nadu,23,Female,2026-05-17,Silver
C03293,Udarsh,Dugar,chackopeter@example.org,Hyderabad,Telangana,23,Female,2023-04-06,Bronze
C03294,Girindra,Ghose,pradhanchaman@example.net,Kolkata,West Bengal,46,Male,2025-12-29,Silver
C03295,Isaiah,Pradhan,radhikasahni@example.net,Mumbai,Maharashtra,56,Female,2023-01-04,Bronze
C03296,Xalak,Ratti,abhiram19@example.org,Mumbai,Maharashtra,25,Male,2024-06-02,Silver
C03297,Eta,Lala,ramachandrandayamai@example.com,Mumbai,Maharashtra,34,Female,2024-11-27,Silver
C03298,Kiaan,Acharya,ramapeter@example.net,Pune,Maharashtra,54,Female,2022-10-19,Bronze
C03299,Yadavi,Tank,evohra@example.org,Bengaluru,Karnataka,27,Female,2026-02-12,Silver
C03300,Dipta,Verma,lipika64@example.com,Bengaluru,Karnataka,38,Female,2026-04-23,Bronze
C03301,Deepa,Dani,ndayal@example.com,Mumbai,Maharashtra,20,Female,2026-05-26,Bronze
C03302,Pranit,Choudhury,rajatadhillon@example.org,Mumbai,Maharashtra,42,Female,2025-03-02,Bronze
C03303,Falan,Hans,anaymody@example.net,Mumbai,Maharashtra,35,Female,2023-08-27,Bronze
C03304,Devansh,Bath,nihal94@example.net,Bengaluru,Karnataka,44,Female,2025-03-23,Bronze
C03305,Teerth,Chowdhury,vedika89@example.net,Pune,Maharashtra,41,Female,2024-09-28,Bronze
C03306,Isaac,Chana,jsekhon@example.com,Hyderabad,Telangana,42,Male,2023-04-24,Silver
C03307,Arunima,Vyas,dyalyoshita@example.net,Pune,Maharashtra,21,Female,2023-11-29,Bronze
C03308,Rushil,Choudhry,bhandaritheodore@example.com,Bengaluru,Karnataka,53,Female,2023-02-07,Bronze
C03309,Pahal,Rout,gangulyaarnav@example.org,Noida,Uttar Pradesh,58,Male,2023-01-17,Gold
C03310,Abdul,Pall,neelzacharia@example.com,Bengaluru,Karnataka,22,Female,2025-11-03,Gold
C03311,Rishi,Randhawa,gopalaggarwal@example.com,Ahmedabad,Gujarat,34,Male,2024-05-07,Bronze
C03312,Chakradhar,Narain,anamikakonda@example.net,Bengaluru,Karnataka,18,Female,2023-07-31,Silver
C03313,Wahab,Agarwal,neel69@example.org,Kolkata,West Bengal,29,Female,2022-12-08,Bronze
C03314,David,Bhasin,irao@example.net,Chennai,Tamil Nadu,51,Female,2025-02-24,Silver
C03315,Rachana,Gade,psarin@example.org,Pune,Maharashtra,22,Female,2022-11-30,Bronze
C03316,Peter,Jhaveri,njani@example.com,New Delhi,Delhi,43,Female,2025-10-02,Bronze
C03317,Nikita,Chacko,ishaan86@example.org,Pune,Maharashtra,59,Female,2023-05-05,Silver
C03318,Mitali,Sha,kotaradha@example.net,Mumbai,Maharashtra,19,Female,2025-08-28,Bronze
C03319,Dalaja,Chopra,borderanveer@example.org,New Delhi,Delhi,51,Female,2024-06-24,Bronze
C03320,Yashasvi,Dugar,upkaardua@example.org,Kolkata,West Bengal,23,Female,2025-02-18,Bronze
C03321,Yashoda,Kapur,rachit79@example.net,Mumbai,Maharashtra,42,Female,2023-01-02,Gold
C03322,Dev,Wadhwa,tnanda@example.net,Mumbai,Maharashtra,20,Female,2024-11-30,Silver
C03323,Anmol,Ravi,ytailor@example.org,New Delhi,Delhi,39,Female,2024-06-23,Bronze
C03324,Caleb,Sami,oliver08@example.net,Pune,Maharashtra,60,Female,2026-06-01,Bronze
C03325,Harish,Lata,falandatta@example.com,Mumbai,Maharashtra,36,Female,2024-12-22,Platinum
C03326,Sai,Rout,sharmayahvi@example.net,Bengaluru,Karnataka,32,Male,2026-06-02,Bronze
C03327,Indrajit,Pandey,pwalla@example.org,Bengaluru,Karnataka,51,Female,2023-09-27,Platinum
C03328,Chandani,Palla,vgokhale@example.net,Mumbai,Maharashtra,47,Female,2025-10-17,Silver
C03329,Anay,Dora,xpuri@example.net,New Delhi,Delhi,20,Female,2024-08-21,Silver
C03330,Mohini,Walla,ngarde@example.com,Noida,Uttar Pradesh,33,Female,2024-11-29,Bronze
C03331,Girindra,Devi,sara34@example.net,Kolkata,West Bengal,30,Male,2024-07-21,Bronze
C03332,Yashica,Gaba,eshana39@example.com,Mumbai,Maharashtra,25,Female,2022-07-28,Bronze
C03333,Radhika,Andra,imisra@example.net,Pune,Maharashtra,23,Female,2025-12-21,Silver
C03334,Arin,Saxena,vaishnavi29@example.com,Bengaluru,Karnataka,52,Female,2025-11-07,Platinum
C03335,Pallavi,Modi,sarmameghana@example.com,Pune,Maharashtra,58,Female,2026-01-12,Bronze
C03336,Anthony,Aggarwal,rmohanty@example.net,Pune,Maharashtra,38,Other,2022-12-08,Bronze
C03337,Widisha,Kumer,bhavani64@example.org,Mumbai,Maharashtra,22,Male,2026-05-08,Gold
C03338,Yashodhara,Hari,isaiah67@example.org,Bengaluru,Karnataka,49,Male,2023-09-18,Bronze
C03339,Bhavya,Shanker,samuel69@example.net,Mumbai,Maharashtra,50,Male,2023-12-16,Silver
C03340,Hredhaan,Rai,ayaan44@example.com,New Delhi,Delhi,18,Female,2023-08-09,Bronze
C03341,Advaith,Ganesan,uanne@example.org,Hyderabad,Telangana,55,Female,2026-05-19,Silver
C03342,Jagat,Balay,mohinidewan@example.com,Pune,Maharashtra,56,Female,2025-10-30,Bronze
C03343,Balveer,Ranganathan,jmann@example.net,New Delhi,Delhi,48,Female,2024-09-03,Bronze
C03344,Darsh,Badami,anikawarrior@example.com,New Delhi,Delhi,25,Male,2023-03-16,Gold
C03345,Jagrati,Venkatesh,kantaadi@example.net,Ahmedabad,Gujarat,31,Female,2023-01-24,Silver
C03346,Ranveer,Barman,vasudha48@example.net,Mumbai,Maharashtra,22,Female,2026-03-22,Bronze
C03347,Warjas,Som,hitesh85@example.com,Pune,Maharashtra,58,Male,2023-08-06,Bronze
C03348,Warjas,Atwal,sanyaprabhakar@example.org,Bengaluru,Karnataka,32,Female,2025-04-12,Bronze
C03349,Champak,Acharya,chakradharpai@example.net,Chennai,Tamil Nadu,26,Male,2023-04-04,Bronze
C03350,Madhavi,Rau,parekhsamar@example.org,Pune,Maharashtra,31,Female,2025-08-30,Silver
C03351,Ishita,Ram,gunbir84@example.net,Pune,Maharashtra,35,Female,2024-01-06,Bronze
C03352,Rehaan,Sarma,rachana79@example.org,Pune,Maharashtra,36,Female,2026-05-05,Silver
C03353,Yadavi,Srinivasan,daniurmi@example.org,Kolkata,West Bengal,41,Female,2026-04-22,Silver
C03354,Oeshi,Banerjee,chowdhurysamar@example.com,Mumbai,Maharashtra,43,Female,2023-10-14,Platinum
C03355,Kashish,Das,kashyapanika@example.com,New Delhi,Delhi,24,Female,2023-08-20,Bronze
C03356,Chavvi,Krishnan,calebramaswamy@example.com,Hyderabad,Telangana,20,Male,2026-06-12,Gold
C03357,Anusha,Oza,xrattan@example.org,Pune,Maharashtra,41,Female,2025-05-28,Gold
C03358,Charvi,Barad,ydhar@example.org,Pune,Maharashtra,42,Female,2026-05-24,Bronze
C03359,Jackson,Naik,rajata72@example.com,Mumbai,Maharashtra,24,Male,2025-05-09,Silver
C03360,Pavani,Gokhale,pratyushdash@example.net,Mumbai,Maharashtra,40,Female,2024-08-20,Bronze
C03361,Abhiram,Narula,tanveermenon@example.com,Bengaluru,Karnataka,54,Female,2024-02-06,Silver
C03362,Ayushman,Kuruvilla,emohanty@example.com,Bengaluru,Karnataka,59,Male,2023-05-26,Silver
C03363,Chavvi,Mani,kashish93@example.net,Gurugram,Haryana,36,Male,2025-01-24,Bronze
C03364,Rajeshri,Narain,gopalkata@example.net,Pune,Maharashtra,18,Male,2023-06-09,Platinum
C03365,Umang,Munshi,sureshfinn@example.org,Hyderabad,Telangana,37,Female,2024-08-16,Gold
C03366,Bhavna,Nath,tejas12@example.net,Ahmedabad,Gujarat,26,Female,2023-08-01,Bronze
C03367,Daksh,Aggarwal,meeradatta@example.net,New Delhi,Delhi,25,Female,2023-02-06,Silver
C03368,Qasim,Chand,sodhiwarjas@example.net,Bengaluru,Karnataka,19,Female,2022-08-27,Bronze
C03369,Luke,Sheth,bdugar@example.com,Mumbai,Maharashtra,55,Female,2023-05-19,Gold
C03370,Yatin,Pal,ekani85@example.org,Mumbai,Maharashtra,19,Female,2025-07-11,Bronze
C03371,Pratyush,Mody,hiraldey@example.net,Mumbai,Maharashtra,43,Male,2025-08-13,Silver
C03372,Dhriti,Chaudhuri,gdalia@example.com,Bengaluru,Karnataka,44,Male,2023-01-14,Silver
C03373,Vrinda,Pillay,senekalinga@example.org,Mumbai,Maharashtra,36,Male,2022-11-11,Silver
C03374,Gayathri,Ben,patildarika@example.net,Hyderabad,Telangana,47,Female,2022-10-03,Silver
C03375,George,Kuruvilla,tsha@example.com,Pune,Maharashtra,55,Female,2024-06-29,Platinum
C03376,Urishilla,Karpe,tanish52@example.com,Pune,Maharashtra,54,Female,2024-09-10,Bronze
C03377,Raksha,Wadhwa,isaac71@example.com,Bengaluru,Karnataka,54,Female,2024-10-22,Platinum
C03378,Charita,Sharaf,abhamann@example.net,Pune,Maharashtra,30,Female,2025-07-25,Gold
C03379,Samar,Bansal,vihaan78@example.net,Hyderabad,Telangana,36,Male,2025-04-18,Silver
C03380,Azaan,Kapadia,jeetwagle@example.org,Mumbai,Maharashtra,53,Male,2023-05-21,Bronze
C03381,Oviya,Chacko,iyerwriddhish@example.net,Bengaluru,Karnataka,53,Female,2026-06-01,Bronze
C03382,Qabil,Sane,vargheseurvi@example.net,Pune,Maharashtra,19,Female,2024-03-15,Bronze
C03383,Parth,Bir,owen78@example.com,Pune,Maharashtra,32,Female,2023-05-25,Bronze
C03384,Ronith,Andra,radhika25@example.net,New Delhi,Delhi,41,Female,2023-03-03,Gold
C03385,Dev,Munshi,jasonsaxena@example.net,Bengaluru,Karnataka,53,Male,2022-11-10,Gold
C03386,Damini,Rege,simon53@example.com,Gurugram,Haryana,40,Male,2026-07-12,Gold
C03387,Yauvani,Bedi,valahredhaan@example.com,Pune,Maharashtra,54,Female,2025-09-30,Bronze
C03388,Pavani,Sridhar,brindamallick@example.com,Bengaluru,Karnataka,43,Female,2025-09-20,Bronze
C03389,Watika,Chahal,vsavant@example.com,New Delhi,Delhi,60,Female,2024-02-10,Silver
C03390,Nicholas,Rao,mukherjeeudarsh@example.org,Mumbai,Maharashtra,40,Female,2024-06-04,Bronze
C03391,Meghana,Deshpande,krisha64@example.com,Hyderabad,Telangana,53,Female,2026-06-18,Bronze
C03392,Charles,Balakrishnan,choudhurychanakya@example.net,New Delhi,Delhi,27,Male,2022-09-13,Gold
C03393,Harini,Srinivasan,anaywali@example.org,Mumbai,Maharashtra,25,Female,2024-08-28,Bronze
C03394,Harini,Gade,chadanimrat@example.net,Mumbai,Maharashtra,27,Female,2023-07-06,Silver
C03395,Bina,Mani,chaitalyramakrishnan@example.com,Mumbai,Maharashtra,35,Female,2023-09-10,Bronze
C03396,Yoshita,Varughese,tanvi95@example.com,Pune,Maharashtra,48,Male,2025-08-16,Bronze
C03397,Onkar,Prabhakar,onarasimhan@example.net,New Delhi,Delhi,45,Female,2023-08-31,Gold
C03398,Ijaya,Venkatesh,zarnachoudhry@example.net,Mumbai,Maharashtra,25,Male,2026-03-28,Silver
C03399,Charan,Gola,ekbalsastry@example.net,Bengaluru,Karnataka,23,Female,2026-02-15,Gold
C03400,Turvi,Yohannan,devanchandani@example.net,Mumbai,Maharashtra,21,Male,2026-05-27,Bronze
C03401,Raghav,Seth,shereakshay@example.com,Pune,Maharashtra,35,Female,2022-11-29,Silver
C03402,Chandani,Lala,hardik43@example.com,Pune,Maharashtra,21,Female,2024-09-28,Silver
C03403,Watika,Dutta,gvirk@example.org,Chennai,Tamil Nadu,30,Male,2023-08-15,Gold
C03404,Qabil,Kalla,kadakiayadavi@example.com,New Delhi,Delhi,27,Female,2023-01-11,Bronze
C03405,Radha,Yadav,bumbyatan@example.net,New Delhi,Delhi,19,Male,2025-01-11,Bronze
C03406,Vyanjana,Yohannan,maharajgayathri@example.net,Bengaluru,Karnataka,28,Female,2024-05-09,Gold
C03407,Advay,Bajaj,henrysaxena@example.com,Chennai,Tamil Nadu,44,Female,2024-04-14,Silver
C03408,Champak,Prabhakar,manbir86@example.com,Mumbai,Maharashtra,23,Male,2023-06-07,Bronze
C03409,Sarthak,Kant,gaurav58@example.net,Bengaluru,Karnataka,42,Male,2023-11-20,Platinum
C03410,Ansh,Shetty,nagarrobert@example.org,Bengaluru,Karnataka,22,Male,2023-03-04,Bronze
C03411,Megha,Bahri,darawridesh@example.net,Mumbai,Maharashtra,52,Female,2023-08-10,Platinum
C03412,Fariq,Anne,jeremiahsom@example.com,Pune,Maharashtra,32,Female,2024-01-01,Bronze
C03413,Krish,Murty,jairaj36@example.org,Kolkata,West Bengal,28,Female,2024-07-16,Gold
C03414,Daniel,Wali,harrison81@example.org,Mumbai,Maharashtra,52,Male,2023-12-05,Bronze
C03415,Bhanumati,Narang,deshmukhchandani@example.org,Pune,Maharashtra,24,Female,2025-08-16,Bronze
C03416,Triya,Jhaveri,vboase@example.net,Mumbai,Maharashtra,45,Female,2025-04-26,Silver
C03417,Watika,Jha,iratti@example.com,New Delhi,Delhi,47,Female,2025-10-20,Silver
C03418,Farhan,Kalla,yashodhara96@example.net,Mumbai,Maharashtra,30,Female,2025-11-12,Bronze
C03419,Yatan,Kadakia,wyatt90@example.net,New Delhi,Delhi,37,Female,2024-11-18,Bronze
C03420,Abhimanyu,Nath,qushi15@example.net,Kolkata,West Bengal,38,Female,2023-04-20,Gold
C03421,Bishakha,Seshadri,gabrielnatt@example.com,Mumbai,Maharashtra,24,Female,2026-04-21,Bronze
C03422,Keya,Khatri,wgrewal@example.com,Pune,Maharashtra,31,Female,2024-01-05,Gold
C03423,Jack,Chaudhuri,pmannan@example.com,Mumbai,Maharashtra,24,Male,2023-07-20,Gold
C03424,Brijesh,Desai,urishillasunder@example.org,New Delhi,Delhi,60,Female,2023-09-29,Gold
C03425,Tanmayi,Bala,oviyaradhakrishnan@example.com,Pune,Maharashtra,58,Female,2025-08-22,Bronze
C03426,Aayush,Oza,chakrikagoel@example.net,Hyderabad,Telangana,29,Female,2023-07-16,Bronze
C03427,Fitan,Purohit,aahana16@example.org,Bengaluru,Karnataka,28,Female,2024-03-11,Bronze
C03428,Bakhshi,Cheema,onaik@example.org,Hyderabad,Telangana,56,Female,2022-09-11,Silver
C03429,Gaurika,Wason,nimrat40@example.com,Chennai,Tamil Nadu,52,Female,2025-03-31,Bronze
C03430,Jeet,Barad,aaravdeshmukh@example.com,Bengaluru,Karnataka,38,Female,2023-07-01,Bronze
C03431,Tanish,Anand,luke76@example.org,Bengaluru,Karnataka,19,Female,2024-01-10,Silver
C03432,Pahal,Desai,lallaashi@example.net,Bengaluru,Karnataka,45,Female,2022-12-23,Gold
C03433,Anika,Setty,wadhwavictor@example.net,Pune,Maharashtra,21,Female,2023-11-12,Gold
C03434,Edhitha,Kakar,sabharwalchaitanya@example.com,Pune,Maharashtra,51,Male,2024-04-10,Bronze
C03435,Warhi,Ratti,aarush92@example.org,Hyderabad,Telangana,18,Female,2024-07-01,Bronze
C03436,Yashasvi,Yadav,yashodhara74@example.com,New Delhi,Delhi,29,Female,2025-08-02,Bronze
C03437,Indali,Choudhury,falguniyogi@example.net,New Delhi,Delhi,43,Female,2026-01-23,Silver
C03438,Sudiksha,Deshpande,ddasgupta@example.com,Pune,Maharashtra,52,Other,2024-08-31,Gold
C03439,Ronith,Bail,ydar@example.org,New Delhi,Delhi,54,Female,2024-04-10,Bronze
C03440,Leela,Madan,jaindalaja@example.org,New Delhi,Delhi,22,Other,2025-07-27,Bronze
C03441,Yahvi,Virk,tripathiwakeeta@example.org,Bengaluru,Karnataka,56,Male,2023-12-26,Silver
C03442,Upma,Savant,yauvani33@example.org,Bengaluru,Karnataka,35,Female,2022-09-21,Silver
C03443,Nidhi,Mander,asengupta@example.com,Bengaluru,Karnataka,19,Male,2023-06-25,Bronze
C03444,Girindra,Kaul,aroraisaiah@example.com,Ahmedabad,Gujarat,20,Male,2024-09-09,Silver
C03445,Reyansh,Vala,lbajaj@example.net,Pune,Maharashtra,45,Other,2023-07-04,Silver
C03446,Joshua,Randhawa,ikshitalalla@example.org,New Delhi,Delhi,36,Female,2023-09-13,Bronze
C03447,Balveer,Lala,gardeviraj@example.org,Bengaluru,Karnataka,50,Female,2023-02-16,Bronze
C03448,Bakhshi,Parekh,ishenoy@example.org,Pune,Maharashtra,46,Female,2024-08-07,Silver
C03449,Amrita,Mammen,bahridaksh@example.net,Kolkata,West Bengal,59,Female,2026-05-06,Bronze
C03450,Warda,Magar,kalenathaniel@example.com,Pune,Maharashtra,43,Female,2023-06-30,Bronze
C03451,Kamya,Khatri,bhargavavasudha@example.net,Bengaluru,Karnataka,29,Female,2022-11-12,Silver
C03452,Dayamai,Chaudhary,maanasmalhotra@example.net,Mumbai,Maharashtra,57,Female,2026-02-09,Silver
C03453,Udyati,Bala,vdora@example.com,Gurugram,Haryana,57,Female,2023-10-09,Bronze
C03454,Aadhya,Ray,qadimgoel@example.com,Pune,Maharashtra,54,Male,2023-01-18,Silver
C03455,Farhan,Tandon,maanas24@example.org,New Delhi,Delhi,26,Female,2025-09-06,Silver
C03456,Alka,Kala,onichaudhry@example.org,Bengaluru,Karnataka,59,Female,2026-05-01,Silver
C03457,Charan,Banik,dalajaraja@example.net,Pune,Maharashtra,29,Female,2022-12-09,Silver
C03458,Raagini,Chaudhary,dkale@example.com,Mumbai,Maharashtra,35,Male,2022-08-24,Silver
C03459,Advik,Dixit,ssen@example.net,Chennai,Tamil Nadu,42,Male,2024-05-10,Bronze
C03460,Omkaar,Bhalla,bakhshibalay@example.net,Bengaluru,Karnataka,19,Female,2026-05-01,Bronze
C03461,Gautami,Khalsa,usachdeva@example.org,Ahmedabad,Gujarat,39,Male,2025-07-23,Bronze
C03462,Ekaraj,Patel,nimratbalasubramanian@example.org,Pune,Maharashtra,43,Female,2023-08-11,Bronze
C03463,Harinakshi,Shroff,bmunshi@example.org,Pune,Maharashtra,36,Female,2023-02-12,Bronze
C03464,Gopal,Talwar,labannath@example.net,Kolkata,West Bengal,52,Male,2022-09-18,Gold
C03465,Advik,Bal,nkalita@example.com,Hyderabad,Telangana,30,Female,2025-04-19,Gold
C03466,Gaurav,Gupta,sethonveer@example.org,Bengaluru,Karnataka,39,Female,2025-12-19,Bronze
C03467,Girik,Chopra,lajitabarman@example.net,New Delhi,Delhi,29,Female,2024-09-15,Bronze
C03468,Yashodhara,Sodhi,ramakrishnanwarhi@example.org,Gurugram,Haryana,29,Male,2023-11-02,Bronze
C03469,Quincy,Dar,kulkarnidiya@example.net,Pune,Maharashtra,28,Female,2023-04-27,Silver
C03470,Ati,Reddy,tandonindrajit@example.net,Chennai,Tamil Nadu,39,Female,2025-04-19,Silver
C03471,Oliver,Biswas,dahuja@example.com,Mumbai,Maharashtra,50,Female,2025-04-17,Silver
C03472,Damini,Konda,jbhagat@example.org,Mumbai,Maharashtra,59,Female,2026-05-27,Bronze
C03473,Charvi,Memon,qarinpatel@example.org,Mumbai,Maharashtra,38,Female,2023-05-31,Bronze
C03474,Girik,Ranganathan,dhawanhema@example.org,Bengaluru,Karnataka,36,Male,2022-09-25,Bronze
C03475,Tanish,Madan,dharanay@example.net,Pune,Maharashtra,57,Female,2023-01-09,Silver
C03476,Anita,Mody,lsom@example.com,Bengaluru,Karnataka,22,Male,2023-04-24,Bronze
C03477,Arin,Joshi,oshapandit@example.com,Bengaluru,Karnataka,28,Female,2023-10-31,Silver
C03478,Girindra,Kar,upmarege@example.org,New Delhi,Delhi,33,Female,2023-04-14,Bronze
C03479,Udyati,Mital,desaianamika@example.com,Chennai,Tamil Nadu,43,Female,2025-05-14,Bronze
C03480,Jagrati,Zachariah,isaac60@example.org,Bengaluru,Karnataka,38,Female,2024-09-17,Bronze
C03481,Hitesh,Cherian,nagarajangavin@example.org,Pune,Maharashtra,31,Male,2023-01-27,Bronze
C03482,Qushi,Zachariah,umangal@example.net,Chennai,Tamil Nadu,24,Female,2023-08-09,Bronze
C03483,Odika,Kumer,ysangha@example.net,Chennai,Tamil Nadu,19,Male,2026-04-16,Bronze
C03484,Oviya,Date,ubikaraghavan@example.org,Chennai,Tamil Nadu,59,Male,2022-08-21,Bronze
C03485,Aditya,Tella,devika74@example.org,Hyderabad,Telangana,20,Male,2026-01-21,Bronze
C03486,Yasti,Kashyap,kchakrabarti@example.org,Mumbai,Maharashtra,25,Female,2023-07-31,Silver
C03487,Bachittar,Swaminathan,kalpit16@example.com,Bengaluru,Karnataka,26,Male,2023-02-25,Bronze
C03488,Caleb,Bedi,xwadhwa@example.org,Mumbai,Maharashtra,50,Female,2025-03-24,Gold
C03489,Maya,Datta,eshanakarpe@example.com,Mumbai,Maharashtra,26,Male,2025-08-19,Silver
C03490,Amruta,Uppal,cmadan@example.org,Ahmedabad,Gujarat,44,Female,2024-02-23,Bronze
C03491,Yamini,Dugar,kapurnirja@example.com,Hyderabad,Telangana,44,Male,2023-09-15,Bronze
C03492,Anusha,Sankaran,manbirandra@example.org,Mumbai,Maharashtra,28,Female,2024-11-14,Silver
C03493,Dominic,Ganesan,vyanjanadivan@example.org,Bengaluru,Karnataka,35,Female,2022-10-17,Bronze
C03494,Jagrati,Narasimhan,joshitejas@example.org,Bengaluru,Karnataka,38,Male,2024-07-04,Gold
C03495,Darsh,Bail,venkataramankrisha@example.org,Mumbai,Maharashtra,26,Female,2023-09-24,Silver
C03496,Bishakha,Rau,lkhatri@example.org,Pune,Maharashtra,45,Other,2026-01-30,Bronze
C03497,Aayush,Aggarwal,darazayyan@example.org,Kolkata,West Bengal,20,Female,2026-07-06,Gold
C03498,Nidra,Agate,chandaleena@example.net,Mumbai,Maharashtra,55,Female,2025-04-04,Bronze
C03499,Max,Keer,wardajaggi@example.com,Kolkata,West Bengal,59,Male,2025-10-23,Gold
C03500,Tripti,Basu,iandra@example.net,Hyderabad,Telangana,38,Female,2024-09-19,Bronze
C03501,Gayathri,Mital,sandalvarsha@example.com,Mumbai,Maharashtra,51,Female,2026-05-10,Silver
C03502,Lipika,Konda,bediarin@example.net,Bengaluru,Karnataka,24,Female,2025-07-10,Bronze
C03503,Yutika,Malhotra,zaidsaraf@example.org,Bengaluru,Karnataka,42,Female,2023-02-01,Silver
C03504,Gunbir,Konda,gbutala@example.net,New Delhi,Delhi,49,Male,2025-09-26,Silver
C03505,Frederick,Nadkarni,pingleaashi@example.com,Kolkata,West Bengal,46,Male,2024-03-04,Silver
C03506,Yachana,Dhaliwal,mason03@example.net,New Delhi,Delhi,59,Female,2024-11-26,Silver
C03507,Abha,Arora,patilsamar@example.com,Pune,Maharashtra,28,Male,2023-08-28,Bronze
C03508,William,Mall,broy@example.com,Kolkata,West Bengal,51,Female,2026-02-26,Gold
C03509,Ekanta,Prashad,bhanumati94@example.com,New Delhi,Delhi,26,Female,2025-12-14,Bronze
C03510,Rachana,Sathe,chatreshchandran@example.org,Pune,Maharashtra,59,Female,2025-09-28,Bronze
C03511,Lakshit,Loke,dewangavin@example.net,Pune,Maharashtra,18,Male,2024-06-06,Silver
C03512,Yashica,Doshi,tristanvarghese@example.com,Mumbai,Maharashtra,28,Female,2023-10-20,Silver
C03513,Bhavya,Agarwal,mahikadhaliwal@example.org,Mumbai,Maharashtra,28,Male,2023-07-24,Bronze
C03514,Hiral,Tella,tanejaadweta@example.net,New Delhi,Delhi,47,Female,2022-10-25,Bronze
C03515,Ekta,Deshpande,ykaran@example.com,Mumbai,Maharashtra,38,Female,2023-12-11,Platinum
C03516,Reyansh,Sabharwal,nathaniel35@example.com,Bengaluru,Karnataka,48,Female,2025-01-20,Bronze
C03517,Anay,Anand,gagan29@example.org,Bengaluru,Karnataka,38,Female,2026-05-13,Bronze
C03518,Liam,Narula,daliaomya@example.org,Hyderabad,Telangana,47,Female,2022-10-16,Silver
C03519,Patrick,Narang,andrew46@example.org,Pune,Maharashtra,43,Female,2025-12-21,Gold
C03520,Azad,Bhat,oghose@example.org,New Delhi,Delhi,59,Female,2025-11-13,Bronze
C03521,Aishani,Sandhu,dbajwa@example.org,New Delhi,Delhi,46,Male,2025-06-07,Silver
C03522,Joshua,Kibe,tarachadha@example.org,Ahmedabad,Gujarat,55,Male,2022-11-14,Platinum
C03523,Gaurav,Gill,joshuasane@example.org,Ahmedabad,Gujarat,29,Female,2024-09-19,Silver
C03524,Indali,Chakraborty,ayushmanlalla@example.net,Bengaluru,Karnataka,31,Male,2023-02-05,Gold
C03525,Kavya,Apte,bsanghvi@example.com,Kolkata,West Bengal,38,Female,2024-02-25,Silver
C03526,Udarsh,Kuruvilla,lakshmi04@example.net,New Delhi,Delhi,53,Female,2025-03-22,Bronze
C03527,Peter,Dhawan,osaini@example.net,Pune,Maharashtra,41,Female,2022-11-19,Bronze
C03528,Charita,Rajagopal,chhabragaurang@example.com,Bengaluru,Karnataka,31,Female,2023-07-08,Gold
C03529,Warjas,Amble,xalak34@example.com,Mumbai,Maharashtra,49,Male,2025-11-10,Bronze
C03530,Manthan,Lad,inayasama@example.org,New Delhi,Delhi,32,Female,2023-10-13,Bronze
C03531,Vritti,Rout,nihalnadkarni@example.org,Pune,Maharashtra,54,Female,2026-06-08,Gold
C03532,Jonathan,Shanker,meerasethi@example.org,Bengaluru,Karnataka,57,Female,2023-10-02,Bronze
C03533,Yashodhara,Ramanathan,wram@example.net,Ahmedabad,Gujarat,55,Female,2023-02-28,Bronze
C03534,Mugdha,Dua,anyabose@example.net,Pune,Maharashtra,28,Female,2026-02-25,Bronze
C03535,Riya,Rege,ruppal@example.net,Ahmedabad,Gujarat,51,Male,2023-12-02,Silver
C03536,Chaaya,Solanki,qbuch@example.org,Pune,Maharashtra,38,Female,2022-07-30,Platinum
C03537,Darpan,Johal,alexander06@example.org,Kolkata,West Bengal,33,Female,2023-08-21,Bronze
C03538,Yashvi,Mitter,jmitra@example.org,New Delhi,Delhi,26,Male,2025-12-29,Bronze
C03539,Wahab,Munshi,shaurya40@example.com,Hyderabad,Telangana,53,Female,2026-03-29,Bronze
C03540,Oni,Radhakrishnan,indrajitdora@example.org,Pune,Maharashtra,49,Female,2023-06-09,Gold
C03541,Gayathri,Sant,ishani25@example.com,Chennai,Tamil Nadu,50,Female,2023-08-21,Silver
C03542,Orinder,Badal,zmalhotra@example.com,Mumbai,Maharashtra,41,Female,2025-05-13,Bronze
C03543,Gaurang,Dasgupta,tailorrohan@example.net,Pune,Maharashtra,43,Male,2023-07-19,Silver
C03544,Faris,Wali,ubikakrish@example.org,Ahmedabad,Gujarat,30,Female,2026-04-27,Platinum
C03545,Pushti,Kaur,umang59@example.com,Pune,Maharashtra,59,Female,2024-05-15,Silver
C03546,Xiti,Thakkar,dhruvwable@example.net,Hyderabad,Telangana,25,Female,2024-09-30,Bronze
C03547,Aradhana,Saini,ravelnidhi@example.com,Chennai,Tamil Nadu,54,Male,2025-05-14,Gold
C03548,Andrew,Palan,chaudhuricaleb@example.org,Pune,Maharashtra,59,Female,2025-09-16,Silver
C03549,Gavin,Dyal,deepa34@example.org,New Delhi,Delhi,40,Female,2023-04-04,Bronze
C03550,Quincy,Kota,danineelima@example.org,Pune,Maharashtra,59,Male,2024-12-28,Silver
C03551,Deepa,Wable,pagrawal@example.com,Pune,Maharashtra,18,Female,2025-06-11,Platinum
C03552,Lucky,Chaudhry,dbera@example.org,Pune,Maharashtra,55,Female,2022-09-11,Silver
C03553,Nihal,Bhatia,henrysekhon@example.net,Pune,Maharashtra,21,Female,2024-04-25,Silver
C03554,Chandran,Buch,majumdarbachittar@example.org,Pune,Maharashtra,25,Male,2025-08-30,Gold
C03555,Shaurya,Mishra,pdada@example.org,Kolkata,West Bengal,47,Male,2024-03-31,Bronze
C03556,Watika,Chaudhary,csachdeva@example.net,Pune,Maharashtra,23,Female,2022-10-08,Bronze
C03557,Henry,Rama,ishabehl@example.net,Pune,Maharashtra,20,Female,2025-07-13,Silver
C03558,Yashica,Kuruvilla,maneunnati@example.net,Mumbai,Maharashtra,60,Male,2024-08-15,Silver
C03559,Falguni,Patla,darafaraj@example.org,Mumbai,Maharashtra,30,Male,2025-02-24,Silver
C03560,Raksha,Oak,geetikawagle@example.org,Pune,Maharashtra,54,Female,2024-11-24,Bronze
C03561,Jagdish,Bajaj,jganesan@example.net,Pune,Maharashtra,60,Female,2026-06-21,Silver
C03562,Sachi,Virk,sinhalaksh@example.com,New Delhi,Delhi,51,Female,2024-11-08,Silver
C03563,Daksh,Karan,achoudhury@example.org,Mumbai,Maharashtra,23,Female,2025-12-25,Silver
C03564,Pooja,Bala,singhalmohammed@example.org,New Delhi,Delhi,51,Female,2023-01-15,Bronze
C03565,Samaksh,Rajagopalan,vasana71@example.net,Pune,Maharashtra,38,Other,2022-10-26,Bronze
C03566,Rudra,Sundaram,utkarsh07@example.com,Mumbai,Maharashtra,19,Male,2025-10-28,Silver
C03567,Hitesh,Amble,bhaviniaurora@example.net,New Delhi,Delhi,40,Male,2024-06-27,Gold
C03568,Jeevika,Pandey,ctella@example.org,Pune,Maharashtra,18,Male,2022-11-15,Bronze
C03569,Omkaar,Kurian,rishi23@example.com,New Delhi,Delhi,40,Female,2023-03-15,Silver
C03570,Quincy,Gaba,ramanbaljiwan@example.com,Bengaluru,Karnataka,24,Female,2026-06-14,Bronze
C03571,Lavanya,Pandey,zlad@example.net,Pune,Maharashtra,45,Male,2025-06-23,Silver
C03572,Urmi,Bahri,rsavant@example.net,Bengaluru,Karnataka,37,Male,2024-05-16,Bronze
C03573,Ishanvi,Bhatti,pdani@example.net,Chennai,Tamil Nadu,22,Male,2025-02-02,Silver
C03574,Janya,Dhar,nagychristopher@example.net,Pune,Maharashtra,21,Female,2023-11-05,Bronze
C03575,Jack,Ray,maanav61@example.org,Pune,Maharashtra,53,Female,2025-04-02,Bronze
C03576,Varsha,Andra,rudrapatla@example.org,Bengaluru,Karnataka,46,Female,2026-03-15,Platinum
C03577,Aarna,Dugar,siddharth19@example.net,Mumbai,Maharashtra,19,Female,2023-03-27,Bronze
C03578,Tristan,Devan,brinda81@example.org,Chennai,Tamil Nadu,59,Male,2023-07-27,Bronze
C03579,Arjun,Anne,hredhaan69@example.org,Mumbai,Maharashtra,58,Female,2025-08-28,Bronze
C03580,Alexander,Mutti,chakradhardin@example.org,New Delhi,Delhi,20,Female,2024-12-11,Bronze
C03581,Jyoti,Bobal,usoni@example.com,Bengaluru,Karnataka,49,Female,2024-04-09,Silver
C03582,Lipika,Mannan,okonda@example.net,Bengaluru,Karnataka,37,Female,2024-03-04,Bronze
C03583,Forum,Kaul,gautam10@example.com,Bengaluru,Karnataka,41,Female,2024-08-05,Gold
C03584,Anay,Dani,wishi64@example.org,Kolkata,West Bengal,48,Male,2025-02-19,Bronze
C03585,Vritti,Tiwari,udas@example.com,Hyderabad,Telangana,45,Female,2023-12-16,Bronze
C03586,Yatin,Nazareth,indrajit28@example.org,Pune,Maharashtra,50,Female,2025-11-18,Bronze
C03587,Saumya,Tailor,guneet23@example.net,Hyderabad,Telangana,53,Female,2024-03-26,Bronze
C03588,Kashish,Tank,omjanaki@example.com,Mumbai,Maharashtra,49,Female,2026-01-15,Silver
C03589,Mohammed,Puri,shenoynaveen@example.org,Bengaluru,Karnataka,24,Male,2023-08-25,Silver
C03590,Leela,Bahl,chakrikamaster@example.com,Mumbai,Maharashtra,55,Female,2025-09-18,Silver
C03591,Kala,Mammen,dshere@example.org,Gurugram,Haryana,21,Female,2022-08-06,Bronze
C03592,Balhaar,Parmar,satheharsh@example.org,Pune,Maharashtra,24,Female,2024-01-03,Bronze
C03593,Triveni,Jani,tellaubika@example.org,Pune,Maharashtra,21,Male,2026-02-05,Bronze
C03594,Janaki,Rajagopalan,vasana83@example.com,Kolkata,West Bengal,49,Female,2024-12-31,Gold
C03595,Darsh,Kalita,sureesha@example.com,Pune,Maharashtra,30,Female,2022-08-07,Silver
C03596,Vedant,Wagle,grewalriya@example.com,Pune,Maharashtra,51,Female,2023-07-26,Bronze
C03597,Elijah,Mitra,tripti26@example.org,New Delhi,Delhi,34,Female,2023-03-16,Bronze
C03598,Neel,Gera,aashi68@example.com,Bengaluru,Karnataka,30,Other,2024-09-03,Gold
C03599,Manbir,Seshadri,zaitramital@example.org,Hyderabad,Telangana,43,Female,2023-02-21,Gold
C03600,Saumya,Saha,ikrishna@example.org,Kolkata,West Bengal,45,Male,2025-02-13,Bronze
C03601,Sanaya,Purohit,maanassridhar@example.org,Pune,Maharashtra,55,Female,2024-07-25,Bronze
C03602,Samuel,Nigam,nandinisoni@example.com,Pune,Maharashtra,19,Female,2023-11-19,Platinum
C03603,Lakshit,Parmar,tejaswadhwa@example.com,Mumbai,Maharashtra,24,Female,2024-02-28,Bronze
C03604,Yamini,Soman,rayayushman@example.com,Bengaluru,Karnataka,25,Female,2026-03-02,Silver
C03605,Zansi,Virk,lkaur@example.org,New Delhi,Delhi,34,Female,2025-11-06,Silver
C03606,Gaurika,Prabhakar,aashiahuja@example.com,Mumbai,Maharashtra,52,Male,2025-03-22,Silver
C03607,Atharv,Vohra,urviiyengar@example.net,Hyderabad,Telangana,58,Female,2023-05-23,Silver
C03608,Omya,Chacko,shivani64@example.org,Mumbai,Maharashtra,22,Female,2022-10-20,Bronze
C03609,Dipta,Handa,nisha70@example.net,Mumbai,Maharashtra,50,Female,2023-02-18,Silver
C03610,Urvi,Tella,ttata@example.com,New Delhi,Delhi,49,Male,2023-03-12,Bronze
C03611,Hemangini,Kumar,rajatabose@example.net,Bengaluru,Karnataka,58,Female,2023-10-13,Bronze
C03612,Ayaan,Khurana,manan27@example.org,Bengaluru,Karnataka,25,Male,2024-01-31,Bronze
C03613,Neha,De,ljhaveri@example.org,Bengaluru,Karnataka,24,Female,2024-11-26,Bronze
C03614,Patrick,Gill,vasatikachauhan@example.org,Pune,Maharashtra,49,Female,2025-05-02,Bronze
C03615,Falan,Shetty,vrishti69@example.org,Bengaluru,Karnataka,33,Female,2025-01-19,Bronze
C03616,Vyanjana,Chhabra,dgala@example.com,Mumbai,Maharashtra,31,Male,2025-07-09,Platinum
C03617,Nakul,Prabhu,maniamrita@example.net,New Delhi,Delhi,36,Female,2023-03-18,Gold
C03618,Netra,Kaul,prasadparth@example.org,Noida,Uttar Pradesh,18,Female,2024-01-17,Gold
C03619,Pavani,Anand,praneelgrover@example.org,Mumbai,Maharashtra,60,Female,2024-02-17,Bronze
C03620,Pranit,Sachdev,chandranamaira@example.org,Pune,Maharashtra,52,Male,2023-12-18,Bronze
C03621,Mitali,Luthra,dbrahmbhatt@example.com,Mumbai,Maharashtra,60,Female,2025-08-28,Bronze
C03622,Aryan,Bora,wshetty@example.org,Hyderabad,Telangana,34,Female,2023-01-10,Gold
C03623,Tarak,Buch,chari@example.org,Kolkata,West Bengal,33,Female,2026-01-28,Silver
C03624,Hema,Apte,mannerushil@example.org,Bengaluru,Karnataka,56,Female,2023-09-02,Platinum
C03625,Qasim,Sachdev,qgoswami@example.com,Bengaluru,Karnataka,25,Female,2025-09-21,Bronze
C03626,Krisha,Kapur,sastrynathaniel@example.net,Pune,Maharashtra,50,Female,2023-07-14,Platinum
C03627,Arya,Sawhney,jkhurana@example.org,Ahmedabad,Gujarat,19,Male,2023-09-12,Gold
C03628,Tristan,Bali,qnair@example.org,Gurugram,Haryana,34,Female,2024-04-22,Bronze
C03629,Naksh,Palla,ikbal93@example.net,Hyderabad,Telangana,40,Female,2024-01-06,Silver
C03630,Umang,Datta,wdugar@example.com,Pune,Maharashtra,50,Female,2024-01-29,Gold
C03631,Pranit,Zachariah,duttajacob@example.com,Bengaluru,Karnataka,19,Female,2026-03-14,Bronze
C03632,Tristan,Pall,misrapushti@example.org,Bengaluru,Karnataka,60,Female,2023-11-22,Gold
C03633,Jeremiah,Sani,zsethi@example.net,Chennai,Tamil Nadu,54,Female,2024-05-31,Silver
C03634,Garima,Garg,jganesan@example.net,Pune,Maharashtra,60,Female,2022-11-29,Bronze
C03635,Daksha,Parekh,vrindalanka@example.net,Ahmedabad,Gujarat,55,Female,2022-10-06,Bronze
C03636,Kashvi,Bajaj,gacharya@example.net,New Delhi,Delhi,50,Female,2023-05-29,Silver
C03637,Radhika,Mitra,sahotawarhi@example.com,Mumbai,Maharashtra,48,Female,2022-10-15,Bronze
C03638,Nitara,Bains,chaitanyaanne@example.net,Pune,Maharashtra,32,Female,2024-07-22,Bronze
C03639,Harshil,Garg,gandhiquincy@example.org,Hyderabad,Telangana,45,Female,2023-04-16,Bronze
C03640,Kamya,Mistry,bachittarmammen@example.com,Bengaluru,Karnataka,59,Female,2023-06-14,Bronze
C03641,Bakhshi,Kar,nakshpall@example.org,New Delhi,Delhi,53,Female,2022-09-02,Bronze
C03642,Yug,Jhaveri,abeerganesh@example.org,Mumbai,Maharashtra,47,Female,2025-12-11,Gold
C03643,Ishita,Bhavsar,dubekavya@example.net,New Delhi,Delhi,43,Female,2022-12-13,Silver
C03644,Garima,Padmanabhan,comarupkaar@example.com,Chennai,Tamil Nadu,58,Female,2024-03-07,Silver
C03645,Bhanumati,Narasimhan,karanidhi@example.net,Mumbai,Maharashtra,34,Male,2025-02-24,Bronze
C03646,Yamini,Mane,rishikorpal@example.org,Mumbai,Maharashtra,37,Female,2023-09-05,Bronze
C03647,Nicholas,Menon,meeragade@example.net,Pune,Maharashtra,24,Female,2024-08-25,Bronze
C03648,Pooja,Deo,yogiavi@example.com,Kolkata,West Bengal,33,Male,2023-04-18,Bronze
C03649,Vihaan,Das,amrutamadan@example.org,Bengaluru,Karnataka,18,Female,2025-11-04,Silver
C03650,Neel,Bhandari,wnath@example.net,Hyderabad,Telangana,35,Female,2025-04-20,Silver
C03651,Maya,Munshi,dakshdalal@example.org,Bengaluru,Karnataka,20,Male,2023-02-07,Bronze
C03652,Xavier,Taneja,ehora@example.com,Mumbai,Maharashtra,27,Other,2023-11-09,Silver
C03653,Tripti,More,arunima21@example.org,Mumbai,Maharashtra,22,Female,2023-04-26,Silver
C03654,Leena,Gopal,girik93@example.com,Pune,Maharashtra,22,Female,2024-11-11,Gold
C03655,Hema,Chaudhari,pratyushrandhawa@example.com,Bengaluru,Karnataka,40,Female,2025-02-25,Platinum
C03656,Faqid,Karnik,subramaniamkashish@example.org,New Delhi,Delhi,31,Female,2025-08-18,Bronze
C03657,Nandini,Dave,emahal@example.com,Pune,Maharashtra,18,Female,2024-04-05,Platinum
C03658,Matthew,Trivedi,ykrishnamurthy@example.org,Pune,Maharashtra,38,Female,2025-02-12,Bronze
C03659,Lucky,Bal,cdara@example.org,Mumbai,Maharashtra,19,Male,2022-08-14,Bronze
C03660,Avi,Agrawal,amrutamurty@example.org,Kolkata,West Bengal,49,Female,2024-11-07,Bronze
C03661,Anamika,Bhat,ojascherian@example.org,Pune,Maharashtra,59,Female,2024-10-05,Bronze
C03662,Irya,Karpe,isha05@example.org,Mumbai,Maharashtra,54,Female,2026-05-22,Gold
C03663,Anika,Kadakia,harishcheema@example.com,Bengaluru,Karnataka,22,Male,2023-10-31,Bronze
C03664,Wazir,Bawa,lsundaram@example.com,Mumbai,Maharashtra,54,Male,2023-07-12,Silver
C03665,Logan,Lal,xdate@example.net,Bengaluru,Karnataka,43,Female,2026-07-13,Silver
C03666,Zayan,Deep,girikthaker@example.net,Pune,Maharashtra,46,Female,2026-02-05,Silver
C03667,Warinder,Kumar,imaran92@example.net,Noida,Uttar Pradesh,38,Female,2025-04-11,Gold
C03668,Abhimanyu,Mittal,ctailor@example.com,Bengaluru,Karnataka,52,Female,2025-01-22,Silver
C03669,Waida,Raja,sathvikkeer@example.org,Bengaluru,Karnataka,55,Female,2025-02-24,Silver
C03670,Qushi,Pandya,parmardakshesh@example.org,Mumbai,Maharashtra,42,Female,2023-09-15,Silver
C03671,Harini,Sibal,rachita40@example.net,Chennai,Tamil Nadu,39,Female,2024-09-16,Platinum
C03672,Gauri,Thakur,rehaan82@example.com,Hyderabad,Telangana,25,Female,2026-04-09,Bronze
C03673,Rajeshri,Sridhar,nidhigera@example.org,Bengaluru,Karnataka,21,Male,2025-07-14,Silver
C03674,Yashoda,Lata,isubramaniam@example.net,Noida,Uttar Pradesh,42,Male,2025-03-01,Bronze
C03675,Om,Patil,tarak55@example.org,Pune,Maharashtra,23,Female,2023-11-20,Silver
C03676,Manya,Ganguly,orindergoswami@example.com,Pune,Maharashtra,52,Male,2023-03-16,Silver
C03677,Abhiram,Cherian,iraravi@example.org,Mumbai,Maharashtra,38,Female,2024-03-08,Platinum
C03678,Charita,Sekhon,nishagulati@example.net,New Delhi,Delhi,50,Female,2025-12-26,Bronze
C03679,Zayan,Gole,chanaomkaar@example.org,Bengaluru,Karnataka,49,Female,2024-06-02,Bronze
C03680,Yatan,Mahal,maniparth@example.net,New Delhi,Delhi,37,Male,2023-05-03,Bronze
C03681,Advay,Arya,kramesh@example.net,Gurugram,Haryana,29,Female,2025-02-21,Gold
C03682,Sachi,Baral,nimratrastogi@example.org,Noida,Uttar Pradesh,35,Male,2022-09-20,Silver
C03683,Adweta,Oommen,patelqushi@example.org,Bengaluru,Karnataka,45,Female,2024-02-09,Bronze
C03684,Qasim,Bhavsar,pmane@example.org,Hyderabad,Telangana,28,Female,2025-01-28,Silver
C03685,Anirudh,Kata,bedifrado@example.net,Mumbai,Maharashtra,41,Female,2024-03-03,Bronze
C03686,Theodore,Korpal,sai89@example.org,Bengaluru,Karnataka,54,Female,2026-05-20,Platinum
C03687,Krish,Dyal,ubika11@example.net,Hyderabad,Telangana,30,Male,2025-04-22,Gold
C03688,Tristan,Raja,batraoni@example.org,Pune,Maharashtra,33,Male,2025-10-24,Bronze
C03689,Maanas,Shenoy,ubarad@example.com,Hyderabad,Telangana,26,Male,2024-05-29,Bronze
C03690,Avni,Ratta,sahotachristopher@example.com,Mumbai,Maharashtra,36,Female,2022-08-14,Bronze
C03691,Rajata,Dayal,nmanda@example.net,Mumbai,Maharashtra,40,Female,2023-02-19,Bronze
C03692,Irya,Anne,nandavedant@example.com,New Delhi,Delhi,45,Female,2022-10-05,Bronze
C03693,Oscar,Iyengar,pallavi17@example.com,Pune,Maharashtra,29,Male,2024-11-23,Silver
C03694,Manan,Kapoor,jharudra@example.com,Mumbai,Maharashtra,60,Female,2023-11-12,Bronze
C03695,Ishwar,Arora,barkha16@example.com,Hyderabad,Telangana,22,Female,2023-02-09,Bronze
C03696,Laksh,Iyengar,ramachandranikshita@example.com,Pune,Maharashtra,24,Female,2022-07-27,Gold
C03697,Bhavna,Dada,triptigokhale@example.com,Chennai,Tamil Nadu,52,Male,2025-02-19,Silver
C03698,Upma,Rama,vansha60@example.com,Noida,Uttar Pradesh,52,Female,2026-07-06,Bronze
C03699,Sathvik,Krishnamurthy,pranit90@example.com,Bengaluru,Karnataka,48,Female,2024-04-28,Platinum
C03700,Priya,Boase,vnarang@example.org,Pune,Maharashtra,29,Female,2026-02-06,Gold
C03701,Yasti,Sastry,chadhawarda@example.net,Mumbai,Maharashtra,35,Female,2026-06-21,Platinum
C03702,Ranbir,Gera,qadim02@example.com,Mumbai,Maharashtra,28,Female,2025-01-26,Bronze
C03703,Theodore,Saxena,amara41@example.com,Pune,Maharashtra,28,Female,2025-12-03,Silver
C03704,Om,Kanda,hemani65@example.org,Pune,Maharashtra,39,Female,2023-11-11,Bronze
C03705,Yachana,Ramachandran,saumya90@example.org,Bengaluru,Karnataka,52,Female,2024-05-19,Silver
C03706,Jagrati,Memon,umang62@example.com,Gurugram,Haryana,28,Female,2022-12-25,Bronze
C03707,Benjamin,Mand,mghose@example.net,Bengaluru,Karnataka,26,Female,2024-10-22,Silver
C03708,Radha,Lata,aroraaarush@example.net,Hyderabad,Telangana,38,Male,2023-09-21,Bronze
C03709,Harinakshi,Karan,dhriti74@example.org,Hyderabad,Telangana,21,Female,2025-01-15,Gold
C03710,Gavin,Raman,wahab59@example.net,Mumbai,Maharashtra,41,Female,2022-11-20,Bronze
C03711,Amol,Bali,vanshawalla@example.org,New Delhi,Delhi,22,Female,2025-06-10,Gold
C03712,Adweta,Sane,modyvrinda@example.net,Pune,Maharashtra,46,Female,2022-07-19,Silver
C03713,Nirja,Chandra,tristan78@example.net,Hyderabad,Telangana,57,Male,2023-10-16,Platinum
C03714,Adweta,Majumdar,tanvibehl@example.com,Bengaluru,Karnataka,31,Female,2024-04-24,Bronze
C03715,Keya,Butala,apanchal@example.com,New Delhi,Delhi,49,Female,2025-08-12,Bronze
C03716,Oeshi,Sibal,lipikakaur@example.com,Chennai,Tamil Nadu,42,Female,2023-07-11,Gold
C03717,Ekalinga,Pillai,gagan85@example.net,Ahmedabad,Gujarat,18,Female,2024-07-24,Bronze
C03718,Bahadurjit,Bhasin,snehasoman@example.net,Chennai,Tamil Nadu,42,Male,2023-02-22,Gold
C03719,Ojas,Choudhary,varughesedarika@example.com,Mumbai,Maharashtra,58,Female,2022-07-16,Bronze
C03720,Banjeet,Sha,sbahri@example.org,Noida,Uttar Pradesh,38,Female,2025-04-04,Silver
C03721,Januja,Sabharwal,vbandi@example.org,Pune,Maharashtra,32,Female,2023-01-17,Bronze
C03722,Vedant,Kota,bloke@example.net,Mumbai,Maharashtra,58,Male,2026-05-06,Silver
C03723,Yashodhara,Korpal,avirandhawa@example.com,New Delhi,Delhi,46,Female,2024-04-28,Bronze
C03724,Ria,Kakar,ravelurishilla@example.net,Ahmedabad,Gujarat,40,Other,2024-02-29,Bronze
C03725,Jai,Deshmukh,qadimsalvi@example.com,Mumbai,Maharashtra,41,Female,2022-10-15,Bronze
C03726,Vaishnavi,Mand,babuyauvani@example.com,Hyderabad,Telangana,52,Male,2025-05-14,Silver
C03727,Yashoda,Tripathi,nnarasimhan@example.net,Bengaluru,Karnataka,31,Female,2023-01-27,Silver
C03728,Forum,Batra,wsinha@example.org,Pune,Maharashtra,59,Male,2022-12-12,Gold
C03729,Oeshi,Jayaraman,omkaar89@example.net,New Delhi,Delhi,59,Female,2025-03-12,Bronze
C03730,Vasatika,Ratta,murtyekantika@example.org,Bengaluru,Karnataka,50,Female,2023-09-24,Gold
C03731,Chasmum,Devi,jacobshah@example.org,New Delhi,Delhi,54,Female,2023-01-21,Platinum
C03732,Adweta,Sami,rattisaanvi@example.org,Bengaluru,Karnataka,56,Female,2025-09-04,Platinum
C03733,Niharika,Raman,rachitbhat@example.org,Mumbai,Maharashtra,26,Male,2023-04-20,Bronze
C03734,Neelima,Gaba,somrehaan@example.net,Chennai,Tamil Nadu,26,Female,2022-09-23,Bronze
C03735,Peter,Upadhyay,yadavnathaniel@example.com,Hyderabad,Telangana,52,Male,2023-03-11,Bronze
C03736,Jagdish,Dube,xnaidu@example.org,Mumbai,Maharashtra,26,Male,2025-01-16,Gold
C03737,Viraj,Sheth,shankarabeer@example.net,New Delhi,Delhi,46,Female,2023-03-23,Bronze
C03738,Pallavi,Morar,onveer69@example.com,Bengaluru,Karnataka,27,Other,2025-12-19,Platinum
C03739,Nakul,Balan,wahabchahal@example.net,New Delhi,Delhi,19,Female,2023-09-29,Gold
C03740,Wazir,Narain,anirudh14@example.com,Kolkata,West Bengal,31,Other,2023-05-15,Silver
C03741,Omya,Sengupta,raipraneel@example.org,Bengaluru,Karnataka,54,Female,2026-04-08,Bronze
C03742,Harini,Yohannan,agupta@example.com,Pune,Maharashtra,25,Female,2026-04-18,Bronze
C03743,Aarna,Wali,anitakata@example.net,Chennai,Tamil Nadu,22,Female,2026-06-15,Bronze
C03744,Yauvani,Mall,chaturadin@example.net,Mumbai,Maharashtra,20,Male,2025-11-26,Silver
C03745,Faqid,Shukla,sachdevaurishilla@example.net,New Delhi,Delhi,53,Male,2022-10-12,Silver
C03746,Abdul,Raju,qmadan@example.org,New Delhi,Delhi,18,Female,2025-11-11,Gold
C03747,Ishaan,Oza,chauhanladli@example.net,Pune,Maharashtra,23,Female,2024-05-24,Gold
C03748,Zayyan,Dhar,narasimhanaarav@example.org,Pune,Maharashtra,36,Male,2023-06-12,Silver
C03749,Saumya,Batra,sonichatura@example.net,New Delhi,Delhi,55,Female,2026-01-25,Bronze
C03750,Nachiket,Sachar,brijesh70@example.org,Bengaluru,Karnataka,53,Female,2024-03-08,Bronze
C03751,Azaan,Varghese,vasadominic@example.com,Mumbai,Maharashtra,38,Male,2023-03-31,Silver
C03752,Nathaniel,Ratti,noahsachdeva@example.net,Pune,Maharashtra,19,Female,2025-06-07,Silver
C03753,Owen,Minhas,eta00@example.com,Ahmedabad,Gujarat,41,Male,2026-07-11,Bronze
C03754,Manan,Varty,qarin74@example.org,Mumbai,Maharashtra,42,Female,2023-04-01,Bronze
C03755,Faqid,Saini,sampathisaiah@example.net,Pune,Maharashtra,20,Female,2022-09-06,Platinum
C03756,Lekha,Choudhary,urmiravi@example.com,New Delhi,Delhi,35,Female,2024-03-06,Bronze
C03757,Kevin,Aurora,walikiaan@example.org,New Delhi,Delhi,37,Male,2024-06-19,Silver
C03758,Wriddhish,Dar,obhandari@example.org,New Delhi,Delhi,36,Female,2025-04-14,Bronze
C03759,Oviya,Hayer,avni43@example.com,Mumbai,Maharashtra,57,Male,2024-04-23,Gold
C03760,Lakshmi,Gour,gaurika87@example.org,Mumbai,Maharashtra,48,Female,2023-01-29,Silver
C03761,Finn,Gokhale,merchantluke@example.com,Mumbai,Maharashtra,30,Female,2023-05-25,Silver
C03762,Nicholas,Prakash,nikitabahl@example.net,Mumbai,Maharashtra,42,Female,2025-10-03,Silver
C03763,Gautam,Dugal,tarapatla@example.org,Bengaluru,Karnataka,42,Female,2025-08-26,Silver
C03764,Aditya,Goswami,siya60@example.org,Bengaluru,Karnataka,45,Female,2023-07-09,Silver
C03765,Krisha,Sen,deochaaya@example.org,New Delhi,Delhi,48,Female,2025-11-18,Silver
C03766,Keya,Nadkarni,darikabasak@example.com,New Delhi,Delhi,22,Female,2023-02-06,Bronze
C03767,Isha,Kapadia,gkumer@example.org,Bengaluru,Karnataka,41,Female,2025-07-14,Bronze
C03768,Ria,Pillai,amol36@example.net,Bengaluru,Karnataka,19,Female,2024-06-06,Bronze
C03769,Anita,Uppal,jagatpandey@example.net,Pune,Maharashtra,26,Female,2026-01-21,Silver
C03770,Siya,Tara,zarnapingle@example.com,Gurugram,Haryana,58,Female,2023-12-31,Silver
C03771,Mugdha,Roy,rudradatta@example.org,Chennai,Tamil Nadu,18,Female,2024-05-31,Bronze
C03772,Priya,Barad,zrau@example.com,Chennai,Tamil Nadu,41,Male,2023-05-05,Gold
C03773,Nikita,Mander,dayalkashish@example.net,Hyderabad,Telangana,39,Female,2024-07-09,Platinum
C03774,Dayita,Sundaram,krishnabedi@example.com,Pune,Maharashtra,47,Female,2023-10-26,Bronze
C03775,Quincy,Vohra,kgour@example.com,New Delhi,Delhi,36,Female,2023-10-23,Bronze
C03776,Kabir,Apte,zsaha@example.org,Pune,Maharashtra,59,Female,2023-07-05,Bronze
C03777,Sudiksha,Reddy,ranbirpai@example.com,Bengaluru,Karnataka,43,Male,2023-03-24,Bronze
C03778,Mohammed,Kota,ekanisood@example.com,Pune,Maharashtra,56,Male,2025-10-03,Bronze
C03779,Yutika,Shetty,nseshadri@example.org,Bengaluru,Karnataka,21,Male,2024-01-10,Gold
C03780,Kashish,Saraf,mitrajairaj@example.org,Ahmedabad,Gujarat,41,Female,2025-01-23,Bronze
C03781,Aachal,Vohra,chandranvirk@example.com,Hyderabad,Telangana,36,Female,2024-08-08,Gold
C03782,Yatin,Chandran,ryan98@example.net,Pune,Maharashtra,50,Female,2024-02-08,Gold
C03783,Ranveer,Chad,jonathanrau@example.org,Pune,Maharashtra,49,Male,2024-06-27,Silver
C03784,Ayushman,Agrawal,mannchameli@example.org,Pune,Maharashtra,22,Female,2026-04-08,Bronze
C03785,Unnati,Rastogi,ekalingamody@example.net,New Delhi,Delhi,44,Female,2024-08-17,Bronze
C03786,Utkarsh,Bandi,ekavir34@example.org,Pune,Maharashtra,35,Male,2025-10-13,Bronze
C03787,Anay,Jayaraman,jnagy@example.net,Pune,Maharashtra,53,Female,2025-08-19,Gold
C03788,Upma,Deo,zachariahradhika@example.net,Chennai,Tamil Nadu,18,Female,2024-12-22,Bronze
C03789,Falak,Rajagopal,nathaniel24@example.org,New Delhi,Delhi,29,Female,2023-08-25,Bronze
C03790,Forum,Dora,venkataramanqadim@example.org,Bengaluru,Karnataka,26,Other,2026-01-15,Bronze
C03791,Gayathri,Kata,sundarampooja@example.com,Kolkata,West Bengal,41,Female,2023-07-04,Bronze
C03792,Harsh,Lal,kdass@example.net,Hyderabad,Telangana,59,Female,2023-05-24,Gold
C03793,Bahadurjit,Pingle,iwalla@example.org,Pune,Maharashtra,41,Other,2023-04-29,Silver
C03794,Frederick,Som,yatan07@example.net,Chennai,Tamil Nadu,60,Female,2025-12-07,Bronze
C03795,Nilima,Rege,voraqushi@example.net,Pune,Maharashtra,41,Female,2026-04-20,Gold
C03796,Gauri,Srinivasan,binaahuja@example.com,Hyderabad,Telangana,54,Female,2026-03-31,Bronze
C03797,Yug,Mohanty,hkurian@example.net,Bengaluru,Karnataka,55,Female,2024-02-18,Bronze
C03798,Nihal,Nadkarni,elijahhari@example.com,Kolkata,West Bengal,59,Female,2025-02-08,Silver
C03799,Diya,Ravel,aryacharles@example.com,Hyderabad,Telangana,38,Female,2023-05-25,Bronze
C03800,Vrishti,Tandon,omkaarborah@example.com,New Delhi,Delhi,51,Female,2023-05-13,Silver
C03801,Inaya,Bhatia,onichadha@example.net,Bengaluru,Karnataka,40,Female,2024-03-26,Bronze
C03802,Praneel,Bath,gauribobal@example.net,Kolkata,West Bengal,44,Male,2025-11-24,Bronze
C03803,Rushil,Varty,nhari@example.com,Bengaluru,Karnataka,27,Other,2023-08-29,Bronze
C03804,Banjeet,Gupta,qarin44@example.com,Mumbai,Maharashtra,23,Female,2023-07-12,Silver
C03805,Saumya,Mangat,madanwakeeta@example.com,Hyderabad,Telangana,34,Female,2026-05-07,Bronze
C03806,Atharv,Sawhney,xdave@example.org,Hyderabad,Telangana,57,Female,2022-10-28,Silver
C03807,Divya,Bhatti,singhalodika@example.com,Pune,Maharashtra,31,Other,2024-11-18,Silver
C03808,Faraj,Bora,sbandi@example.net,New Delhi,Delhi,34,Female,2024-02-03,Gold
C03809,Ishanvi,Chakraborty,qkhare@example.org,Pune,Maharashtra,44,Female,2025-09-11,Bronze
C03810,Idika,Brar,indira63@example.com,Mumbai,Maharashtra,45,Female,2023-06-27,Bronze
C03811,Balhaar,Borah,yashodhara05@example.com,Pune,Maharashtra,32,Other,2023-06-22,Platinum
C03812,Farhan,Chandran,siya44@example.net,Ahmedabad,Gujarat,50,Female,2023-07-05,Bronze
C03813,Manya,Pau,jacksonrao@example.org,Pune,Maharashtra,42,Male,2025-04-08,Silver
C03814,Vyanjana,Solanki,bedibhavani@example.org,New Delhi,Delhi,43,Male,2024-11-15,Silver
C03815,Yatan,Arora,eiravati41@example.net,Mumbai,Maharashtra,46,Male,2026-04-01,Gold
C03816,Anya,Badami,masongokhale@example.org,New Delhi,Delhi,41,Female,2024-05-04,Bronze
C03817,Arjun,Kadakia,xramesh@example.org,Pune,Maharashtra,28,Female,2024-04-26,Bronze
C03818,Balveer,Khare,mohini40@example.net,Hyderabad,Telangana,20,Female,2023-03-20,Bronze
C03819,Sai,Walla,doshimanya@example.com,Hyderabad,Telangana,20,Female,2025-12-11,Silver
C03820,Nakul,Nigam,rajabarkha@example.net,New Delhi,Delhi,56,Female,2022-10-23,Bronze
C03821,Rajeshri,Jhaveri,warjasoommen@example.net,Kolkata,West Bengal,47,Male,2025-12-25,Gold
C03822,Omisha,Deo,christophergupta@example.net,Pune,Maharashtra,19,Female,2022-09-11,Gold
C03823,Upadhriti,Mital,ansh88@example.org,New Delhi,Delhi,42,Female,2024-01-19,Silver
C03824,Rachana,Sura,tiwarivasudha@example.org,Pune,Maharashtra,43,Female,2026-05-31,Bronze
C03825,Om,Barman,chandabaghyawati@example.org,Pune,Maharashtra,23,Female,2025-01-16,Platinum
C03826,Farhan,Chanda,maanavramakrishnan@example.com,Ahmedabad,Gujarat,26,Female,2022-10-22,Gold
C03827,Harish,Char,anya85@example.net,Hyderabad,Telangana,40,Male,2023-05-17,Bronze
C03828,Champak,Oza,mohinikhosla@example.org,Pune,Maharashtra,21,Female,2024-03-15,Bronze
C03829,Jagdish,Choudhury,sbali@example.com,Pune,Maharashtra,40,Male,2025-07-09,Silver
C03830,Nathan,Din,murthyupkaar@example.net,New Delhi,Delhi,46,Female,2025-02-02,Silver
C03831,Upma,Amble,rsood@example.com,Pune,Maharashtra,20,Male,2024-12-17,Bronze
C03832,Arya,Minhas,ibhandari@example.net,Hyderabad,Telangana,30,Male,2022-08-06,Bronze
C03833,Laksh,Hegde,sawhneydevansh@example.com,Bengaluru,Karnataka,55,Female,2024-07-24,Silver
C03834,Madhavi,Borah,yagnesh94@example.com,Ahmedabad,Gujarat,22,Female,2022-10-23,Platinum
C03835,Vedika,Ram,adeo@example.org,Mumbai,Maharashtra,57,Female,2022-09-30,Bronze
C03836,Yuvraj,Narain,xagate@example.org,New Delhi,Delhi,55,Female,2025-05-28,Bronze
C03837,Agastya,Devi,vborah@example.net,Pune,Maharashtra,31,Female,2026-05-15,Silver
C03838,Charvi,Babu,kashvisunder@example.net,New Delhi,Delhi,22,Female,2024-12-13,Bronze
C03839,Saumya,Ahuja,lipikavarughese@example.com,Bengaluru,Karnataka,32,Other,2026-01-07,Bronze
C03840,Chanakya,Narayanan,ramaswamywarjas@example.org,Bengaluru,Karnataka,52,Female,2025-07-27,Silver
C03841,Meghana,Randhawa,radhaanand@example.com,Pune,Maharashtra,54,Female,2024-06-13,Bronze
C03842,Chaitanya,Dayal,sanghviamaira@example.org,Mumbai,Maharashtra,21,Female,2026-05-11,Bronze
C03843,Jai,Apte,calebdani@example.org,Kolkata,West Bengal,59,Female,2026-06-22,Silver
C03844,Daniel,Khalsa,dharjanya@example.org,Kolkata,West Bengal,21,Female,2023-06-23,Bronze
C03845,Arin,Lala,nakul37@example.com,Mumbai,Maharashtra,20,Male,2025-01-26,Gold
C03846,Unni,Peri,isaacgrover@example.com,Noida,Uttar Pradesh,35,Female,2023-09-27,Bronze
C03847,Benjamin,Bawa,ibassi@example.com,Chennai,Tamil Nadu,60,Female,2025-04-28,Gold
C03848,Ikshita,Tailor,ekanta44@example.net,Mumbai,Maharashtra,41,Male,2022-08-17,Bronze
C03849,Laksh,Bassi,bhavika89@example.com,Mumbai,Maharashtra,42,Male,2023-12-23,Gold
C03850,Bhavika,Narayan,yoshitachana@example.org,Mumbai,Maharashtra,31,Female,2026-07-02,Bronze
C03851,Amol,Dara,opall@example.com,Pune,Maharashtra,31,Other,2023-10-12,Bronze
C03852,Siddharth,Mander,ganga66@example.org,Pune,Maharashtra,29,Female,2024-05-08,Bronze
C03853,Oliver,Prabhakar,jatintak@example.net,Mumbai,Maharashtra,21,Female,2023-04-13,Silver
C03854,Warda,Ben,nikita60@example.org,Bengaluru,Karnataka,32,Male,2025-09-15,Bronze
C03855,Nilima,Chauhan,tdewan@example.net,Chennai,Tamil Nadu,18,Male,2026-02-26,Bronze
C03856,Pallavi,Balasubramanian,sanne@example.com,Pune,Maharashtra,20,Female,2024-03-07,Bronze
C03857,Mitesh,Sama,ibabu@example.org,Hyderabad,Telangana,53,Male,2023-07-07,Silver
C03858,Ira,Bhatnagar,yamini50@example.org,Pune,Maharashtra,25,Female,2025-09-11,Bronze
C03859,Kavya,Issac,birridhi@example.org,Pune,Maharashtra,57,Male,2025-10-13,Bronze
C03860,Gautam,Sampath,uchandra@example.com,New Delhi,Delhi,39,Male,2023-12-27,Platinum
C03861,Chatura,Palan,xbhatia@example.org,Bengaluru,Karnataka,46,Female,2023-07-02,Silver
C03862,Praneel,Kumer,falan33@example.net,Pune,Maharashtra,55,Male,2025-08-02,Silver
C03863,Eta,Mohanty,dlanka@example.net,Mumbai,Maharashtra,20,Female,2024-04-30,Gold
C03864,Keya,Lalla,tanay15@example.net,Mumbai,Maharashtra,18,Male,2025-07-17,Bronze
C03865,Unni,Bhagat,triveni19@example.net,Mumbai,Maharashtra,29,Female,2023-08-17,Bronze
C03866,Fariq,Vohra,vsaran@example.com,Bengaluru,Karnataka,56,Female,2026-05-29,Gold
C03867,Nidhi,Kala,ynarayanan@example.org,Pune,Maharashtra,28,Female,2024-08-12,Silver
C03868,Wahab,Hayer,warda48@example.com,Pune,Maharashtra,45,Female,2025-06-26,Bronze
C03869,Meghana,Amble,upadhriti02@example.org,New Delhi,Delhi,60,Female,2023-02-19,Bronze
C03870,Vanya,Som,lankayash@example.org,Ahmedabad,Gujarat,51,Female,2025-11-06,Bronze
C03871,Harish,Grewal,atharvparsa@example.com,Pune,Maharashtra,54,Female,2024-06-29,Bronze
C03872,Vrinda,Khurana,ranveerdhawan@example.net,Pune,Maharashtra,31,Female,2024-02-05,Bronze
C03873,Varenya,Kala,shivanshravel@example.com,Bengaluru,Karnataka,38,Female,2023-03-31,Bronze
C03874,Aashi,Baral,kiaannagy@example.org,Gurugram,Haryana,24,Female,2025-08-10,Silver
C03875,Nihal,Rana,npuri@example.net,New Delhi,Delhi,33,Female,2024-08-22,Silver
C03876,Rachit,Kuruvilla,revasolanki@example.org,New Delhi,Delhi,22,Female,2025-05-02,Bronze
C03877,Nathaniel,Kapur,lohit02@example.org,Kolkata,West Bengal,55,Female,2023-09-11,Bronze
C03878,Qabil,Bains,krishnamurthyaadi@example.org,Bengaluru,Karnataka,37,Male,2024-09-07,Silver
C03879,Pallavi,Gulati,parthvarty@example.com,Noida,Uttar Pradesh,28,Male,2025-10-09,Bronze
C03880,Chaaya,Devi,chamelitalwar@example.net,Pune,Maharashtra,53,Female,2025-07-20,Bronze
C03881,Ekavir,Vohra,adityasubramanian@example.com,Pune,Maharashtra,26,Female,2025-04-06,Bronze
C03882,Ekani,Chad,amruta52@example.com,Mumbai,Maharashtra,35,Female,2024-12-27,Bronze
C03883,Dakshesh,Savant,rajata99@example.net,Pune,Maharashtra,51,Male,2025-10-22,Bronze
C03884,Ekaraj,Jaggi,jeetbalan@example.org,Gurugram,Haryana,54,Female,2024-07-11,Bronze
C03885,Maya,Mane,tanaydubey@example.org,Pune,Maharashtra,58,Male,2025-11-01,Bronze
C03886,Rachana,Dora,waidasengupta@example.com,New Delhi,Delhi,35,Male,2026-04-06,Silver
C03887,Unni,Kamdar,faqidsachdeva@example.net,Pune,Maharashtra,26,Female,2025-10-23,Bronze
C03888,Yashawini,Bandi,tratti@example.net,Chennai,Tamil Nadu,24,Female,2025-10-31,Silver
C03889,Vanya,Bala,naggarwal@example.net,Pune,Maharashtra,50,Female,2025-10-24,Bronze
C03890,Janaki,Ben,kritikabanerjee@example.com,Pune,Maharashtra,43,Female,2025-02-14,Silver
C03891,Dhriti,Gara,krishna41@example.net,Hyderabad,Telangana,56,Female,2024-08-12,Gold
C03892,Baljiwan,Solanki,chatresh27@example.com,Bengaluru,Karnataka,43,Male,2024-07-20,Bronze
C03893,Andrew,Saraf,gperi@example.org,Bengaluru,Karnataka,22,Female,2025-10-21,Silver
C03894,Priya,Setty,xdevi@example.net,Noida,Uttar Pradesh,44,Female,2026-01-16,Gold
C03895,Aarnav,Sani,akshaybaral@example.org,Gurugram,Haryana,48,Female,2026-02-17,Gold
C03896,Nidhi,Halder,netra46@example.net,Pune,Maharashtra,55,Male,2025-08-27,Silver
C03897,Ekavir,Mandal,uloke@example.net,Pune,Maharashtra,34,Female,2026-05-20,Platinum
C03898,Vedika,Joshi,virkteerth@example.net,Bengaluru,Karnataka,22,Female,2024-12-30,Bronze
C03899,Vedhika,Mall,kurianyashawini@example.com,Pune,Maharashtra,30,Male,2026-02-02,Bronze
C03900,Bakhshi,Murty,akshay49@example.net,Pune,Maharashtra,41,Female,2026-03-26,Gold
C03901,Sarthak,Dhar,ssarin@example.org,Kolkata,West Bengal,43,Female,2024-03-15,Silver
C03902,Joshua,Deep,aariniraj@example.org,Ahmedabad,Gujarat,32,Female,2024-05-25,Gold
C03903,Kalpit,Chaudhuri,falanchawla@example.com,Pune,Maharashtra,43,Female,2023-09-04,Bronze
C03904,Bhavya,Nori,zayanbabu@example.org,Bengaluru,Karnataka,37,Female,2025-02-12,Bronze
C03905,Elijah,Gopal,vsarkar@example.net,Mumbai,Maharashtra,37,Female,2025-06-11,Bronze
C03906,Nihal,Devan,dakshatank@example.com,Pune,Maharashtra,40,Female,2024-03-17,Silver
C03907,Orinder,Edwin,mitali78@example.net,Mumbai,Maharashtra,30,Female,2024-01-01,Bronze
C03908,Vyanjana,Bhatt,kabirjayaraman@example.com,Pune,Maharashtra,23,Female,2025-11-20,Bronze
C03909,Vasudha,Bhardwaj,bina16@example.net,Pune,Maharashtra,60,Female,2024-03-29,Gold
C03910,Chandran,Rajagopalan,iyengaraadhya@example.net,Mumbai,Maharashtra,53,Female,2022-11-16,Bronze
C03911,Kala,Rattan,unni99@example.net,Pune,Maharashtra,50,Male,2022-09-27,Silver
C03912,Anika,Raman,nairyutika@example.com,Kolkata,West Bengal,49,Male,2023-07-21,Silver
C03913,Sachi,Luthra,rhans@example.net,New Delhi,Delhi,57,Male,2025-12-30,Bronze
C03914,Wyatt,Aggarwal,mdube@example.com,Pune,Maharashtra,23,Female,2024-10-19,Silver
C03915,Jagdish,Bedi,dhaliwalomisha@example.org,Mumbai,Maharashtra,30,Female,2025-04-23,Gold
C03916,Leena,Rattan,abhimanyuchaudhary@example.com,Chennai,Tamil Nadu,47,Other,2024-12-19,Bronze
C03917,Ekantika,Parekh,shivani86@example.com,Mumbai,Maharashtra,41,Female,2026-03-23,Bronze
C03918,Ganga,Tata,unaidu@example.com,Mumbai,Maharashtra,20,Male,2025-05-30,Bronze
C03919,Wakeeta,Pandey,geraaachal@example.com,Pune,Maharashtra,60,Female,2024-06-29,Bronze
C03920,Raagini,Maharaj,amblecharles@example.com,Mumbai,Maharashtra,41,Male,2025-01-18,Silver
C03921,Sanya,Nazareth,iwali@example.com,Mumbai,Maharashtra,54,Female,2022-09-05,Bronze
C03922,Dakshesh,Parikh,sachdevalavanya@example.com,Hyderabad,Telangana,55,Female,2024-04-17,Silver
C03923,Aadhya,Nair,dubeparth@example.com,Noida,Uttar Pradesh,39,Male,2022-12-25,Bronze
C03924,Chasmum,Lad,valaurmi@example.com,Pune,Maharashtra,54,Female,2024-06-19,Gold
C03925,Abdul,Dhawan,sakshamwadhwa@example.com,Mumbai,Maharashtra,50,Female,2023-03-19,Gold
C03926,Pooja,Badal,eeshasinghal@example.org,Mumbai,Maharashtra,26,Female,2024-12-21,Bronze
C03927,Devansh,Sethi,korpalnilima@example.org,Mumbai,Maharashtra,18,Female,2023-07-18,Gold
C03928,Chakradev,Misra,mitesh38@example.net,Kolkata,West Bengal,50,Female,2024-10-29,Bronze
C03929,Nisha,Bhat,chakradevnatarajan@example.net,Hyderabad,Telangana,27,Female,2023-03-16,Gold
C03930,Chanakya,Zachariah,azaanmall@example.net,Bengaluru,Karnataka,37,Male,2024-04-26,Bronze
C03931,Ekapad,Kala,advik96@example.net,Chennai,Tamil Nadu,18,Female,2025-03-15,Platinum
C03932,Dominic,Soni,isur@example.com,Pune,Maharashtra,55,Other,2024-06-25,Bronze
C03933,Gayathri,Dua,imaran35@example.com,Mumbai,Maharashtra,21,Other,2024-12-10,Platinum
C03934,Anamika,Vyas,misraeesha@example.org,New Delhi,Delhi,30,Female,2023-04-10,Gold
C03935,Ucchal,Jayaraman,krishna74@example.net,Kolkata,West Bengal,37,Male,2025-11-22,Gold
C03936,Akshay,Nagy,kkapoor@example.com,Pune,Maharashtra,46,Female,2026-03-26,Bronze
C03937,Anirudh,Nayar,deyrachana@example.org,Hyderabad,Telangana,24,Male,2025-04-12,Silver
C03938,Om,Krishna,manan03@example.org,Pune,Maharashtra,59,Female,2023-07-21,Bronze
C03939,Irya,Wali,gaurangiverma@example.com,Kolkata,West Bengal,28,Female,2024-07-19,Bronze
C03940,Anay,Sidhu,devikadube@example.org,Mumbai,Maharashtra,46,Female,2023-06-20,Gold
C03941,Utkarsh,Char,esharaf@example.com,Mumbai,Maharashtra,31,Female,2025-09-01,Platinum
C03942,Rajeshri,Sharma,jasmit14@example.org,Mumbai,Maharashtra,45,Male,2025-07-23,Silver
C03943,Yochana,Sandal,nathan30@example.net,Bengaluru,Karnataka,59,Male,2025-01-18,Bronze
C03944,Kai,Nagarajan,zvarkey@example.com,Pune,Maharashtra,59,Male,2025-06-16,Gold
C03945,Hitesh,Salvi,yashkannan@example.org,Kolkata,West Bengal,19,Female,2022-10-02,Bronze
C03946,Pushti,Balasubramanian,krisha94@example.org,Mumbai,Maharashtra,32,Male,2025-09-19,Bronze
C03947,Tripti,Salvi,hmaster@example.org,Pune,Maharashtra,43,Female,2024-02-19,Bronze
C03948,Hardik,Sawhney,aarnavrajagopalan@example.com,Pune,Maharashtra,25,Female,2026-07-12,Bronze
C03949,Qabil,Kala,prabhugeorge@example.net,Hyderabad,Telangana,40,Male,2023-01-07,Gold
C03950,Gautam,Sidhu,chaitalydin@example.com,Kolkata,West Bengal,19,Male,2026-03-12,Bronze
C03951,Janaki,Oak,oeshi98@example.net,New Delhi,Delhi,20,Female,2022-11-08,Gold
C03952,Arin,Salvi,warinderdeol@example.com,Bengaluru,Karnataka,29,Male,2022-09-20,Bronze
C03953,Maanas,Kannan,cdani@example.net,Pune,Maharashtra,60,Male,2023-12-13,Bronze
C03954,Yadavi,Bala,onveerkari@example.com,Mumbai,Maharashtra,37,Female,2023-02-27,Silver
C03955,Daksh,Banik,rmutti@example.net,Hyderabad,Telangana,43,Female,2025-04-29,Silver
C03956,Sara,Bhakta,unnati79@example.com,Pune,Maharashtra,20,Female,2025-08-16,Bronze
C03957,Aashi,Bobal,fsalvi@example.com,Bengaluru,Karnataka,27,Female,2024-07-30,Bronze
C03958,Dipta,Jain,zachariahbalveer@example.com,Ahmedabad,Gujarat,56,Female,2026-05-25,Silver
C03959,Shivansh,Shere,panditdhruv@example.com,New Delhi,Delhi,33,Female,2023-10-30,Silver
C03960,Wakeeta,Bhardwaj,kala89@example.net,Kolkata,West Bengal,60,Female,2024-07-27,Gold
C03961,Madhavi,Ganesh,gkade@example.com,Pune,Maharashtra,58,Female,2025-09-13,Gold
C03962,Yauvani,Savant,hjha@example.org,Pune,Maharashtra,30,Male,2023-02-03,Silver
C03963,Nachiket,Badal,frastogi@example.org,Pune,Maharashtra,41,Male,2024-12-07,Silver
C03964,Wazir,Rastogi,goleishwar@example.net,Hyderabad,Telangana,40,Female,2025-04-20,Bronze
C03965,Ayaan,Nath,chaudhrymohammed@example.net,Mumbai,Maharashtra,40,Other,2023-09-14,Bronze
C03966,Lila,Chaudhari,avisuresh@example.org,Pune,Maharashtra,53,Other,2026-04-09,Bronze
C03967,Neelima,Rama,danichampak@example.com,Pune,Maharashtra,49,Male,2023-02-21,Bronze
C03968,Kevin,Kanda,ldin@example.net,Bengaluru,Karnataka,30,Female,2025-08-28,Bronze
C03969,Maanas,Ram,udarshmaharaj@example.net,Bengaluru,Karnataka,43,Female,2025-09-02,Silver
C03970,Yasti,Sarkar,suhani03@example.net,Kolkata,West Bengal,32,Male,2023-06-11,Silver
C03971,Diya,Basu,uswaminathan@example.com,Bengaluru,Karnataka,23,Male,2025-07-09,Bronze
C03972,Yasti,Sachdev,rayaannigam@example.com,Hyderabad,Telangana,45,Male,2023-01-05,Silver
C03973,Sanaya,Arya,psathe@example.net,Bengaluru,Karnataka,43,Female,2025-02-05,Bronze
C03974,Harrison,Garde,harishnaidu@example.com,Hyderabad,Telangana,27,Female,2025-10-23,Platinum
C03975,Harini,Basak,ria05@example.org,Pune,Maharashtra,27,Female,2022-09-03,Bronze
C03976,Girik,Vohra,hkapadia@example.com,New Delhi,Delhi,58,Female,2026-06-14,Silver
C03977,Ati,Lall,mukhopadhyayjhalak@example.net,Mumbai,Maharashtra,40,Female,2025-09-06,Silver
C03978,Shaurya,Cheema,mukhopadhyaydevansh@example.com,New Delhi,Delhi,60,Other,2025-09-06,Silver
C03979,Vasudha,Behl,duautkarsh@example.net,Pune,Maharashtra,43,Female,2024-07-24,Bronze
C03980,Ekantika,Bawa,nandiniwason@example.com,Chennai,Tamil Nadu,31,Female,2024-08-26,Bronze
C03981,Ishaan,Nair,mwalla@example.org,Mumbai,Maharashtra,48,Male,2022-12-25,Bronze
C03982,Baljiwan,Sarma,isekhon@example.org,Chennai,Tamil Nadu,52,Female,2025-11-26,Bronze
C03983,Lucky,Kata,amara56@example.net,Hyderabad,Telangana,24,Male,2024-12-31,Bronze
C03984,Bishakha,Lall,ksolanki@example.com,New Delhi,Delhi,53,Male,2025-04-05,Silver
C03985,Aryan,Kata,tsane@example.org,New Delhi,Delhi,27,Female,2024-09-23,Silver
C03986,Dominic,Sankaran,krishnagar@example.com,Pune,Maharashtra,29,Female,2024-05-20,Bronze
C03987,Tejas,Tara,jagatpant@example.net,Hyderabad,Telangana,43,Female,2022-10-28,Gold
C03988,Wishi,Pau,mdyal@example.net,Bengaluru,Karnataka,42,Female,2024-06-30,Silver
C03989,Manan,Sarna,hemangupadhyay@example.com,Hyderabad,Telangana,41,Female,2026-04-17,Silver
C03990,Sathvik,Barad,gaurangnarula@example.net,Hyderabad,Telangana,60,Female,2023-01-13,Bronze
C03991,Jyoti,Modi,utkarshkaran@example.org,Gurugram,Haryana,22,Female,2025-01-16,Silver
C03992,Charita,Chana,epradhan@example.net,New Delhi,Delhi,45,Female,2024-09-11,Silver
C03993,Idika,Kumar,rachitaramachandran@example.org,New Delhi,Delhi,42,Female,2023-04-25,Bronze
C03994,Unnati,Johal,bishakha67@example.net,Mumbai,Maharashtra,49,Female,2023-06-24,Bronze
C03995,Aachal,Ramachandran,jasonpai@example.net,Bengaluru,Karnataka,26,Female,2026-07-17,Bronze
C03996,Ishanvi,Mander,suramrita@example.net,Gurugram,Haryana,18,Female,2022-10-22,Gold
C03997,Ishwar,Samra,satheaarush@example.com,Bengaluru,Karnataka,60,Female,2025-10-13,Bronze
C03998,Agastya,Edwin,farajvarghese@example.net,Kolkata,West Bengal,33,Male,2023-05-05,Bronze
C03999,Girindra,Ravel,mangathardik@example.org,Kolkata,West Bengal,47,Female,2024-04-13,Silver
C04000,Charita,Mahal,sraju@example.org,Mumbai,Maharashtra,51,Female,2023-05-16,Bronze
C04001,Aadhya,Jani,ssengupta@example.org,Mumbai,Maharashtra,32,Female,2023-11-01,Silver
C04002,Kabir,Dass,qmani@example.net,Hyderabad,Telangana,46,Female,2025-10-21,Silver
C04003,Wyatt,Jaggi,doshipanini@example.net,Pune,Maharashtra,54,Male,2024-08-23,Silver
C04004,Ijaya,Balan,hgrover@example.net,Bengaluru,Karnataka,44,Female,2023-06-29,Gold
C04005,Ranbir,Sagar,dsethi@example.org,Kolkata,West Bengal,54,Male,2023-01-03,Silver
C04006,Krishna,Sagar,esaran@example.org,Mumbai,Maharashtra,56,Female,2025-11-24,Silver
C04007,Liam,Munshi,rkhosla@example.org,Mumbai,Maharashtra,19,Male,2025-06-28,Silver
C04008,Azad,Desai,kiaankannan@example.com,Hyderabad,Telangana,39,Female,2022-12-22,Bronze
C04009,Balveer,Bora,rakshasampath@example.net,Pune,Maharashtra,55,Female,2025-11-13,Gold
C04010,Timothy,Sama,nparmar@example.net,Hyderabad,Telangana,42,Female,2023-10-27,Bronze
C04011,Amol,Chandra,nsethi@example.org,New Delhi,Delhi,48,Female,2024-12-14,Bronze
C04012,Falak,Doctor,anya61@example.com,Pune,Maharashtra,47,Female,2023-05-26,Bronze
C04013,Chaaya,Bala,siddharthkorpal@example.com,New Delhi,Delhi,49,Female,2024-02-08,Silver
C04014,Dev,Shankar,megha56@example.com,Bengaluru,Karnataka,23,Female,2024-10-23,Bronze
C04015,Logan,Puri,choudharyleela@example.org,Ahmedabad,Gujarat,20,Female,2024-02-26,Bronze
C04016,Vrishti,Dave,ekamdar@example.net,Pune,Maharashtra,40,Female,2025-03-05,Bronze
C04017,Ishanvi,Raj,ishani92@example.net,Pune,Maharashtra,42,Other,2023-03-31,Silver
C04018,Qadim,Sunder,qprashad@example.org,Bengaluru,Karnataka,46,Female,2023-12-10,Gold
C04019,Chanchal,Bath,kalitaekiya@example.org,Bengaluru,Karnataka,26,Female,2024-07-15,Bronze
C04020,Praneel,Natt,devansh34@example.com,Mumbai,Maharashtra,41,Female,2026-04-08,Silver
C04021,Aadhya,Rastogi,ldhaliwal@example.net,Pune,Maharashtra,25,Female,2024-08-01,Bronze
C04022,Veer,Acharya,upasna33@example.org,Mumbai,Maharashtra,45,Female,2025-05-22,Platinum
C04023,Zayyan,Patel,kritika15@example.net,Chennai,Tamil Nadu,36,Male,2023-02-07,Silver
C04024,Vasatika,Master,manthanparmar@example.org,Bengaluru,Karnataka,39,Female,2023-05-08,Bronze
C04025,Ishwar,Lad,hvora@example.com,Mumbai,Maharashtra,45,Female,2022-11-10,Platinum
C04026,Edhitha,Kala,desaiabhiram@example.com,Hyderabad,Telangana,32,Female,2024-11-27,Bronze
C04027,Akshay,Nagy,yagnesh77@example.net,Pune,Maharashtra,57,Female,2024-10-31,Silver
C04028,Radhika,Sandal,varkeyrishi@example.org,Bengaluru,Karnataka,56,Female,2025-03-05,Silver
C04029,Kashvi,Thakkar,bhasinharish@example.net,Chennai,Tamil Nadu,55,Female,2024-12-31,Bronze
C04030,Varsha,Kohli,munisamuel@example.net,Chennai,Tamil Nadu,34,Female,2024-03-31,Silver
C04031,Frado,Nair,bhattacharyyazashil@example.org,Chennai,Tamil Nadu,53,Female,2022-08-16,Bronze
C04032,Rachita,Srivastava,ogarde@example.org,Bengaluru,Karnataka,44,Female,2023-09-27,Silver
C04033,Alexander,Sunder,shangunbir@example.org,New Delhi,Delhi,54,Female,2025-04-27,Silver
C04034,Nidra,Vohra,pallavi42@example.com,Hyderabad,Telangana,55,Male,2023-08-14,Bronze
C04035,Suhani,Bera,jagate@example.com,Pune,Maharashtra,18,Other,2025-12-18,Silver
C04036,Rudra,Konda,pradhanadya@example.org,Mumbai,Maharashtra,29,Female,2026-03-15,Bronze
C04037,Rohan,Arora,dbandi@example.org,Pune,Maharashtra,37,Male,2024-09-17,Silver
C04038,Robert,Bhagat,yadavisankaran@example.com,Pune,Maharashtra,44,Female,2023-01-05,Bronze
C04039,Gautami,Bahl,lakshit24@example.net,Bengaluru,Karnataka,20,Female,2025-11-03,Bronze
C04040,Girish,Char,mitesh06@example.com,Mumbai,Maharashtra,37,Female,2024-02-13,Bronze
C04041,Varsha,Bansal,murtyfaqid@example.com,New Delhi,Delhi,54,Female,2025-04-17,Bronze
C04042,Ekaja,Dhar,chandranneelima@example.com,Ahmedabad,Gujarat,24,Female,2024-07-20,Bronze
C04043,Zaid,Jha,kabirdeshmukh@example.org,New Delhi,Delhi,39,Male,2023-12-16,Gold
C04044,Arunima,Barad,nagarajanvincent@example.net,Bengaluru,Karnataka,43,Female,2023-03-18,Silver
C04045,Kalpit,Gour,champakpradhan@example.com,Bengaluru,Karnataka,18,Female,2023-11-26,Bronze
C04046,Logan,Bala,batrafaqid@example.org,Hyderabad,Telangana,57,Female,2023-05-01,Bronze
C04047,Sarthak,Kunda,shaurya39@example.org,New Delhi,Delhi,37,Female,2023-06-13,Silver
C04048,Reyansh,Kari,janujagolla@example.net,Mumbai,Maharashtra,23,Female,2025-04-21,Gold
C04049,Kritika,Dada,nathankohli@example.net,Bengaluru,Karnataka,31,Female,2026-04-11,Bronze
C04050,Aachal,Nayak,vmander@example.org,Hyderabad,Telangana,60,Male,2025-08-30,Bronze
C04051,Tarak,Modi,xitiratta@example.com,Pune,Maharashtra,47,Female,2024-10-22,Bronze
C04052,Chanchal,Savant,lahluwalia@example.com,Pune,Maharashtra,19,Female,2025-12-10,Silver
C04053,Yauvani,Sani,rhans@example.org,New Delhi,Delhi,50,Male,2024-03-19,Silver
C04054,Chatura,Parikh,rajeshrisetty@example.net,New Delhi,Delhi,19,Female,2023-07-08,Silver
C04055,Urvashi,Kibe,jalsa29@example.com,Gurugram,Haryana,38,Female,2022-11-23,Gold
C04056,Vincent,Parekh,vchanda@example.net,Bengaluru,Karnataka,42,Male,2024-12-21,Platinum
C04057,Peter,Rajagopal,vprabhakar@example.net,Pune,Maharashtra,23,Female,2022-11-17,Platinum
C04058,Dominic,Loke,kramakrishnan@example.com,Mumbai,Maharashtra,22,Female,2024-12-10,Bronze
C04059,Yatin,Vaidya,sahaomaja@example.com,Pune,Maharashtra,38,Female,2025-05-19,Bronze
C04060,Henry,Lata,opingle@example.org,Hyderabad,Telangana,21,Female,2024-06-28,Gold
C04061,Nidhi,Prabhakar,bhavyasathe@example.com,Bengaluru,Karnataka,45,Female,2024-12-21,Bronze
C04062,Meera,Saraf,viraj53@example.net,Hyderabad,Telangana,30,Female,2025-08-26,Silver
C04063,Nikita,Datta,zaid24@example.org,Pune,Maharashtra,18,Female,2025-03-27,Bronze
C04064,Lipika,Tak,chamelichauhan@example.com,Mumbai,Maharashtra,31,Female,2025-12-10,Bronze
C04065,Vaishnavi,Bumb,tanvisahota@example.org,Pune,Maharashtra,34,Female,2025-06-09,Bronze
C04066,Udarsh,Naik,simon46@example.net,New Delhi,Delhi,60,Male,2025-11-09,Silver
C04067,Falguni,Tella,qkoshy@example.net,Mumbai,Maharashtra,46,Male,2026-06-27,Bronze
C04068,Atharv,Sachar,ramaswamymanan@example.com,Bengaluru,Karnataka,40,Male,2023-02-15,Bronze
C04069,Upma,Khalsa,sagargopal@example.com,Ahmedabad,Gujarat,29,Female,2026-03-24,Bronze
C04070,Udarsh,Tella,chaudhurimeera@example.net,Pune,Maharashtra,32,Male,2025-07-29,Silver
C04071,Ronith,Shenoy,balakrishnanyash@example.org,Mumbai,Maharashtra,28,Female,2023-10-24,Bronze
C04072,Widisha,Joshi,yde@example.org,New Delhi,Delhi,20,Female,2025-10-22,Bronze
C04073,Urishilla,Ganesan,chandrananusha@example.net,Pune,Maharashtra,19,Female,2023-04-15,Silver
C04074,Pallavi,Subramaniam,deylibni@example.net,Kolkata,West Bengal,26,Female,2022-11-01,Gold
C04075,Anvi,Johal,deepjason@example.com,Pune,Maharashtra,34,Female,2024-03-23,Silver
C04076,Mitali,Hegde,riya62@example.com,New Delhi,Delhi,48,Female,2025-12-22,Silver
C04077,Arunima,Dhawan,lipikaminhas@example.com,Mumbai,Maharashtra,44,Female,2025-01-31,Silver
C04078,Nidra,Jha,ikbalsharma@example.org,Bengaluru,Karnataka,34,Female,2025-07-09,Bronze
C04079,Charita,Apte,meghalala@example.net,Bengaluru,Karnataka,46,Female,2023-07-15,Silver
C04080,Fariq,Choudhary,odikarajagopal@example.net,Bengaluru,Karnataka,50,Male,2024-08-22,Bronze
C04081,Brinda,Sharma,routsiya@example.net,Pune,Maharashtra,20,Male,2023-03-10,Silver
C04082,Atharv,Sabharwal,tejasnarasimhan@example.org,New Delhi,Delhi,43,Male,2024-05-20,Bronze
C04083,Indrajit,Bali,ramachandranhritik@example.org,Mumbai,Maharashtra,27,Male,2023-09-14,Bronze
C04084,Inaya,Bala,rattanyatin@example.net,Bengaluru,Karnataka,54,Male,2024-01-06,Bronze
C04085,Anita,Bandi,hayerupkaar@example.org,Pune,Maharashtra,23,Female,2025-10-25,Bronze
C04086,Anita,Magar,vamakshisaini@example.com,Bengaluru,Karnataka,20,Female,2023-09-01,Bronze
C04087,Samesh,Mahal,mandachakradev@example.net,New Delhi,Delhi,57,Female,2024-03-19,Gold
C04088,Alka,Chakrabarti,bobalradha@example.com,Gurugram,Haryana,47,Male,2026-02-17,Gold
C04089,Tarak,Barad,krishnamurthygavin@example.org,Bengaluru,Karnataka,20,Male,2022-08-28,Gold
C04090,Nandini,Anne,fiyaz00@example.com,Bengaluru,Karnataka,24,Female,2024-07-27,Silver
C04091,Neel,Barad,omishasahni@example.org,Mumbai,Maharashtra,29,Female,2024-07-22,Silver
C04092,Netra,Bali,baralyatin@example.com,Ahmedabad,Gujarat,49,Female,2025-12-06,Bronze
C04093,Maanas,Dara,aarnathaker@example.net,Ahmedabad,Gujarat,34,Female,2024-05-15,Silver
C04094,Forum,Mittal,nachiket03@example.com,Pune,Maharashtra,41,Male,2026-06-05,Bronze
C04095,Rudra,Borde,sbhat@example.com,Pune,Maharashtra,42,Female,2025-07-23,Silver
C04096,Gopal,Sunder,jhalavanya@example.org,Mumbai,Maharashtra,42,Male,2022-12-03,Bronze
C04097,Fariq,Naik,schaudhary@example.org,Pune,Maharashtra,52,Male,2026-07-15,Bronze
C04098,Warhi,D’Alia,krishnachaudhari@example.net,Mumbai,Maharashtra,46,Male,2024-11-07,Gold
C04099,Dayamai,Babu,chavvishetty@example.net,Mumbai,Maharashtra,49,Female,2023-08-21,Silver
C04100,Aayush,Edwin,manngeorge@example.org,Mumbai,Maharashtra,47,Female,2025-01-10,Bronze
C04101,Kevin,Walla,umistry@example.org,Chennai,Tamil Nadu,42,Male,2023-02-07,Silver
C04102,Vedhika,Borde,rajatasoni@example.net,Pune,Maharashtra,30,Male,2024-10-15,Bronze
C04103,Jyoti,Swaminathan,bmenon@example.org,Mumbai,Maharashtra,29,Female,2022-08-11,Silver
C04104,Ekbal,Khare,baradxalak@example.com,Pune,Maharashtra,38,Female,2023-03-12,Bronze
C04105,Indrajit,Raghavan,mangatomkaar@example.org,Bengaluru,Karnataka,48,Female,2023-10-03,Bronze
C04106,Max,Dani,bhanumati01@example.net,Ahmedabad,Gujarat,27,Female,2023-05-14,Bronze
C04107,Wazir,Butala,tejas50@example.com,Mumbai,Maharashtra,23,Female,2023-07-03,Silver
C04108,Rachita,Goyal,abhavsar@example.net,Pune,Maharashtra,54,Male,2024-06-23,Bronze
C04109,Zehaan,Padmanabhan,oliver52@example.net,Bengaluru,Karnataka,22,Female,2025-11-21,Gold
C04110,Watika,Muni,agateliam@example.net,Ahmedabad,Gujarat,31,Female,2024-03-30,Silver
C04111,Januja,Mandal,tbhattacharyya@example.com,Mumbai,Maharashtra,55,Female,2022-10-26,Bronze
C04112,Anya,Verma,pooja69@example.com,Bengaluru,Karnataka,59,Female,2025-09-06,Gold
C04113,Yashawini,Kant,balasubramaniankala@example.org,New Delhi,Delhi,29,Female,2022-10-27,Bronze
C04114,Harini,Sant,qpall@example.com,Mumbai,Maharashtra,57,Female,2025-02-03,Silver
C04115,Sathvik,Pau,yamini42@example.org,Bengaluru,Karnataka,30,Female,2026-01-01,Bronze
C04116,Saumya,Chadha,ydugal@example.com,New Delhi,Delhi,20,Female,2026-04-27,Silver
C04117,Kiaan,Pathak,bperi@example.com,Chennai,Tamil Nadu,28,Female,2022-08-06,Silver
C04118,Lavanya,Anand,qbajaj@example.org,Pune,Maharashtra,24,Male,2025-09-11,Bronze
C04119,Fitan,Menon,indrajit30@example.com,Pune,Maharashtra,50,Female,2024-11-19,Gold
C04120,Yashodhara,Sama,abhabaria@example.net,New Delhi,Delhi,27,Male,2023-07-12,Silver
C04121,Yauvani,Saxena,ahluwaliaaarush@example.net,Bengaluru,Karnataka,37,Male,2024-04-17,Bronze
C04122,Nisha,Rege,magarharish@example.com,Bengaluru,Karnataka,38,Female,2023-07-27,Silver
C04123,Krishna,Yadav,abhimanyusodhi@example.com,Mumbai,Maharashtra,26,Male,2024-10-31,Silver
C04124,Om,Handa,daraindali@example.net,Pune,Maharashtra,29,Female,2024-05-14,Silver
C04125,Neel,Dey,lukedivan@example.org,Kolkata,West Bengal,58,Female,2024-01-25,Bronze
C04126,Parth,Dubey,agastya84@example.com,Mumbai,Maharashtra,42,Female,2024-09-16,Bronze
C04127,Eta,Dugal,ishitamishra@example.org,Chennai,Tamil Nadu,25,Female,2024-10-20,Silver
C04128,Aarav,Mahajan,baradamrita@example.com,Pune,Maharashtra,29,Female,2022-11-08,Bronze
C04129,Jack,Kari,harsh13@example.com,Kolkata,West Bengal,29,Female,2025-09-25,Bronze
C04130,Ayushman,Murthy,eiravatisavant@example.org,Mumbai,Maharashtra,20,Female,2026-03-10,Silver
C04131,Nitesh,Wali,abhimanyusarkar@example.com,Bengaluru,Karnataka,36,Male,2025-11-30,Gold
C04132,Jacob,Parsa,mbaria@example.com,Ahmedabad,Gujarat,25,Female,2023-05-12,Gold
C04133,Wridesh,Balakrishnan,anaybora@example.org,Mumbai,Maharashtra,55,Female,2024-04-07,Platinum
C04134,Charita,Chaudry,forum34@example.org,Mumbai,Maharashtra,51,Female,2022-09-03,Bronze
C04135,Gaurangi,Date,lalabhavna@example.com,New Delhi,Delhi,53,Female,2025-12-03,Bronze
C04136,Nimrat,Sha,kabir80@example.org,Mumbai,Maharashtra,19,Male,2024-03-31,Silver
C04137,Frederick,Uppal,arinrajan@example.org,New Delhi,Delhi,18,Female,2026-03-13,Bronze
C04138,Hemangini,Tank,karanucchal@example.net,Pune,Maharashtra,30,Female,2024-08-28,Bronze
C04139,Jack,Dhingra,kapadiasai@example.com,Pune,Maharashtra,58,Female,2024-09-28,Gold
C04140,Wriddhish,Rau,nagargarima@example.net,Mumbai,Maharashtra,33,Female,2023-07-30,Bronze
C04141,Ekantika,Padmanabhan,lpradhan@example.net,Mumbai,Maharashtra,28,Male,2022-09-06,Gold
C04142,Damini,Bail,rachit90@example.com,Bengaluru,Karnataka,54,Male,2022-11-05,Bronze
C04143,Qushi,Bawa,jagrati28@example.net,Bengaluru,Karnataka,45,Female,2023-07-21,Bronze
C04144,Pushti,Aurora,ubhavsar@example.org,Mumbai,Maharashtra,32,Female,2025-03-06,Silver
C04145,Lipika,Narula,psharaf@example.org,Chennai,Tamil Nadu,57,Male,2023-09-25,Silver
C04146,Sneha,Mahajan,sachi01@example.com,Chennai,Tamil Nadu,31,Male,2025-05-27,Bronze
C04147,Eesha,Dhawan,fsachdeva@example.org,New Delhi,Delhi,39,Female,2023-09-17,Gold
C04148,Omya,Biswas,dalbir25@example.org,Kolkata,West Bengal,29,Female,2024-04-15,Bronze
C04149,Anmol,Vala,robert76@example.net,Mumbai,Maharashtra,24,Female,2024-11-01,Bronze
C04150,Naveen,Rao,amruta47@example.com,Pune,Maharashtra,28,Female,2023-09-17,Bronze
C04151,Pranit,Naidu,walibaghyawati@example.net,Bengaluru,Karnataka,52,Male,2025-12-27,Silver
C04152,Qarin,Khosla,zashilghosh@example.org,Pune,Maharashtra,47,Male,2025-07-01,Silver
C04153,Charvi,Vala,balayanusha@example.org,Pune,Maharashtra,38,Female,2023-11-15,Silver
C04154,Suhani,Date,indrajit55@example.org,Kolkata,West Bengal,43,Male,2026-06-08,Bronze
C04155,Mitali,Chokshi,hamsini57@example.com,Mumbai,Maharashtra,20,Female,2022-11-24,Silver
C04156,Ayush,Rajagopalan,wishiradhakrishnan@example.org,Mumbai,Maharashtra,28,Female,2023-04-14,Gold
C04157,Nicholas,Mall,jyotisethi@example.org,Bengaluru,Karnataka,59,Male,2025-12-25,Bronze
C04158,William,Kala,maanasnigam@example.net,Pune,Maharashtra,47,Female,2025-10-31,Platinum
C04159,Bishakha,Parmer,tristanbutala@example.com,Pune,Maharashtra,25,Female,2023-09-22,Silver
C04160,Liam,Vohra,ckara@example.com,Bengaluru,Karnataka,59,Female,2023-07-22,Silver
C04161,Anmol,Dey,lramanathan@example.net,Mumbai,Maharashtra,29,Male,2023-10-04,Bronze
C04162,Gautam,Savant,hardiksunder@example.com,New Delhi,Delhi,43,Female,2025-09-13,Silver
C04163,Naksh,Dewan,avimittal@example.org,Hyderabad,Telangana,42,Male,2023-07-21,Silver
C04164,Nikita,Shetty,jagdishparmer@example.net,Mumbai,Maharashtra,26,Female,2026-01-07,Bronze
C04165,Wridesh,Goda,mraja@example.org,Bengaluru,Karnataka,54,Male,2023-03-22,Bronze
C04166,Vaishnavi,Ahluwalia,ikant@example.com,Mumbai,Maharashtra,35,Female,2023-03-03,Silver
C04167,Bachittar,Kale,kashyapnaksh@example.net,Pune,Maharashtra,37,Male,2024-01-20,Silver
C04168,Chakradev,Mittal,abhimanyu22@example.org,Bengaluru,Karnataka,35,Female,2024-01-19,Bronze
C04169,Omya,Chandran,cherianwriddhish@example.net,Bengaluru,Karnataka,55,Other,2024-03-04,Bronze
C04170,Yagnesh,Kakar,upkaar79@example.com,Hyderabad,Telangana,57,Female,2023-04-30,Bronze
C04171,Frado,Bhatia,bhardwajanthony@example.org,Pune,Maharashtra,47,Female,2023-03-17,Silver
C04172,Harita,Sani,purimadhav@example.org,Mumbai,Maharashtra,57,Male,2024-07-28,Bronze
C04173,Harini,Puri,waida18@example.net,Mumbai,Maharashtra,30,Male,2023-09-10,Gold
C04174,Jyoti,Pandya,aarnav79@example.net,Chennai,Tamil Nadu,44,Female,2025-11-30,Bronze
C04175,Luke,Karan,mangalhemangini@example.net,Bengaluru,Karnataka,39,Female,2023-01-05,Silver
C04176,Teerth,Deshpande,fitanrajan@example.net,Bengaluru,Karnataka,24,Other,2023-07-22,Bronze
C04177,Upadhriti,Shroff,manegarima@example.com,Bengaluru,Karnataka,34,Female,2026-05-22,Bronze
C04178,Bimala,Sastry,yash70@example.net,Bengaluru,Karnataka,58,Female,2022-10-30,Bronze
C04179,Jagat,Merchant,rohan91@example.org,Pune,Maharashtra,25,Male,2025-08-02,Platinum
C04180,Siya,Tara,tsalvi@example.com,Pune,Maharashtra,47,Female,2025-10-06,Bronze
C04181,Harini,Bhardwaj,peter76@example.org,Bengaluru,Karnataka,19,Male,2026-03-15,Bronze
C04182,Jeremiah,Bala,gabrielnagi@example.com,Bengaluru,Karnataka,40,Female,2025-02-16,Silver
C04183,Christopher,Ray,bhasinnachiket@example.org,Pune,Maharashtra,54,Female,2023-07-09,Gold
C04184,Yatan,Biswas,ramanvanya@example.net,Hyderabad,Telangana,48,Female,2024-09-11,Gold
C04185,Riya,Bajwa,osridhar@example.com,Bengaluru,Karnataka,56,Male,2023-01-28,Bronze
C04186,Samarth,Nayak,krishnadora@example.org,Chennai,Tamil Nadu,53,Female,2025-12-13,Platinum
C04187,Vedika,Dasgupta,nachiket12@example.com,Pune,Maharashtra,46,Male,2025-09-16,Gold
C04188,Zansi,Mane,oeshi37@example.org,Pune,Maharashtra,20,Female,2025-05-09,Silver
C04189,Fiyaz,Mangal,devikahans@example.org,Hyderabad,Telangana,24,Female,2024-04-14,Gold
C04190,Banjeet,Balakrishnan,sudikshanayar@example.org,Bengaluru,Karnataka,31,Female,2022-12-05,Platinum
C04191,Manthan,Kohli,johalluke@example.com,Mumbai,Maharashtra,24,Female,2024-11-26,Silver
C04192,Rajeshri,Padmanabhan,nrai@example.org,Pune,Maharashtra,52,Female,2024-02-02,Gold
C04193,Jonathan,Srinivas,harshil78@example.org,Mumbai,Maharashtra,54,Female,2024-01-11,Silver
C04194,Watika,Sachar,ekbal53@example.net,Ahmedabad,Gujarat,59,Female,2026-06-09,Bronze
C04195,Liam,Barman,chaudharianvi@example.net,Mumbai,Maharashtra,20,Female,2022-12-10,Silver
C04196,Azaan,Rama,nihal66@example.com,Pune,Maharashtra,25,Female,2024-06-16,Bronze
C04197,Qarin,Sankar,xkannan@example.org,Mumbai,Maharashtra,26,Female,2025-02-17,Gold
C04198,Maanas,Sura,atimutti@example.com,Mumbai,Maharashtra,60,Female,2025-01-03,Bronze
C04199,Thomas,Kothari,rpau@example.com,Ahmedabad,Gujarat,41,Female,2024-04-19,Gold
C04200,Dipta,Raju,qroy@example.net,Mumbai,Maharashtra,25,Female,2025-11-02,Bronze
C04201,Ridhi,Vaidya,pooja22@example.com,Bengaluru,Karnataka,26,Female,2023-11-13,Bronze
C04202,Bhavna,Pillai,bainsdamyanti@example.com,Pune,Maharashtra,25,Female,2025-07-13,Bronze
C04203,Lakshit,Murty,sachdevkai@example.net,Pune,Maharashtra,59,Female,2022-12-26,Bronze
C04204,Omya,Narain,vwalla@example.org,Pune,Maharashtra,37,Female,2023-10-01,Bronze
C04205,Luke,Bhagat,wdate@example.com,Bengaluru,Karnataka,38,Female,2022-09-15,Bronze
C04206,Omisha,Tailor,vihaannagarajan@example.net,Mumbai,Maharashtra,24,Male,2025-08-03,Gold
C04207,Anthony,Sastry,aariniluthra@example.org,Bengaluru,Karnataka,18,Female,2024-10-16,Bronze
C04208,Elijah,Deep,mitrarajeshri@example.net,Pune,Maharashtra,40,Female,2024-09-04,Bronze
C04209,Kamya,Agrawal,mananhayre@example.com,Hyderabad,Telangana,21,Female,2023-03-16,Bronze
C04210,Wakeeta,Shenoy,mangathemani@example.com,Pune,Maharashtra,23,Male,2025-07-05,Bronze
C04211,Ubika,Devan,jackson84@example.net,New Delhi,Delhi,33,Male,2023-11-24,Silver
C04212,Charles,Shanker,janivictor@example.net,New Delhi,Delhi,49,Female,2023-12-13,Silver
C04213,Krish,Chander,sneha82@example.org,Bengaluru,Karnataka,33,Female,2023-06-27,Silver
C04214,Reyansh,Saxena,dakshmadan@example.com,New Delhi,Delhi,53,Female,2024-09-29,Bronze
C04215,Devansh,Rana,xratta@example.net,New Delhi,Delhi,40,Female,2025-08-04,Gold
C04216,Sai,Arora,ahegde@example.net,Pune,Maharashtra,50,Female,2025-11-24,Bronze
C04217,Theodore,Dey,aiyer@example.org,Pune,Maharashtra,21,Female,2026-03-04,Bronze
C04218,Ekalinga,Devi,avibawa@example.net,Chennai,Tamil Nadu,41,Female,2026-04-13,Bronze
C04219,Zarna,Master,jonathan64@example.net,Mumbai,Maharashtra,35,Female,2024-10-27,Silver
C04220,Samar,Jayaraman,pallaviseth@example.net,New Delhi,Delhi,27,Female,2024-07-18,Gold
C04221,Lakshmi,Bajaj,nidratara@example.net,New Delhi,Delhi,25,Male,2024-11-20,Gold
C04222,Frederick,Jhaveri,vanand@example.net,Pune,Maharashtra,37,Female,2023-04-16,Platinum
C04223,Zehaan,Mangal,bdeol@example.net,Bengaluru,Karnataka,36,Male,2025-02-01,Silver
C04224,Kamala,Saini,charles13@example.org,Pune,Maharashtra,49,Female,2025-04-01,Bronze
C04225,Advika,Pingle,kalekavya@example.org,Pune,Maharashtra,31,Female,2023-07-29,Gold
C04226,Aadi,Brahmbhatt,narulabishakha@example.com,Pune,Maharashtra,33,Male,2025-06-02,Silver
C04227,Imaran,Soman,darpan80@example.org,Bengaluru,Karnataka,45,Male,2025-07-10,Silver
C04228,Yashodhara,Banik,aadhya10@example.com,Bengaluru,Karnataka,53,Female,2025-07-25,Silver
C04229,Darsh,Magar,devanshpall@example.com,Bengaluru,Karnataka,30,Female,2023-11-18,Gold
C04230,Lekha,Upadhyay,faqid35@example.org,Mumbai,Maharashtra,22,Female,2024-10-09,Bronze
C04231,Harshil,Maharaj,vanshamukherjee@example.com,New Delhi,Delhi,38,Male,2024-04-03,Bronze
C04232,Ekaja,Pandey,hegdebrijesh@example.net,Mumbai,Maharashtra,48,Male,2025-04-11,Silver
C04233,Advik,Chauhan,uvarty@example.com,Pune,Maharashtra,54,Male,2023-09-04,Bronze
C04234,Baghyawati,Sem,surshravya@example.net,New Delhi,Delhi,36,Female,2025-06-28,Bronze
C04235,Adweta,Banik,baradmohammed@example.com,Pune,Maharashtra,46,Male,2023-11-10,Gold
C04236,Harshil,Ravel,vedachauhan@example.com,Bengaluru,Karnataka,55,Male,2024-04-25,Platinum
C04237,Girik,Chhabra,zaitra66@example.net,Pune,Maharashtra,26,Female,2024-04-28,Silver
C04238,Pahal,Chowdhury,singhallekha@example.com,Chennai,Tamil Nadu,45,Female,2023-01-07,Gold
C04239,Ishani,Verma,rushildutta@example.com,Pune,Maharashtra,54,Female,2023-04-02,Bronze
C04240,Dominic,Soni,nagiayaan@example.com,Pune,Maharashtra,52,Female,2026-04-11,Bronze
C04241,Sarthak,Prasad,aadhyaparikh@example.net,Pune,Maharashtra,52,Male,2026-06-14,Gold
C04242,Ekalinga,Pall,cnarang@example.net,New Delhi,Delhi,28,Female,2024-08-20,Bronze
C04243,Mason,Pingle,janyakhatri@example.org,Bengaluru,Karnataka,51,Female,2022-10-29,Bronze
C04244,Yashodhara,Gade,nathaniel66@example.net,New Delhi,Delhi,35,Male,2024-05-11,Silver
C04245,Lucky,Chandra,vsubramaniam@example.net,Bengaluru,Karnataka,60,Female,2023-01-27,Bronze
C04246,Caleb,Bhavsar,amrita66@example.net,Mumbai,Maharashtra,53,Male,2025-08-03,Bronze
C04247,Vedhika,Joshi,jainabeer@example.org,Hyderabad,Telangana,39,Female,2023-10-18,Silver
C04248,Yutika,Om,nakulshere@example.org,Hyderabad,Telangana,51,Male,2025-11-02,Gold
C04249,Varenya,Rajagopalan,qkapadia@example.com,Pune,Maharashtra,22,Female,2025-09-28,Silver
C04250,Ekaraj,Prabhakar,galaekaja@example.org,New Delhi,Delhi,60,Male,2023-02-17,Gold
C04251,Zarna,Prabhakar,pooja13@example.org,Chennai,Tamil Nadu,37,Female,2025-10-10,Bronze
C04252,Unni,Halder,wasonurmi@example.org,Bengaluru,Karnataka,23,Female,2024-01-05,Gold
C04253,Abhiram,Shan,ojassule@example.com,Hyderabad,Telangana,37,Male,2023-07-31,Bronze
C04254,Upasna,Shah,darayachana@example.com,Mumbai,Maharashtra,35,Male,2025-12-28,Bronze
C04255,Logan,Nagar,vasanathaman@example.com,Bengaluru,Karnataka,51,Other,2025-08-25,Platinum
C04256,Rushil,Agarwal,anandsaanvi@example.org,Pune,Maharashtra,31,Female,2025-07-10,Bronze
C04257,Madhav,Bora,dhaliwalarya@example.org,Bengaluru,Karnataka,52,Female,2024-02-10,Bronze
C04258,Rishi,Merchant,vrinda30@example.com,Pune,Maharashtra,52,Female,2023-10-16,Gold
C04259,Veda,Sekhon,wchandra@example.net,Mumbai,Maharashtra,19,Male,2026-06-25,Silver
C04260,Prisha,Dara,ychokshi@example.com,Ahmedabad,Gujarat,58,Male,2023-05-02,Gold
C04261,Radha,Palla,xrau@example.com,Mumbai,Maharashtra,21,Female,2023-04-24,Bronze
C04262,Niharika,Minhas,purohitwahab@example.org,Chennai,Tamil Nadu,55,Female,2024-03-04,Gold
C04263,Bhavna,Lata,badaljeevika@example.org,Mumbai,Maharashtra,60,Female,2023-01-09,Silver
C04264,Neel,Manda,ladlipatla@example.org,Hyderabad,Telangana,18,Male,2023-12-10,Silver
C04265,Tara,Iyer,joshuachakrabarti@example.net,Pune,Maharashtra,43,Female,2022-10-09,Silver
C04266,Faqid,Kuruvilla,agastyashanker@example.org,Pune,Maharashtra,55,Female,2025-03-12,Bronze
C04267,Janaki,Mane,akohli@example.org,Chennai,Tamil Nadu,54,Other,2025-11-03,Bronze
C04268,Ishaan,Natt,fcontractor@example.com,New Delhi,Delhi,40,Female,2024-10-11,Silver
C04269,Baljiwan,Char,biswasmekhala@example.net,Pune,Maharashtra,51,Female,2026-03-20,Silver
C04270,Max,Saini,balasubramanianyamini@example.org,Pune,Maharashtra,25,Female,2023-09-24,Bronze
C04271,Krish,Rattan,sathvik47@example.com,Chennai,Tamil Nadu,31,Female,2024-11-12,Bronze
C04272,Tamanna,Jani,eiravatimani@example.net,Pune,Maharashtra,51,Female,2024-08-15,Bronze
C04273,Xiti,Jhaveri,vyanjana19@example.org,Mumbai,Maharashtra,23,Female,2024-01-30,Bronze
C04274,Hritik,Mander,ksodhi@example.org,New Delhi,Delhi,54,Female,2024-04-18,Bronze
C04275,Zayyan,Rajagopalan,yashasvisachdev@example.net,Hyderabad,Telangana,18,Female,2026-03-17,Silver
C04276,Lila,Mander,nachiketbajaj@example.org,Gurugram,Haryana,23,Female,2024-02-18,Platinum
C04277,Gavin,Talwar,nikitasampath@example.com,Bengaluru,Karnataka,23,Female,2025-03-01,Gold
C04278,Madhav,Vasa,dayitaramaswamy@example.net,Hyderabad,Telangana,55,Female,2025-03-15,Bronze
C04279,Gauri,Lalla,wishidave@example.com,Mumbai,Maharashtra,24,Female,2025-11-24,Bronze
C04280,Aarnav,Baral,dhaliwalansh@example.net,Kolkata,West Bengal,20,Female,2023-02-08,Gold
C04281,Mahika,Bawa,modikrishna@example.org,Ahmedabad,Gujarat,49,Female,2023-11-26,Bronze
C04282,Ekaja,Chadha,nigamati@example.org,Pune,Maharashtra,44,Other,2023-03-19,Silver
C04283,Luke,Tandon,rattansamaksh@example.net,Mumbai,Maharashtra,33,Female,2024-08-15,Silver
C04284,Dakshesh,Hora,ekajasalvi@example.net,Mumbai,Maharashtra,34,Female,2025-02-11,Silver
C04285,Teerth,Raj,agastyachakraborty@example.org,Mumbai,Maharashtra,24,Female,2026-05-08,Silver
C04286,Dakshesh,Barad,vorawahab@example.org,Kolkata,West Bengal,58,Male,2024-09-24,Bronze
C04287,Sachi,Verma,aggarwaldayita@example.net,Chennai,Tamil Nadu,37,Female,2022-12-26,Bronze
C04288,Chaitanya,Ghose,gautamimallick@example.org,Gurugram,Haryana,20,Female,2025-11-06,Silver
C04289,Gautami,Gole,karpechandran@example.com,Pune,Maharashtra,31,Female,2023-10-18,Bronze
C04290,Thomas,Sawhney,fsamra@example.org,Mumbai,Maharashtra,26,Male,2024-03-06,Silver
C04291,Omisha,Ramesh,aryanvala@example.org,Pune,Maharashtra,34,Female,2022-12-29,Bronze
C04292,Logan,Devan,evenkatesh@example.com,Bengaluru,Karnataka,32,Female,2023-04-20,Silver
C04293,Chavvi,Shanker,tanvi05@example.net,Ahmedabad,Gujarat,44,Female,2023-04-27,Bronze
C04294,Thomas,Borah,bansalikshita@example.net,Bengaluru,Karnataka,60,Male,2025-02-01,Silver
C04295,Simon,Konda,santwidisha@example.org,New Delhi,Delhi,54,Female,2026-07-11,Silver
C04296,Sara,Thakur,liam18@example.net,Hyderabad,Telangana,57,Female,2024-12-26,Silver
C04297,Jeet,Morar,pahalkaul@example.com,Chennai,Tamil Nadu,25,Male,2024-07-30,Bronze
C04298,Nikita,Parekh,chawlanidra@example.com,Chennai,Tamil Nadu,52,Male,2024-09-13,Bronze
C04299,Prisha,Srinivas,upadhyaywarhi@example.com,Chennai,Tamil Nadu,47,Female,2025-11-08,Bronze
C04300,Mitali,Dass,nilimakeer@example.com,New Delhi,Delhi,53,Male,2024-02-29,Platinum
C04301,Ishita,Bakshi,ranganathanneel@example.com,Hyderabad,Telangana,35,Male,2024-05-24,Silver
C04302,Neelima,Gera,qarinsandal@example.com,Pune,Maharashtra,31,Female,2024-11-01,Silver
C04303,Radhika,Sawhney,hayersara@example.net,Ahmedabad,Gujarat,49,Female,2023-09-14,Bronze
C04304,Mekhala,Chada,knair@example.org,New Delhi,Delhi,50,Female,2024-07-13,Bronze
C04305,Aadi,Sheth,wyatt59@example.net,Mumbai,Maharashtra,46,Female,2023-11-19,Bronze
C04306,Hitesh,Deshmukh,harita97@example.com,Pune,Maharashtra,56,Female,2026-07-01,Gold
C04307,Udyati,Doshi,mnaidu@example.com,Kolkata,West Bengal,30,Female,2024-08-03,Silver
C04308,Lajita,Minhas,guhakala@example.net,Mumbai,Maharashtra,29,Female,2026-06-01,Bronze
C04309,Aryan,Nadig,borabina@example.org,Mumbai,Maharashtra,20,Male,2025-08-11,Bronze
C04310,Ridhi,Chopra,enarayan@example.net,Chennai,Tamil Nadu,23,Female,2025-03-29,Silver
C04311,Raghav,Boase,indirarandhawa@example.com,Mumbai,Maharashtra,26,Female,2023-12-16,Silver
C04312,Girik,Warrior,pbuch@example.org,Pune,Maharashtra,49,Female,2026-03-25,Gold
C04313,Darika,Vora,dbaral@example.net,Mumbai,Maharashtra,31,Female,2023-05-18,Bronze
C04314,Jalsa,Bassi,gouradweta@example.com,Hyderabad,Telangana,59,Female,2023-06-16,Silver
C04315,Pratyush,Virk,wswamy@example.net,New Delhi,Delhi,24,Male,2024-10-23,Gold
C04316,Ubika,Bawa,anaydhaliwal@example.net,Pune,Maharashtra,52,Male,2024-12-28,Bronze
C04317,Rohan,Badami,chaudrymason@example.com,New Delhi,Delhi,48,Female,2023-06-02,Bronze
C04318,Agastya,Bhatt,fbanik@example.com,Mumbai,Maharashtra,44,Female,2023-04-29,Bronze
C04319,Onveer,Bajaj,jpadmanabhan@example.org,Pune,Maharashtra,37,Male,2023-10-07,Bronze
C04320,Neel,Karan,nikitakade@example.org,Pune,Maharashtra,59,Female,2022-08-27,Bronze
C04321,Amol,Rajagopalan,benjaminarya@example.com,Pune,Maharashtra,57,Female,2023-07-22,Bronze
C04322,Rohan,Bahri,advikagera@example.com,Mumbai,Maharashtra,24,Female,2024-02-16,Bronze
C04323,Pallavi,Dewan,siya53@example.com,Bengaluru,Karnataka,52,Female,2025-09-16,Silver
C04324,Bhavya,Bakshi,warda14@example.com,Pune,Maharashtra,20,Female,2025-09-11,Bronze
C04325,Mahika,Pillai,qtandon@example.org,Hyderabad,Telangana,44,Male,2024-05-09,Bronze
C04326,Lajita,Tailor,janakimodi@example.com,Mumbai,Maharashtra,52,Female,2024-04-01,Bronze
C04327,Kashish,Kanda,ganga14@example.com,Bengaluru,Karnataka,38,Female,2023-02-26,Bronze
C04328,Pushti,Yadav,gpandya@example.org,Pune,Maharashtra,54,Male,2024-09-03,Bronze
C04329,Amrita,Toor,chamankarnik@example.net,Bengaluru,Karnataka,47,Female,2023-02-04,Silver
C04330,Ira,Sanghvi,omajatalwar@example.org,Pune,Maharashtra,28,Female,2024-01-06,Bronze
C04331,Radha,Ramanathan,zarna53@example.org,Bengaluru,Karnataka,54,Female,2024-05-30,Silver
C04332,Ayushman,Sharma,hpatla@example.com,Chennai,Tamil Nadu,42,Female,2022-11-15,Bronze
C04333,Aayush,Trivedi,yagnesh26@example.net,Pune,Maharashtra,38,Male,2025-02-14,Silver
C04334,Tejas,Krishnamurthy,yagnesh69@example.net,Mumbai,Maharashtra,25,Other,2024-04-05,Bronze
C04335,Geetika,Wason,parekharjun@example.net,Pune,Maharashtra,48,Male,2026-02-28,Bronze
C04336,Dalaja,Nagar,patelazad@example.net,Mumbai,Maharashtra,21,Other,2024-04-06,Bronze
C04337,Parth,Wali,nandini72@example.net,Pune,Maharashtra,36,Male,2024-11-08,Gold
C04338,Abhiram,Behl,rhegde@example.org,Pune,Maharashtra,27,Female,2024-07-10,Bronze
C04339,Rohan,Bath,osekhon@example.net,Pune,Maharashtra,31,Male,2025-07-13,Bronze
C04340,Vrishti,Dhar,anamika50@example.org,Pune,Maharashtra,19,Female,2022-10-27,Bronze
C04341,Ayush,Bhatnagar,vdevi@example.net,Hyderabad,Telangana,29,Female,2023-11-20,Bronze
C04342,Indali,Choudhary,balvan20@example.com,New Delhi,Delhi,59,Female,2024-03-09,Bronze
C04343,Hemal,Bajaj,girindramuni@example.org,Pune,Maharashtra,48,Female,2025-10-24,Silver
C04344,Hemal,Karan,dewanucchal@example.net,Bengaluru,Karnataka,53,Female,2024-11-11,Platinum
C04345,Alka,Kaul,vyanjananarayanan@example.org,Pune,Maharashtra,40,Female,2024-08-11,Bronze
C04346,Farhan,Chaudhry,dharwilliam@example.net,Mumbai,Maharashtra,24,Female,2025-10-22,Silver
C04347,Ira,Balakrishnan,ojas65@example.org,Mumbai,Maharashtra,55,Male,2023-07-15,Bronze
C04348,Triveni,Lalla,radharai@example.org,Hyderabad,Telangana,43,Other,2023-07-08,Silver
C04349,Hemangini,Choudhry,viswanathanjanuja@example.com,New Delhi,Delhi,44,Female,2023-07-17,Silver
C04350,Udant,Wadhwa,inayapall@example.com,Hyderabad,Telangana,44,Female,2023-08-31,Bronze
C04351,Hema,Buch,raagini09@example.net,Noida,Uttar Pradesh,50,Female,2026-06-29,Bronze
C04352,Faris,Kata,girindra17@example.net,Mumbai,Maharashtra,32,Female,2023-09-06,Silver
C04353,Daksha,Padmanabhan,dhriti37@example.net,Gurugram,Haryana,25,Female,2023-05-19,Bronze
C04354,Azad,Sahni,urvigrewal@example.net,Bengaluru,Karnataka,26,Female,2023-05-14,Bronze
C04355,Hritik,Sagar,piyengar@example.com,Pune,Maharashtra,51,Male,2023-05-06,Silver
C04356,Zashil,Rajan,deygabriel@example.net,Kolkata,West Bengal,43,Female,2025-06-01,Silver
C04357,Eesha,Soni,pallavi26@example.com,Pune,Maharashtra,38,Other,2025-06-09,Bronze
C04358,Harrison,Ghose,gbalakrishnan@example.com,Mumbai,Maharashtra,35,Female,2024-02-04,Platinum
C04359,Jagat,Vaidya,kramanathan@example.org,Bengaluru,Karnataka,32,Female,2025-11-20,Silver
C04360,Daniel,Samra,fiyazsankar@example.org,Mumbai,Maharashtra,29,Female,2024-02-15,Gold
C04361,Anmol,Keer,ethan67@example.org,Pune,Maharashtra,30,Male,2025-08-12,Bronze
C04362,Deepa,Nayak,narayanluke@example.org,Kolkata,West Bengal,18,Female,2025-09-18,Bronze
C04363,Omya,Sastry,harishghose@example.org,Chennai,Tamil Nadu,18,Female,2025-04-28,Bronze
C04364,Avni,Karnik,moraryadavi@example.com,Bengaluru,Karnataka,36,Male,2025-02-24,Platinum
C04365,Gautam,Manne,daksheshdhillon@example.com,Bengaluru,Karnataka,25,Female,2023-03-21,Bronze
C04366,Xavier,Rattan,jeevika02@example.net,Bengaluru,Karnataka,23,Female,2023-05-12,Bronze
C04367,Parth,Khanna,koshyaadhya@example.org,Hyderabad,Telangana,55,Male,2026-06-01,Gold
C04368,Urishilla,Pathak,riya67@example.org,Mumbai,Maharashtra,27,Male,2023-01-10,Bronze
C04369,Devansh,Choudhary,brinda90@example.net,Bengaluru,Karnataka,55,Female,2023-12-26,Gold
C04370,Bhavika,Kuruvilla,frederickverma@example.net,Bengaluru,Karnataka,57,Female,2023-12-20,Bronze
C04371,Samaksh,Mistry,rajatapradhan@example.org,Hyderabad,Telangana,37,Female,2024-08-28,Gold
C04372,Frado,Barad,vedasule@example.org,Pune,Maharashtra,45,Female,2023-06-23,Bronze
C04373,Hredhaan,Nagi,reddymanan@example.net,Pune,Maharashtra,19,Male,2026-04-06,Gold
C04374,Ishwar,Sibal,madhavinori@example.org,Gurugram,Haryana,35,Female,2023-08-29,Bronze
C04375,Siya,Kala,yashodharachoudhury@example.com,Pune,Maharashtra,33,Male,2026-01-01,Bronze
C04376,Lohit,Chacko,thakurvrinda@example.org,Pune,Maharashtra,38,Female,2026-01-25,Silver
C04377,Nachiket,Dugar,koshymekhala@example.net,New Delhi,Delhi,34,Female,2022-08-27,Bronze
C04378,Faqid,Nagy,rkamdar@example.com,Bengaluru,Karnataka,27,Other,2024-10-24,Bronze
C04379,Radhika,Sule,balajagrati@example.org,Mumbai,Maharashtra,18,Female,2022-10-26,Bronze
C04380,Yoshita,Seth,cagarwal@example.net,Hyderabad,Telangana,44,Female,2024-12-27,Bronze
C04381,Brinda,Pal,prakashronith@example.org,Mumbai,Maharashtra,56,Female,2023-04-28,Bronze
C04382,Aachal,Mahal,charan02@example.org,Ahmedabad,Gujarat,43,Female,2025-01-05,Bronze
C04383,Karan,Purohit,wardabanerjee@example.org,Pune,Maharashtra,53,Female,2026-03-21,Gold
C04384,Dayita,Pal,gardediya@example.net,New Delhi,Delhi,52,Male,2025-10-06,Silver
C04385,Mugdha,Sethi,pbatta@example.net,Pune,Maharashtra,59,Female,2025-10-09,Bronze
C04386,Champak,Magar,jhaanjali@example.com,Ahmedabad,Gujarat,18,Female,2024-12-04,Gold
C04387,Tripti,Pall,ekapad82@example.org,Pune,Maharashtra,40,Female,2023-07-27,Bronze
C04388,Panini,Tiwari,basufaqid@example.org,Mumbai,Maharashtra,26,Female,2024-09-21,Silver
C04389,Kevin,Sekhon,ekbalbava@example.com,Mumbai,Maharashtra,44,Female,2025-06-19,Platinum
C04390,Harish,Kohli,avniprashad@example.org,Pune,Maharashtra,19,Female,2023-12-31,Bronze
C04391,Harish,Mukherjee,manthanagate@example.org,Bengaluru,Karnataka,26,Female,2023-05-29,Bronze
C04392,Wahab,Wason,janakikeer@example.org,Bengaluru,Karnataka,44,Male,2022-09-11,Silver
C04393,Azad,Hegde,ramjairaj@example.net,Hyderabad,Telangana,40,Female,2024-09-16,Bronze
C04394,Nirja,Kapadia,pandra@example.net,Chennai,Tamil Nadu,25,Male,2024-04-25,Bronze
C04395,Gabriel,Srinivas,lajitaarora@example.com,Bengaluru,Karnataka,21,Female,2025-04-26,Bronze
C04396,Yashvi,Mohan,esangha@example.org,Pune,Maharashtra,53,Female,2025-10-30,Bronze
C04397,Chakradhar,Basak,pandyakai@example.org,Pune,Maharashtra,29,Female,2026-01-16,Gold
C04398,Aarini,Chaudhry,somaditya@example.com,Bengaluru,Karnataka,45,Female,2023-01-11,Bronze
C04399,Ishaan,Saraf,amrutapatla@example.org,Pune,Maharashtra,52,Female,2025-01-23,Bronze
C04400,Ekani,Chawla,tarakshanker@example.org,New Delhi,Delhi,38,Female,2024-02-08,Gold
C04401,Kamya,Buch,buchalka@example.net,Ahmedabad,Gujarat,37,Female,2025-02-04,Bronze
C04402,Daksha,Pathak,januja69@example.com,Chennai,Tamil Nadu,29,Male,2022-11-15,Platinum
C04403,Lucky,Rana,hamsini61@example.net,Mumbai,Maharashtra,58,Female,2025-04-26,Gold
C04404,Quincy,Setty,ftara@example.org,Pune,Maharashtra,23,Female,2023-01-22,Bronze
C04405,Reva,Sehgal,thakerxiti@example.com,Bengaluru,Karnataka,31,Male,2023-01-14,Bronze
C04406,Lohit,Sandal,iryarattan@example.org,Chennai,Tamil Nadu,33,Female,2025-02-02,Platinum
C04407,Krish,Ratti,isastry@example.org,Pune,Maharashtra,52,Female,2024-03-31,Gold
C04408,Aryan,Pradhan,warda37@example.org,Hyderabad,Telangana,26,Male,2022-09-26,Silver
C04409,Rohan,Vohra,cmangat@example.org,Pune,Maharashtra,18,Female,2024-01-03,Gold
C04410,Logan,Kalla,lajita14@example.com,New Delhi,Delhi,40,Male,2024-05-16,Silver
C04411,Mahika,Raj,wardasamra@example.org,Kolkata,West Bengal,35,Other,2025-10-25,Platinum
C04412,Tejas,Acharya,indrajit17@example.com,Bengaluru,Karnataka,44,Male,2024-01-25,Bronze
C04413,Gunbir,Misra,harshprasad@example.org,Chennai,Tamil Nadu,57,Female,2025-01-12,Bronze
C04414,Chakrika,Vaidya,isaiahranganathan@example.net,Pune,Maharashtra,55,Female,2025-08-26,Bronze
C04415,Oviya,Johal,elala@example.org,Pune,Maharashtra,24,Male,2024-03-25,Bronze
C04416,Zashil,Rama,krishna89@example.com,Bengaluru,Karnataka,27,Female,2024-11-08,Bronze
C04417,Yashvi,Subramanian,kalitakrishna@example.net,Mumbai,Maharashtra,37,Female,2025-05-15,Silver
C04418,Vihaan,Aggarwal,mallthomas@example.com,Chennai,Tamil Nadu,53,Female,2024-06-04,Bronze
C04419,Vedant,Ratti,farhanpadmanabhan@example.net,Pune,Maharashtra,45,Male,2022-12-22,Silver
C04420,Pratyush,Dhillon,ganeshvasudha@example.org,Hyderabad,Telangana,40,Female,2025-08-17,Silver
C04421,Leela,Narayan,atibhatt@example.org,Pune,Maharashtra,60,Female,2024-04-21,Gold
C04422,Aishani,Bedi,ldhillon@example.org,New Delhi,Delhi,25,Female,2026-01-19,Silver
C04423,Finn,Seth,kabirvarghese@example.org,Bengaluru,Karnataka,52,Female,2025-06-13,Silver
C04424,Avni,Srinivasan,venkataramanreyansh@example.org,Bengaluru,Karnataka,60,Female,2026-07-13,Bronze
C04425,Gagan,Yadav,sekhonnandini@example.net,Mumbai,Maharashtra,36,Female,2023-04-04,Gold
C04426,Chatresh,Srinivasan,sara89@example.net,Hyderabad,Telangana,51,Female,2026-03-08,Silver
C04427,Zayyan,Sood,saumya99@example.org,Mumbai,Maharashtra,43,Female,2026-06-01,Gold
C04428,Diya,Edwin,hredhaanswaminathan@example.org,Pune,Maharashtra,24,Other,2025-12-29,Bronze
C04429,Indrajit,Mallick,anayak@example.com,Pune,Maharashtra,37,Female,2024-06-19,Silver
C04430,Zansi,Chandran,andrarachita@example.org,Pune,Maharashtra,33,Male,2025-07-02,Bronze
C04431,Waida,Kakar,niharika31@example.com,Mumbai,Maharashtra,57,Male,2024-10-20,Silver
C04432,Ryan,Chandra,triyaperi@example.com,Pune,Maharashtra,49,Female,2025-03-15,Silver
C04433,Saumya,Gokhale,achauhan@example.net,New Delhi,Delhi,42,Female,2023-09-18,Bronze
C04434,Dalaja,Roy,vinayatripathi@example.org,Pune,Maharashtra,30,Female,2022-08-17,Bronze
C04435,Gaurang,Kakar,ramanathanojas@example.net,Hyderabad,Telangana,56,Male,2023-01-20,Bronze
C04436,Champak,Comar,agastyatata@example.org,Pune,Maharashtra,20,Male,2024-12-30,Bronze
C04437,Pooja,Tak,ranbir21@example.com,Ahmedabad,Gujarat,25,Female,2023-11-19,Silver
C04438,Tristan,Hayer,zdara@example.org,Bengaluru,Karnataka,55,Male,2025-12-28,Silver
C04439,Faraj,Singhal,amrita90@example.org,Bengaluru,Karnataka,24,Male,2026-04-16,Silver
C04440,Dayita,Bhalla,vamakshigade@example.net,Chennai,Tamil Nadu,40,Female,2025-09-03,Silver
C04441,Ishanvi,Merchant,zaitra58@example.org,Hyderabad,Telangana,50,Female,2026-04-05,Silver
C04442,Harita,Sama,jatindua@example.com,Mumbai,Maharashtra,47,Male,2022-12-24,Bronze
C04443,Arya,Kamdar,maanavnagy@example.com,Mumbai,Maharashtra,58,Female,2026-06-29,Bronze
C04444,Hitesh,Sarma,ekaraj92@example.com,Mumbai,Maharashtra,39,Female,2025-04-17,Silver
C04445,Ekalinga,Kumar,lsama@example.org,Pune,Maharashtra,53,Female,2025-08-12,Gold
C04446,Qabil,Guha,hbarad@example.net,Mumbai,Maharashtra,48,Female,2026-07-11,Bronze
C04447,Megha,Kaul,ishita41@example.org,Hyderabad,Telangana,32,Female,2022-07-15,Gold
C04448,Zayan,Nadkarni,girindramurthy@example.com,Pune,Maharashtra,53,Female,2026-05-23,Bronze
C04449,Teerth,Ben,abhiramsinghal@example.net,Bengaluru,Karnataka,26,Male,2025-09-05,Silver
C04450,Mugdha,Verma,chakradhar96@example.net,Chennai,Tamil Nadu,58,Other,2023-04-01,Bronze
C04451,Damini,Patil,odeshmukh@example.com,Bengaluru,Karnataka,52,Female,2025-11-13,Bronze
C04452,Azad,Goda,sharmaveda@example.net,Pune,Maharashtra,44,Female,2024-01-14,Bronze
C04453,Raghav,Narasimhan,sahotanandini@example.net,Ahmedabad,Gujarat,36,Female,2025-07-11,Silver
C04454,Devansh,Bhavsar,tanveersinghal@example.org,New Delhi,Delhi,40,Female,2024-06-28,Platinum
C04455,Pushti,Sethi,sridharlaban@example.org,Pune,Maharashtra,59,Female,2025-08-05,Gold
C04456,Varenya,Kara,advay24@example.org,Pune,Maharashtra,31,Male,2025-10-15,Platinum
C04457,Onveer,Garde,girindra98@example.net,Pune,Maharashtra,43,Female,2025-11-12,Silver
C04458,Victor,Bhat,lkorpal@example.net,Mumbai,Maharashtra,42,Female,2022-10-18,Gold
C04459,Wahab,Saraf,darika01@example.net,Mumbai,Maharashtra,48,Female,2022-10-23,Gold
C04460,Harish,Mukherjee,amrita24@example.net,New Delhi,Delhi,22,Female,2024-07-18,Silver
C04461,Anika,Dugal,dugarati@example.org,Pune,Maharashtra,27,Female,2024-07-02,Bronze
C04462,Jhalak,Amble,reva65@example.net,Pune,Maharashtra,37,Male,2024-04-07,Bronze
C04463,Gavin,Dalal,vbhattacharyya@example.com,Pune,Maharashtra,31,Female,2026-06-29,Bronze
C04464,Anusha,Anand,harshil47@example.com,Kolkata,West Bengal,51,Male,2022-11-28,Gold
C04465,Reyansh,Zacharia,hansunni@example.org,Pune,Maharashtra,25,Female,2025-05-11,Gold
C04466,Ekaja,Mukhopadhyay,charitanair@example.org,Bengaluru,Karnataka,52,Male,2024-12-05,Silver
C04467,Daksh,Trivedi,lekhaborra@example.net,Pune,Maharashtra,37,Male,2026-06-28,Silver
C04468,Ekavir,Bala,eesharajagopal@example.com,Bengaluru,Karnataka,18,Female,2026-02-16,Bronze
C04469,Amara,Golla,balendraghosh@example.org,Pune,Maharashtra,22,Female,2024-06-24,Silver
C04470,Varsha,Raja,lsant@example.net,Hyderabad,Telangana,53,Other,2022-07-17,Silver
C04471,Pallavi,Ghose,idikakaur@example.org,Mumbai,Maharashtra,32,Female,2025-03-04,Gold
C04472,Leela,Chander,girik18@example.org,Chennai,Tamil Nadu,37,Female,2025-03-29,Bronze
C04473,Amol,Kashyap,jonathan42@example.com,Mumbai,Maharashtra,35,Male,2025-11-18,Bronze
C04474,Aarnav,Radhakrishnan,ggoel@example.net,Hyderabad,Telangana,49,Female,2025-09-03,Gold
C04475,Raghav,Madan,mhalder@example.com,Hyderabad,Telangana,38,Female,2025-11-10,Silver
C04476,Zansi,Yohannan,wazirkurian@example.org,Mumbai,Maharashtra,26,Female,2025-12-03,Bronze
C04477,Urmi,Prabhakar,vyaslakshmi@example.com,Mumbai,Maharashtra,39,Male,2023-10-13,Bronze
C04478,Aachal,Barad,zpathak@example.com,Bengaluru,Karnataka,49,Female,2023-05-23,Bronze
C04479,Parth,Mane,patrickrajagopal@example.net,Mumbai,Maharashtra,58,Female,2024-06-08,Silver
C04480,Kiaan,Narayan,ansh74@example.org,Bengaluru,Karnataka,32,Male,2025-08-23,Bronze
C04481,Harini,Bains,nihal88@example.net,Mumbai,Maharashtra,45,Male,2024-11-26,Gold
C04482,Kashvi,Magar,panand@example.net,Mumbai,Maharashtra,45,Male,2024-12-22,Bronze
C04483,Prisha,Sami,eta35@example.net,Pune,Maharashtra,46,Female,2026-03-08,Bronze
C04484,Gopal,Singhal,cnarasimhan@example.com,Pune,Maharashtra,47,Female,2023-09-28,Bronze
C04485,Tanvi,Dash,aayushbarad@example.net,Mumbai,Maharashtra,48,Female,2022-11-21,Silver
C04486,Harini,Mahal,yashodashah@example.org,Pune,Maharashtra,21,Female,2022-10-26,Bronze
C04487,Anvi,Mane,hpurohit@example.com,Mumbai,Maharashtra,51,Female,2025-04-07,Bronze
C04488,Qushi,Sengupta,tanmayi06@example.net,Mumbai,Maharashtra,37,Female,2026-02-19,Bronze
C04489,Hredhaan,Shankar,santcharan@example.org,Bengaluru,Karnataka,42,Female,2025-07-13,Silver
C04490,Advika,Sarraf,buchatharv@example.org,Mumbai,Maharashtra,51,Female,2024-05-02,Bronze
C04491,Abha,Sem,nayarmanya@example.com,Bengaluru,Karnataka,51,Male,2023-06-08,Platinum
C04492,Jagrati,Sahota,ananda@example.net,Mumbai,Maharashtra,34,Female,2024-02-22,Bronze
C04493,Hamsini,Bose,rbahri@example.org,Ahmedabad,Gujarat,31,Female,2022-09-18,Gold
C04494,Leena,Swamy,advika92@example.org,Chennai,Tamil Nadu,31,Male,2022-08-02,Bronze
C04495,Bhanumati,Johal,radhika98@example.com,Bengaluru,Karnataka,48,Female,2024-04-18,Bronze
C04496,Anirudh,Mall,anay56@example.com,Bengaluru,Karnataka,51,Female,2025-04-28,Silver
C04497,Veer,Sundaram,deepa02@example.net,Bengaluru,Karnataka,44,Male,2026-04-03,Silver
C04498,Aishani,Gokhale,ebora@example.net,Hyderabad,Telangana,51,Other,2023-08-25,Silver
C04499,Oliver,Narula,tdash@example.org,Pune,Maharashtra,39,Male,2026-03-23,Silver
C04500,Kalpit,Narayanan,khoslaekiya@example.net,Mumbai,Maharashtra,19,Female,2024-08-07,Gold
C04501,Vritti,Sangha,krishamitra@example.net,Bengaluru,Karnataka,48,Female,2025-09-25,Bronze
C04502,Ekbal,Sabharwal,zansimani@example.net,Pune,Maharashtra,56,Male,2024-09-16,Bronze
C04503,Yash,Ray,rajanrohan@example.com,Mumbai,Maharashtra,38,Female,2026-06-30,Silver
C04504,Yauvani,Panchal,anirudhchad@example.org,Mumbai,Maharashtra,21,Male,2024-01-08,Silver
C04505,Fariq,Dhaliwal,mpurohit@example.com,Chennai,Tamil Nadu,39,Female,2023-09-29,Bronze
C04506,Frado,Joshi,menonyahvi@example.com,Chennai,Tamil Nadu,19,Female,2023-04-04,Silver
C04507,Manan,Suri,hpalla@example.com,Mumbai,Maharashtra,48,Female,2025-07-13,Bronze
C04508,Vaishnavi,Bava,lilanarang@example.com,Chennai,Tamil Nadu,31,Female,2023-12-29,Silver
C04509,Manan,Behl,pahalkale@example.com,Pune,Maharashtra,27,Female,2022-12-09,Bronze
C04510,Daksha,Manda,aarnarau@example.net,Pune,Maharashtra,41,Female,2023-12-10,Bronze
C04511,Krishna,Konda,henryyogi@example.org,Bengaluru,Karnataka,24,Female,2023-10-15,Bronze
C04512,Matthew,Hayre,kamalasarraf@example.net,Mumbai,Maharashtra,52,Female,2023-02-01,Bronze
C04513,Oviya,Chakrabarti,cbatta@example.org,Chennai,Tamil Nadu,54,Female,2024-04-12,Bronze
C04514,Jeet,Sekhon,ati57@example.com,Pune,Maharashtra,45,Male,2025-12-18,Bronze
C04515,Priya,Ghose,ydeshpande@example.org,Bengaluru,Karnataka,29,Female,2025-07-17,Bronze
C04516,Manya,Saxena,benjamin89@example.net,Mumbai,Maharashtra,53,Female,2023-05-11,Platinum
C04517,Vrinda,Tandon,warhi59@example.com,Ahmedabad,Gujarat,43,Female,2025-07-06,Gold
C04518,Bhavini,Khatri,yadavi52@example.net,Pune,Maharashtra,19,Male,2023-06-26,Bronze
C04519,Irya,Gupta,ysharaf@example.com,Chennai,Tamil Nadu,31,Male,2026-06-09,Bronze
C04520,Ayaan,Khatri,dramachandran@example.com,Ahmedabad,Gujarat,20,Male,2024-01-18,Silver
C04521,Vaishnavi,Manda,lankamason@example.org,Kolkata,West Bengal,55,Female,2024-11-29,Bronze
C04522,Varsha,Sama,fpant@example.com,Chennai,Tamil Nadu,34,Male,2025-07-08,Bronze
C04523,Sai,Panchal,chanchalchakrabarti@example.org,Pune,Maharashtra,46,Female,2025-11-29,Bronze
C04524,Edhitha,Sinha,sarthakbhargava@example.net,Mumbai,Maharashtra,53,Female,2025-03-11,Bronze
C04525,Dalbir,Bali,mallbahadurjit@example.com,Bengaluru,Karnataka,38,Female,2024-04-25,Bronze
C04526,Kashish,Rao,yashawini23@example.net,Mumbai,Maharashtra,53,Female,2023-02-10,Silver
C04527,Bina,Lall,yash85@example.net,Pune,Maharashtra,32,Female,2023-02-26,Silver
C04528,Pahal,Pau,hemagole@example.org,Noida,Uttar Pradesh,29,Female,2023-10-12,Bronze
C04529,Kalpit,Sabharwal,obalay@example.net,Ahmedabad,Gujarat,42,Female,2025-11-19,Silver
C04530,Agastya,Bansal,unnati09@example.net,Mumbai,Maharashtra,45,Female,2023-05-22,Gold
C04531,Farhan,Boase,korpaldarika@example.net,New Delhi,Delhi,43,Female,2024-01-04,Gold
C04532,Janaki,Sama,braryachana@example.net,Bengaluru,Karnataka,53,Female,2025-08-12,Bronze
C04533,Mohini,Murthy,chadhaharsh@example.net,Pune,Maharashtra,34,Female,2023-10-21,Silver
C04534,Eesha,Thakkar,saramalhotra@example.com,Mumbai,Maharashtra,18,Female,2024-01-03,Silver
C04535,Pooja,Bose,damini77@example.com,Mumbai,Maharashtra,44,Male,2026-07-13,Platinum
C04536,Girik,Uppal,fvaidya@example.net,Hyderabad,Telangana,28,Female,2026-06-04,Bronze
C04537,Aadi,Mand,zsabharwal@example.net,New Delhi,Delhi,54,Male,2025-12-19,Gold
C04538,Leela,Din,pradhankiaan@example.com,Bengaluru,Karnataka,29,Male,2025-08-13,Gold
C04539,Netra,Oza,anay89@example.org,Hyderabad,Telangana,33,Female,2024-11-13,Bronze
C04540,Anya,Gala,vincentaggarwal@example.net,Bengaluru,Karnataka,55,Female,2026-05-09,Gold
C04541,Pranit,Grewal,ssami@example.org,Mumbai,Maharashtra,33,Female,2025-06-19,Bronze
C04542,Diya,Mall,nkhurana@example.net,Pune,Maharashtra,22,Female,2024-07-16,Gold
C04543,Pahal,Ghosh,ekalingakulkarni@example.org,Ahmedabad,Gujarat,40,Male,2024-09-08,Bronze
C04544,Isha,Bhavsar,gaurangwali@example.com,Bengaluru,Karnataka,39,Female,2025-04-11,Silver
C04545,Krisha,Bali,vedhika47@example.org,New Delhi,Delhi,32,Male,2026-05-11,Silver
C04546,Tanay,Chana,sudiksha85@example.org,Hyderabad,Telangana,36,Female,2023-05-28,Bronze
C04547,Advika,Shah,chasmum20@example.org,Pune,Maharashtra,30,Male,2025-03-03,Bronze
C04548,Falak,Lala,harshil02@example.net,Pune,Maharashtra,55,Female,2025-08-18,Bronze
C04549,Upkaar,Thaman,wkara@example.org,Bengaluru,Karnataka,54,Male,2024-08-07,Silver
C04550,Niharika,Sachdev,watika74@example.org,New Delhi,Delhi,26,Male,2025-11-10,Silver
C04551,Samar,Chana,jeevikabose@example.net,Hyderabad,Telangana,28,Male,2026-01-14,Bronze
C04552,Raghav,Anand,ishavarkey@example.com,Hyderabad,Telangana,43,Female,2023-03-11,Gold
C04553,Rohan,Loke,inadkarni@example.org,Bengaluru,Karnataka,21,Female,2025-10-17,Bronze
C04554,Ikshita,Kade,oliver17@example.net,Bengaluru,Karnataka,22,Female,2025-06-08,Bronze
C04555,Falak,Oza,virkchavvi@example.net,Mumbai,Maharashtra,22,Male,2025-08-25,Bronze
C04556,Faqid,Garde,xnarayanan@example.net,Bengaluru,Karnataka,59,Female,2025-01-15,Bronze
C04557,Indrajit,Puri,wpai@example.net,Mumbai,Maharashtra,24,Female,2023-01-21,Bronze
C04558,Pranav,Kale,gunbirkannan@example.com,Mumbai,Maharashtra,32,Female,2022-08-09,Bronze
C04559,Gavin,Barman,hayredhruv@example.com,New Delhi,Delhi,45,Male,2025-10-29,Bronze
C04560,Lekha,Gulati,joshua92@example.com,Mumbai,Maharashtra,50,Female,2022-10-20,Bronze
C04561,Naksh,Chauhan,ubika30@example.net,Mumbai,Maharashtra,19,Male,2025-10-01,Bronze
C04562,Harsh,Ghose,varmadipta@example.org,Mumbai,Maharashtra,19,Female,2025-04-06,Silver
C04563,Urmi,Hans,gautam14@example.net,New Delhi,Delhi,35,Female,2023-07-23,Bronze
C04564,Neelima,Chakrabarti,zaidchacko@example.com,Pune,Maharashtra,24,Female,2025-08-12,Silver
C04565,Ishani,Patil,chaturabhatnagar@example.com,Chennai,Tamil Nadu,18,Female,2024-07-22,Bronze
C04566,Udant,Barad,danielmohanty@example.com,New Delhi,Delhi,24,Female,2025-10-06,Bronze
C04567,Advaith,Sengupta,fwalia@example.net,Pune,Maharashtra,51,Male,2026-04-08,Bronze
C04568,Harish,Batta,npatel@example.net,Bengaluru,Karnataka,26,Female,2022-12-20,Silver
C04569,Chavvi,Munshi,tanmayi66@example.org,Pune,Maharashtra,34,Male,2022-08-30,Bronze
C04570,Dalaja,Nanda,jagdish82@example.net,Pune,Maharashtra,33,Female,2023-06-28,Bronze
C04571,Guneet,Dhaliwal,vloke@example.org,Hyderabad,Telangana,52,Male,2024-09-28,Silver
C04572,Christopher,Saha,fitan91@example.org,New Delhi,Delhi,37,Male,2026-07-03,Bronze
C04573,Oni,Cheema,srai@example.net,Pune,Maharashtra,58,Female,2023-10-13,Silver
C04574,Girik,Badal,vyaskevin@example.org,Kolkata,West Bengal,28,Female,2025-03-25,Platinum
C04575,Zashil,Desai,ravellohit@example.com,Mumbai,Maharashtra,40,Male,2026-01-04,Gold
C04576,Yahvi,Dass,fiyaztata@example.com,Pune,Maharashtra,52,Female,2023-12-05,Platinum
C04577,Neelima,Garde,jraj@example.org,Mumbai,Maharashtra,39,Female,2023-08-19,Silver
C04578,Rishi,Madan,vchadha@example.org,Mumbai,Maharashtra,51,Female,2023-08-04,Silver
C04579,Advay,Pai,liampandey@example.com,Pune,Maharashtra,45,Female,2024-09-30,Bronze
C04580,Kai,Deo,tbawa@example.org,Mumbai,Maharashtra,19,Male,2025-07-31,Bronze
C04581,Nakul,Dhingra,batraubika@example.com,Bengaluru,Karnataka,55,Male,2022-11-08,Bronze
C04582,Harinakshi,Tak,aachalhalder@example.net,Ahmedabad,Gujarat,38,Male,2022-12-21,Bronze
C04583,Ubika,Das,inayachakrabarti@example.com,Bengaluru,Karnataka,53,Female,2025-08-07,Bronze
C04584,Gaurika,Grewal,narulayauvani@example.net,Mumbai,Maharashtra,52,Female,2025-12-13,Silver
C04585,Arin,Din,zbabu@example.com,New Delhi,Delhi,43,Female,2022-12-25,Gold
C04586,Caleb,Mani,ghoseqabil@example.com,Mumbai,Maharashtra,53,Female,2025-07-31,Silver
C04587,Agastya,Sahota,charita74@example.com,Mumbai,Maharashtra,59,Female,2025-07-14,Gold
C04588,Mohini,Om,bajajaarini@example.org,Pune,Maharashtra,33,Male,2025-08-20,Bronze
C04589,Yadavi,Tiwari,rajata64@example.org,Bengaluru,Karnataka,56,Female,2025-07-25,Bronze
C04590,Balendra,Chandra,onarayan@example.com,New Delhi,Delhi,43,Female,2024-03-15,Silver
C04591,Raagini,Desai,yutikaswamy@example.net,Pune,Maharashtra,43,Female,2024-03-31,Gold
C04592,Yashoda,Uppal,wraj@example.com,Ahmedabad,Gujarat,55,Female,2026-04-02,Bronze
C04593,Wazir,Borah,lopaben@example.com,Pune,Maharashtra,59,Female,2024-12-12,Silver
C04594,Kabir,Devi,chakrabartiguneet@example.net,Bengaluru,Karnataka,23,Female,2026-04-07,Bronze
C04595,Rishi,Raja,mammenvasatika@example.net,Hyderabad,Telangana,57,Female,2023-07-11,Bronze
C04596,Aradhana,Sekhon,auroratanish@example.net,Chennai,Tamil Nadu,23,Male,2026-01-08,Bronze
C04597,Anay,Johal,jairaj48@example.net,Chennai,Tamil Nadu,20,Female,2022-08-25,Bronze
C04598,Ekantika,Korpal,bimalamorar@example.org,Bengaluru,Karnataka,49,Female,2023-12-17,Bronze
C04599,Jairaj,Lad,xbatta@example.org,Mumbai,Maharashtra,44,Male,2025-12-03,Bronze
C04600,Darika,Sastry,wriddhishparmer@example.org,Gurugram,Haryana,43,Female,2025-10-26,Silver
C04601,Nilima,Som,dakshnarula@example.net,New Delhi,Delhi,18,Female,2024-07-24,Bronze
C04602,Timothy,Date,atak@example.net,Bengaluru,Karnataka,35,Female,2025-06-04,Bronze
C04603,Aadhya,Uppal,vwadhwa@example.com,Mumbai,Maharashtra,32,Female,2025-09-21,Bronze
C04604,Garima,Rai,ojaspillai@example.net,Chennai,Tamil Nadu,44,Female,2025-06-08,Silver
C04605,Quincy,Dutt,aaravchoudhry@example.net,Hyderabad,Telangana,36,Female,2025-02-03,Platinum
C04606,Tejas,Dube,kashvikadakia@example.org,Mumbai,Maharashtra,24,Female,2025-06-04,Bronze
C04607,Rajeshri,Uppal,prisha84@example.net,Hyderabad,Telangana,30,Female,2025-11-22,Bronze
C04608,Pahal,Sundaram,gtandon@example.org,New Delhi,Delhi,51,Female,2024-05-14,Platinum
C04609,Mohini,Mallick,theodore74@example.net,Ahmedabad,Gujarat,45,Male,2026-05-15,Bronze
C04610,Avni,Nanda,jnatt@example.org,Mumbai,Maharashtra,29,Female,2024-11-27,Bronze
C04611,Vihaan,Parikh,finnsridhar@example.com,Mumbai,Maharashtra,22,Female,2024-02-22,Gold
C04612,Hemangini,Narayan,yahvisuresh@example.com,Pune,Maharashtra,46,Female,2023-06-17,Bronze
C04613,Tanvi,Malhotra,bhattbishakha@example.net,Chennai,Tamil Nadu,57,Female,2023-01-26,Bronze
C04614,Libni,Dugar,usawhney@example.org,New Delhi,Delhi,28,Female,2026-04-25,Bronze
C04615,Jacob,Tailor,vkurian@example.org,Mumbai,Maharashtra,22,Male,2025-01-17,Bronze
C04616,Amrita,Ray,eesha15@example.net,Mumbai,Maharashtra,39,Male,2024-02-22,Silver
C04617,Rajata,Mukhopadhyay,rauridhi@example.net,Mumbai,Maharashtra,46,Female,2025-02-10,Platinum
C04618,Prisha,Khanna,bedisamuel@example.com,Pune,Maharashtra,52,Female,2024-11-25,Bronze
C04619,Yamini,Gour,choudharymeghana@example.org,Chennai,Tamil Nadu,44,Female,2025-10-11,Bronze
C04620,Baljiwan,Chada,vaishnavi22@example.com,New Delhi,Delhi,30,Female,2025-07-29,Silver
C04621,Maanav,Date,tanveer49@example.org,Mumbai,Maharashtra,18,Other,2022-11-19,Bronze
C04622,Varsha,Raj,kbava@example.net,Mumbai,Maharashtra,39,Female,2023-09-27,Bronze
C04623,Zinal,Kumar,fbawa@example.net,New Delhi,Delhi,29,Female,2025-01-16,Silver
C04624,Yashawini,Bandi,abhiram33@example.com,Pune,Maharashtra,56,Female,2023-03-28,Silver
C04625,Abdul,Bora,theodore73@example.com,Bengaluru,Karnataka,48,Female,2025-04-23,Bronze
C04626,Mohini,Ratta,wchawla@example.com,Mumbai,Maharashtra,49,Male,2024-11-01,Silver
C04627,Advika,Mahajan,wbabu@example.org,New Delhi,Delhi,32,Female,2024-11-24,Platinum
C04628,Mitesh,Ramaswamy,sarkarvedhika@example.com,Bengaluru,Karnataka,31,Female,2024-12-31,Bronze
C04629,Neha,Devi,ddeshpande@example.net,Mumbai,Maharashtra,46,Male,2023-07-04,Platinum
C04630,Gaurangi,Jhaveri,nmistry@example.net,Mumbai,Maharashtra,34,Male,2024-03-19,Gold
C04631,Dev,Chhabra,ikshitarege@example.com,Pune,Maharashtra,32,Female,2024-05-15,Gold
C04632,Mitesh,Thaker,brijesh21@example.com,Ahmedabad,Gujarat,41,Female,2026-03-03,Gold
C04633,Ekani,Kalla,anmoltank@example.com,Pune,Maharashtra,51,Male,2024-06-15,Silver
C04634,Harini,Nagarajan,gauravdutt@example.com,Kolkata,West Bengal,46,Female,2025-09-16,Silver
C04635,Qabil,Saha,teerth95@example.com,Bengaluru,Karnataka,18,Male,2025-12-05,Bronze
C04636,Vanya,Vala,bhavya60@example.com,Pune,Maharashtra,59,Male,2023-12-31,Silver
C04637,Anthony,Srivastava,fitan99@example.org,Pune,Maharashtra,41,Female,2025-03-22,Gold
C04638,Yamini,Bhattacharyya,xsubramanian@example.com,Pune,Maharashtra,32,Female,2026-05-05,Bronze
C04639,Ekapad,Dua,chandani14@example.net,Ahmedabad,Gujarat,50,Female,2023-03-24,Bronze
C04640,Noah,Nori,harishsanghvi@example.com,Bengaluru,Karnataka,60,Female,2024-01-29,Gold
C04641,Pranav,Venkatesh,zansinayar@example.net,Bengaluru,Karnataka,53,Male,2025-11-14,Bronze
C04642,Vamakshi,Magar,bsaxena@example.com,Pune,Maharashtra,48,Male,2024-03-30,Silver
C04643,Ladli,Nagar,srivastavaanirudh@example.com,Hyderabad,Telangana,19,Male,2023-02-06,Bronze
C04644,Eshana,Mitter,shivansh43@example.com,New Delhi,Delhi,39,Female,2024-02-17,Silver
C04645,Urishilla,Tailor,nayarnirja@example.net,New Delhi,Delhi,42,Female,2026-04-14,Bronze
C04646,Owen,Dhaliwal,latachatura@example.com,Mumbai,Maharashtra,28,Female,2024-11-02,Silver
C04647,Nidhi,Khosla,isaiah53@example.com,Chennai,Tamil Nadu,48,Other,2023-09-21,Bronze
C04648,Ubika,Shukla,behlchampak@example.org,Chennai,Tamil Nadu,38,Male,2022-12-21,Gold
C04649,Jatin,Nath,turvi73@example.com,New Delhi,Delhi,26,Female,2023-05-06,Bronze
C04650,Adya,Khosla,lalaveda@example.org,Bengaluru,Karnataka,59,Male,2025-01-27,Bronze
C04651,Oscar,Pandey,upadhriti85@example.com,New Delhi,Delhi,52,Male,2026-02-09,Silver
C04652,Aachal,Chawla,hemamadan@example.net,Mumbai,Maharashtra,43,Female,2024-04-06,Gold
C04653,Vinaya,More,ramaswamyfalguni@example.net,Hyderabad,Telangana,28,Female,2024-04-16,Platinum
C04654,Kavya,Sibal,diptadoshi@example.org,Ahmedabad,Gujarat,48,Female,2026-06-18,Gold
C04655,Maanav,Yadav,kashish58@example.org,Bengaluru,Karnataka,57,Female,2023-09-10,Platinum
C04656,Hemangini,Sunder,vinaya58@example.org,Hyderabad,Telangana,49,Female,2025-08-25,Bronze
C04657,Nilima,Rau,dugaladweta@example.net,New Delhi,Delhi,32,Female,2025-05-27,Bronze
C04658,Jacob,Hari,pganesh@example.org,Ahmedabad,Gujarat,52,Female,2026-07-06,Gold
C04659,Chasmum,Sawhney,mitalandrew@example.com,Bengaluru,Karnataka,43,Female,2025-08-01,Bronze
C04660,Harsh,Krishnamurthy,osaxena@example.net,Pune,Maharashtra,55,Female,2022-08-24,Platinum
C04661,Gopal,Kumar,usuresh@example.net,Pune,Maharashtra,33,Male,2026-01-21,Bronze
C04662,Yatan,Mannan,pallaekaja@example.net,Gurugram,Haryana,19,Female,2023-03-05,Bronze
C04663,Harini,Barman,xalakmander@example.com,Bengaluru,Karnataka,46,Female,2024-03-13,Bronze
C04664,Neha,Bansal,shenoyatharv@example.org,Pune,Maharashtra,39,Male,2023-02-01,Bronze
C04665,Lipika,Chaudhuri,brahmbhatttriveni@example.com,Pune,Maharashtra,56,Female,2025-02-04,Platinum
C04666,Azaan,Baral,sarmabalendra@example.com,Mumbai,Maharashtra,50,Male,2023-05-26,Bronze
C04667,Triveni,Madan,sureshrachana@example.net,Hyderabad,Telangana,27,Male,2026-03-29,Silver
C04668,Pranav,Wadhwa,dipta16@example.net,Hyderabad,Telangana,47,Male,2026-02-14,Bronze
C04669,Nachiket,Choudhary,warjas89@example.com,Bengaluru,Karnataka,42,Female,2026-07-07,Platinum
C04670,Sai,Ratti,irahora@example.com,Mumbai,Maharashtra,25,Female,2025-04-20,Silver
C04671,Vidhi,Khatri,ishani89@example.com,Bengaluru,Karnataka,24,Female,2026-04-03,Gold
C04672,Chakradev,Suresh,shakabir@example.org,Chennai,Tamil Nadu,60,Female,2023-04-16,Gold
C04673,Tanish,Madan,kalavihaan@example.com,Bengaluru,Karnataka,18,Female,2024-09-14,Bronze
C04674,Hredhaan,Hari,bordeanita@example.org,Pune,Maharashtra,21,Male,2023-11-17,Platinum
C04675,Champak,Sidhu,nitesh74@example.net,Mumbai,Maharashtra,20,Female,2024-11-14,Bronze
C04676,Utkarsh,Sankaran,ukar@example.com,Pune,Maharashtra,52,Female,2023-01-07,Silver
C04677,Odika,Sathe,loyalzinal@example.org,Chennai,Tamil Nadu,47,Female,2026-03-06,Bronze
C04678,Rohan,Apte,shanvedant@example.com,Pune,Maharashtra,53,Female,2024-03-21,Gold
C04679,Rajeshri,Patla,madhavibakshi@example.net,Mumbai,Maharashtra,51,Female,2024-11-13,Gold
C04680,Owen,Oommen,ojasvikhalsa@example.net,New Delhi,Delhi,47,Female,2026-06-09,Silver
C04681,Urishilla,Lalla,dhaliwalyashawini@example.net,Bengaluru,Karnataka,54,Female,2024-08-23,Silver
C04682,Madhavi,Sanghvi,chakrabartijonathan@example.net,New Delhi,Delhi,22,Female,2026-01-18,Bronze
C04683,Kabir,Hayre,faqidlalla@example.net,Kolkata,West Bengal,25,Female,2022-09-14,Gold
C04684,Ojas,Naidu,krishnabutala@example.org,Mumbai,Maharashtra,28,Male,2025-12-05,Bronze
C04685,Vrinda,Din,damini65@example.com,Pune,Maharashtra,20,Female,2023-06-03,Gold
C04686,Aishani,Mahajan,spradhan@example.org,Pune,Maharashtra,47,Female,2025-11-15,Silver
C04687,Pratyush,Prasad,ati41@example.org,Pune,Maharashtra,30,Female,2024-03-08,Gold
C04688,Gunbir,Walia,frederick36@example.com,Mumbai,Maharashtra,38,Male,2025-04-27,Bronze
C04689,Raghav,Vaidya,nigammaanas@example.org,New Delhi,Delhi,34,Female,2022-12-12,Silver
C04690,Samuel,Zacharia,kalitasai@example.net,Hyderabad,Telangana,18,Female,2023-10-30,Bronze
C04691,Pushti,Varghese,harish84@example.com,New Delhi,Delhi,60,Female,2022-11-01,Bronze
C04692,Faris,Lad,kdesai@example.org,Chennai,Tamil Nadu,44,Female,2025-05-04,Silver
C04693,Falan,Lal,rushilkibe@example.com,Kolkata,West Bengal,32,Female,2025-09-02,Bronze
C04694,Amara,Bhasin,choudhryqasim@example.com,Pune,Maharashtra,54,Female,2025-01-19,Gold
C04695,Omkaar,Johal,mapte@example.org,Ahmedabad,Gujarat,33,Female,2026-03-20,Silver
C04696,Yashoda,Subramaniam,dmanne@example.com,Mumbai,Maharashtra,36,Female,2025-10-21,Bronze
C04697,Chakradhar,Anne,bsubramanian@example.org,Chennai,Tamil Nadu,37,Female,2022-09-05,Bronze
C04698,Warjas,Shroff,vdhawan@example.net,New Delhi,Delhi,34,Female,2024-02-29,Bronze
C04699,Kashvi,Agate,psama@example.com,Bengaluru,Karnataka,41,Male,2024-01-30,Bronze
C04700,Dominic,Saha,girindratara@example.org,Pune,Maharashtra,43,Male,2025-03-08,Bronze
C04701,Benjamin,Manda,qbawa@example.com,Chennai,Tamil Nadu,52,Female,2023-09-08,Bronze
C04702,Harshil,Thaker,ckapadia@example.org,New Delhi,Delhi,49,Female,2024-01-05,Bronze
C04703,Neel,Ram,falguni64@example.net,Kolkata,West Bengal,44,Female,2024-04-20,Bronze
C04704,Pushti,Sibal,ikbal99@example.org,Pune,Maharashtra,20,Female,2024-02-23,Gold
C04705,Nandini,Bansal,vihaan90@example.com,Bengaluru,Karnataka,51,Female,2023-01-16,Silver
C04706,Zashil,Bali,oaurora@example.com,Pune,Maharashtra,37,Female,2023-04-15,Bronze
C04707,Kalpit,Nayar,seshadrichatresh@example.org,Ahmedabad,Gujarat,29,Female,2022-10-22,Bronze
C04708,Ekapad,Prakash,guhamekhala@example.net,Mumbai,Maharashtra,51,Female,2023-02-26,Bronze
C04709,Lucky,Raman,dapte@example.com,Mumbai,Maharashtra,26,Female,2023-01-26,Bronze
C04710,Parth,Dalal,yatin19@example.org,Pune,Maharashtra,54,Female,2024-01-01,Bronze
C04711,Mitali,Devi,onveer60@example.org,Ahmedabad,Gujarat,57,Other,2024-06-06,Gold
C04712,Owen,Chowdhury,jbakshi@example.net,Kolkata,West Bengal,27,Female,2022-11-10,Silver
C04713,Yashvi,Shah,anya80@example.org,Hyderabad,Telangana,33,Female,2023-06-22,Silver
C04714,Vincent,Issac,vihaan84@example.org,New Delhi,Delhi,53,Female,2024-04-21,Silver
C04715,Fitan,Agrawal,cpathak@example.org,Bengaluru,Karnataka,41,Male,2025-06-30,Bronze
C04716,Eta,Chad,vmukhopadhyay@example.com,Mumbai,Maharashtra,34,Female,2025-02-28,Bronze
C04717,Krishna,Kalla,jason02@example.net,Kolkata,West Bengal,56,Male,2025-02-18,Bronze
C04718,Finn,Modi,chakrabartimatthew@example.net,Pune,Maharashtra,30,Other,2023-08-02,Silver
C04719,Yash,Gulati,narayananjhalak@example.net,Pune,Maharashtra,43,Female,2025-11-02,Bronze
C04720,Vasatika,Arora,harinakshisetty@example.org,Pune,Maharashtra,21,Female,2024-11-16,Silver
C04721,Waida,Tailor,sunderavi@example.org,Bengaluru,Karnataka,27,Male,2024-04-23,Silver
C04722,Bachittar,Pai,ctella@example.org,Kolkata,West Bengal,59,Female,2024-11-01,Gold
C04723,Chavvi,Borah,zehaanraja@example.org,Chennai,Tamil Nadu,22,Female,2023-05-20,Bronze
C04724,Forum,Chander,ikulkarni@example.org,Pune,Maharashtra,49,Female,2023-04-28,Gold
C04725,Ekani,Joshi,sararajan@example.net,Chennai,Tamil Nadu,26,Female,2023-11-29,Silver
C04726,Aashi,D’Alia,draval@example.com,Mumbai,Maharashtra,60,Female,2024-09-16,Bronze
C04727,Rajata,Bhat,ramaati@example.org,Hyderabad,Telangana,26,Female,2022-08-20,Bronze
C04728,Dayita,Nair,fkaul@example.net,Bengaluru,Karnataka,59,Female,2022-07-27,Silver
C04729,Urmi,Khalsa,kariupkaar@example.org,Pune,Maharashtra,19,Female,2025-03-30,Bronze
C04730,Aishani,Salvi,wnath@example.com,Mumbai,Maharashtra,24,Female,2023-02-18,Bronze
C04731,Aishani,Oak,acharyachasmum@example.net,Ahmedabad,Gujarat,26,Male,2024-04-19,Silver
C04732,Avni,Walla,mitterreva@example.net,Gurugram,Haryana,20,Female,2023-06-28,Gold
C04733,Teerth,Dada,padmanabhanlila@example.org,Mumbai,Maharashtra,18,Female,2025-10-22,Silver
C04734,Harita,Mann,vedabehl@example.com,Pune,Maharashtra,46,Female,2026-07-13,Bronze
C04735,Jagvi,Mistry,hsachdev@example.org,Kolkata,West Bengal,54,Female,2024-02-18,Bronze
C04736,Hritik,Behl,zsolanki@example.com,Hyderabad,Telangana,59,Male,2022-11-22,Bronze
C04737,Shivani,Pathak,indali65@example.com,Chennai,Tamil Nadu,33,Male,2024-10-22,Bronze
C04738,Mason,Vala,kdoshi@example.com,Mumbai,Maharashtra,28,Female,2022-07-24,Platinum
C04739,Shivansh,Minhas,amrita03@example.net,New Delhi,Delhi,60,Female,2023-11-04,Gold
C04740,Advaith,Tripathi,lajita85@example.net,Pune,Maharashtra,49,Female,2026-04-03,Bronze
C04741,Omaja,Apte,uraghavan@example.net,Pune,Maharashtra,40,Female,2023-10-06,Bronze
C04742,Qabil,Reddy,kamdarzilmil@example.org,Hyderabad,Telangana,29,Male,2022-10-29,Bronze
C04743,Nimrat,Soni,savantridhi@example.com,Mumbai,Maharashtra,55,Female,2023-01-22,Bronze
C04744,Reva,Prasad,wbaria@example.net,Pune,Maharashtra,30,Female,2023-10-31,Bronze
C04745,Samesh,Ray,krishakapoor@example.com,Mumbai,Maharashtra,36,Male,2025-07-07,Bronze
C04746,Upadhriti,Gour,qboase@example.org,Chennai,Tamil Nadu,53,Female,2024-12-09,Silver
C04747,Christopher,Sarma,ishitadasgupta@example.org,Bengaluru,Karnataka,46,Male,2026-05-27,Silver
C04748,Oni,Gera,bachittarray@example.net,Chennai,Tamil Nadu,38,Other,2025-04-13,Gold
C04749,Oliver,Mani,nihalkata@example.org,Chennai,Tamil Nadu,48,Female,2022-09-01,Bronze
C04750,Wyatt,Ben,tanveerkarpe@example.com,Hyderabad,Telangana,48,Female,2026-02-22,Platinum
C04751,Ati,Raghavan,rattanayaan@example.com,New Delhi,Delhi,23,Female,2024-07-17,Bronze
C04752,Aarna,Karan,rastogihemangini@example.net,New Delhi,Delhi,55,Female,2023-07-12,Bronze
C04753,Kalpit,Halder,raksha86@example.com,Mumbai,Maharashtra,20,Female,2025-02-10,Bronze
C04754,Logan,Mody,deshpandeyashasvi@example.com,Hyderabad,Telangana,18,Female,2023-09-10,Silver
C04755,Xavier,Subramaniam,balilavanya@example.com,Pune,Maharashtra,38,Male,2026-01-04,Bronze
C04756,Zehaan,Wali,bhavna87@example.com,Mumbai,Maharashtra,43,Female,2023-01-27,Bronze
C04757,Yatan,Chhabra,venkateshadvaith@example.com,New Delhi,Delhi,21,Female,2024-04-24,Gold
C04758,Ojas,Pathak,deepa28@example.org,Pune,Maharashtra,18,Female,2024-12-12,Gold
C04759,Ekiya,Kota,wroy@example.com,Hyderabad,Telangana,37,Female,2022-07-11,Bronze
C04760,Kevin,Patla,ayushman78@example.com,Bengaluru,Karnataka,33,Female,2026-06-11,Silver
C04761,Sanya,Ranganathan,golebrijesh@example.org,Bengaluru,Karnataka,23,Male,2025-07-19,Bronze
C04762,Kalpit,Ganguly,krishfalan@example.com,Pune,Maharashtra,43,Male,2024-05-26,Silver
C04763,Bakhshi,Chander,nandini63@example.net,New Delhi,Delhi,33,Female,2026-04-28,Gold
C04764,Karan,Zacharia,xvohra@example.com,Bengaluru,Karnataka,35,Female,2024-04-22,Silver
C04765,Nathaniel,Venkataraman,zjain@example.net,Pune,Maharashtra,52,Female,2024-01-20,Bronze
C04766,Faraj,Krishnamurthy,dayitapathak@example.com,Mumbai,Maharashtra,39,Female,2023-02-19,Gold
C04767,Oscar,Chowdhury,tramanathan@example.com,Mumbai,Maharashtra,56,Female,2024-02-04,Bronze
C04768,Ishwar,Sane,keerrobert@example.org,Pune,Maharashtra,26,Female,2024-03-15,Gold
C04769,Yashawini,Ahuja,bagrawal@example.com,Bengaluru,Karnataka,37,Female,2023-12-02,Bronze
C04770,Farhan,Barman,vinayamuni@example.com,Ahmedabad,Gujarat,45,Female,2026-03-31,Silver
C04771,Fariq,Doctor,dinnathaniel@example.net,Kolkata,West Bengal,48,Other,2023-06-01,Bronze
C04772,Aarush,Butala,tpatel@example.com,Pune,Maharashtra,25,Female,2022-09-26,Silver
C04773,Anita,Bhavsar,hmajumdar@example.com,Bengaluru,Karnataka,58,Male,2022-08-30,Bronze
C04774,Laksh,Bir,luthranidra@example.com,Pune,Maharashtra,30,Female,2026-01-11,Gold
C04775,Karan,Shukla,andrew15@example.org,Hyderabad,Telangana,24,Female,2024-06-03,Silver
C04776,Nidra,Sem,anya20@example.org,Bengaluru,Karnataka,21,Female,2023-05-27,Gold
C04777,Mitali,Bhakta,xwarrior@example.com,Pune,Maharashtra,25,Female,2022-11-09,Silver
C04778,Brinda,Gulati,agastyapradhan@example.net,Pune,Maharashtra,28,Female,2023-12-30,Bronze
C04779,Wakeeta,Dhar,tarakrao@example.net,Bengaluru,Karnataka,18,Female,2023-11-28,Platinum
C04780,Advaith,Sandhu,chakrabartiaashi@example.com,Mumbai,Maharashtra,36,Female,2024-12-25,Silver
C04781,Sanaya,Dube,krishrattan@example.com,Hyderabad,Telangana,26,Male,2023-07-25,Gold
C04782,Faqid,Loyal,xiti19@example.net,Pune,Maharashtra,36,Female,2026-03-10,Bronze
C04783,Triveni,Amble,patlachaitanya@example.net,Bengaluru,Karnataka,33,Female,2024-08-23,Bronze
C04784,Hredhaan,Sankaran,qsubramanian@example.org,Hyderabad,Telangana,44,Female,2024-05-16,Bronze
C04785,Ayaan,Dayal,ethan92@example.org,Pune,Maharashtra,54,Female,2022-08-09,Bronze
C04786,Jagdish,Dubey,jonathan33@example.net,Pune,Maharashtra,26,Male,2026-06-21,Bronze
C04787,Manthan,Sengupta,luthrarudra@example.com,Bengaluru,Karnataka,26,Female,2026-06-15,Gold
C04788,Harini,Tiwari,harshiloza@example.net,Ahmedabad,Gujarat,31,Male,2026-07-06,Silver
C04789,Kamya,Naidu,brahmbhattpushti@example.org,Pune,Maharashtra,43,Female,2026-04-03,Bronze
C04790,Sachi,Chacko,nitesh07@example.com,Pune,Maharashtra,41,Female,2026-07-01,Silver
C04791,Tripti,Mittal,mukherjeeqadim@example.com,Chennai,Tamil Nadu,59,Female,2026-01-20,Bronze
C04792,Unni,Khanna,ydutt@example.org,Pune,Maharashtra,55,Female,2023-06-28,Gold
C04793,Hiral,Buch,ekarajgokhale@example.com,Bengaluru,Karnataka,25,Other,2023-03-23,Bronze
C04794,Upma,Sengupta,radhashenoy@example.com,New Delhi,Delhi,19,Female,2022-12-18,Bronze
C04795,Onveer,Kuruvilla,rayaan43@example.net,Bengaluru,Karnataka,28,Female,2024-08-23,Silver
C04796,Hema,Modi,fvenkataraman@example.org,Bengaluru,Karnataka,54,Female,2024-06-19,Silver
C04797,Krisha,Pathak,vchoudhary@example.com,Pune,Maharashtra,54,Female,2025-12-01,Bronze
C04798,Damyanti,Kapoor,dugarchampak@example.org,Mumbai,Maharashtra,57,Female,2026-04-08,Bronze
C04799,Anamika,Walla,minhasjeremiah@example.com,Pune,Maharashtra,40,Male,2023-12-12,Gold
C04800,Urishilla,Sahota,balasubramanianchandresh@example.net,Kolkata,West Bengal,38,Female,2022-11-02,Bronze
C04801,Bhavini,Andra,sainiirya@example.com,New Delhi,Delhi,20,Female,2025-10-11,Silver
C04802,Vedant,Sridhar,sdatta@example.org,Kolkata,West Bengal,36,Male,2024-12-19,Bronze
C04803,Nidra,Raja,jeremiahpau@example.com,Pune,Maharashtra,19,Female,2023-06-03,Bronze
C04804,Mitesh,Bali,nitarakashyap@example.org,Bengaluru,Karnataka,40,Female,2024-05-12,Silver
C04805,Frado,Loyal,chaudhrygaurangi@example.org,Mumbai,Maharashtra,39,Female,2024-12-16,Bronze
C04806,Unnati,Khurana,comartriveni@example.org,Chennai,Tamil Nadu,41,Female,2023-03-14,Bronze
C04807,Qabil,Randhawa,dominic47@example.com,Bengaluru,Karnataka,44,Female,2024-10-12,Bronze
C04808,Oviya,Arya,bhattiamaira@example.org,Hyderabad,Telangana,44,Male,2025-12-20,Bronze
C04809,Udant,Kalla,anjali74@example.org,Mumbai,Maharashtra,18,Female,2024-01-14,Gold
C04810,Nakul,Yohannan,ekantikasahni@example.net,Pune,Maharashtra,43,Female,2024-03-07,Bronze
C04811,Ojasvi,Srivastava,wbutala@example.org,Hyderabad,Telangana,41,Female,2026-03-12,Bronze
C04812,Anmol,Ganguly,raaginigade@example.net,Mumbai,Maharashtra,18,Female,2025-06-06,Bronze
C04813,Charvi,Shroff,nehanair@example.org,New Delhi,Delhi,45,Female,2026-01-15,Bronze
C04814,Brijesh,Jain,amolbarad@example.net,Mumbai,Maharashtra,51,Female,2024-08-07,Bronze
C04815,Christopher,Sankaran,sudiksha61@example.net,Pune,Maharashtra,37,Female,2025-02-10,Bronze
C04816,Devika,Mitra,siyathakur@example.com,Mumbai,Maharashtra,54,Female,2024-01-25,Silver
C04817,Zaid,Nair,abha04@example.org,Kolkata,West Bengal,31,Female,2024-06-30,Gold
C04818,Yuvraj,Dash,mtailor@example.org,New Delhi,Delhi,55,Female,2023-12-04,Silver
C04819,Darsh,Sant,zpatla@example.com,Pune,Maharashtra,59,Male,2026-02-05,Silver
C04820,Umang,Hegde,vihaan96@example.net,Bengaluru,Karnataka,37,Male,2024-02-09,Bronze
C04821,Anirudh,Malhotra,simon92@example.net,Pune,Maharashtra,42,Male,2024-09-10,Silver
C04822,Idika,Ghosh,vkapadia@example.com,Pune,Maharashtra,56,Female,2024-09-26,Silver
C04823,Rudra,Kothari,kantyatin@example.org,Bengaluru,Karnataka,53,Male,2024-04-29,Bronze
C04824,Vasana,Kaul,harini33@example.org,Bengaluru,Karnataka,33,Other,2025-07-03,Silver
C04825,Pratyush,Karpe,gmukherjee@example.org,Chennai,Tamil Nadu,52,Female,2026-01-18,Gold
C04826,Michael,Memon,bkulkarni@example.net,Hyderabad,Telangana,54,Female,2025-12-25,Bronze
C04827,Kavya,Halder,ddugar@example.org,Mumbai,Maharashtra,33,Female,2023-10-21,Gold
C04828,Victor,Palan,naikelijah@example.com,Pune,Maharashtra,56,Female,2022-08-02,Bronze
C04829,Chanakya,Dass,kevinnarain@example.org,New Delhi,Delhi,54,Other,2025-05-14,Bronze
C04830,Ayush,Sura,pauishanvi@example.com,Mumbai,Maharashtra,53,Male,2025-07-02,Bronze
C04831,Wishi,Bhagat,charles42@example.org,Hyderabad,Telangana,47,Female,2024-05-01,Gold
C04832,Chandani,Om,emody@example.org,New Delhi,Delhi,28,Female,2025-02-05,Gold
C04833,Naksh,Prabhu,gagan25@example.org,Bengaluru,Karnataka,28,Female,2022-07-27,Silver
C04834,Yashvi,Banik,evarughese@example.net,Mumbai,Maharashtra,20,Female,2025-10-03,Silver
C04835,Gavin,Krish,ansh53@example.net,Pune,Maharashtra,34,Female,2026-01-07,Bronze
C04836,Dayita,Kumar,singhalimaran@example.com,Mumbai,Maharashtra,32,Male,2025-06-27,Bronze
C04837,Widisha,Murthy,watika16@example.com,Mumbai,Maharashtra,31,Male,2025-10-08,Bronze
C04838,Vihaan,Ghose,arunimarout@example.org,Pune,Maharashtra,51,Female,2023-03-26,Silver
C04839,Anay,Sani,roykrish@example.org,Hyderabad,Telangana,39,Male,2023-11-02,Gold
C04840,Janya,Sankaran,diyadeep@example.org,Mumbai,Maharashtra,39,Female,2025-01-14,Bronze
C04841,Aadi,Shanker,ubora@example.org,Ahmedabad,Gujarat,38,Female,2024-01-24,Silver
C04842,Bimala,Dube,murthylekha@example.net,Bengaluru,Karnataka,53,Male,2025-05-31,Bronze
C04843,Jagrati,Salvi,esharma@example.com,Pune,Maharashtra,36,Other,2024-05-04,Bronze
C04844,Ranveer,Kale,gbajwa@example.org,Pune,Maharashtra,58,Male,2024-02-14,Bronze
C04845,Baljiwan,Chopra,brarbhavani@example.com,Pune,Maharashtra,47,Female,2024-01-10,Bronze
C04846,Gopal,Bedi,manthansunder@example.net,Pune,Maharashtra,20,Male,2023-09-16,Bronze
C04847,Xiti,Chaudhari,balvanmand@example.com,Mumbai,Maharashtra,19,Male,2023-11-12,Bronze
C04848,Ishwar,Raju,ishaanreddy@example.net,Pune,Maharashtra,21,Female,2024-07-08,Silver
C04849,Urvashi,Wason,gaurang85@example.com,Mumbai,Maharashtra,28,Female,2024-10-15,Silver
C04850,Chakradev,Palla,rajgaurika@example.com,Pune,Maharashtra,23,Male,2024-12-06,Bronze
C04851,Naveen,Rai,hgoda@example.org,Bengaluru,Karnataka,37,Male,2022-07-29,Bronze
C04852,Advik,Srinivas,vinayadugar@example.org,Bengaluru,Karnataka,59,Male,2026-06-11,Bronze
C04853,Isaac,Mannan,odubey@example.org,Hyderabad,Telangana,28,Female,2023-09-16,Bronze
C04854,Tara,Kade,osha40@example.com,Mumbai,Maharashtra,45,Male,2026-07-14,Bronze
C04855,Zaitra,Kapoor,wallatristan@example.org,Pune,Maharashtra,43,Female,2022-08-01,Silver
C04856,Mugdha,Sawhney,harshil45@example.com,Gurugram,Haryana,43,Male,2022-12-27,Silver
C04857,Samarth,Sabharwal,qbuch@example.com,Kolkata,West Bengal,36,Female,2026-02-23,Bronze
C04858,Vasana,Lall,saranladli@example.net,Bengaluru,Karnataka,55,Female,2022-12-04,Silver
C04859,Yutika,Sahni,epradhan@example.net,Pune,Maharashtra,54,Female,2023-04-03,Silver
C04860,Geetika,Swamy,chadpavani@example.com,Chennai,Tamil Nadu,35,Male,2022-07-29,Silver
C04861,Irya,Sankar,panchaljasmit@example.com,Pune,Maharashtra,50,Female,2023-03-10,Silver
C04862,Sarthak,Mitter,gauravthakur@example.org,Bengaluru,Karnataka,38,Female,2024-10-11,Bronze
C04863,Reva,Kadakia,amolbali@example.org,New Delhi,Delhi,31,Female,2022-11-01,Bronze
C04864,Ikshita,Wadhwa,priya53@example.org,Chennai,Tamil Nadu,31,Female,2024-11-18,Silver
C04865,Upasna,Sood,bkhurana@example.net,Gurugram,Haryana,42,Female,2025-02-07,Bronze
C04866,Ryan,Chaudhary,standon@example.net,New Delhi,Delhi,52,Male,2023-04-06,Bronze
C04867,Vasana,Chokshi,ojasvichokshi@example.com,Chennai,Tamil Nadu,39,Female,2025-12-17,Silver
C04868,Barkha,Srivastava,advikchauhan@example.org,Mumbai,Maharashtra,19,Female,2025-02-18,Bronze
C04869,Adweta,Bhandari,kavyamannan@example.com,New Delhi,Delhi,28,Female,2024-02-05,Bronze
C04870,Ekani,Bajwa,oommenchakrika@example.net,Bengaluru,Karnataka,37,Male,2023-07-27,Bronze
C04871,Azad,Tripathi,joshiwarhi@example.com,Hyderabad,Telangana,28,Female,2022-12-22,Silver
C04872,Tara,Khalsa,tdeshmukh@example.com,New Delhi,Delhi,49,Female,2022-08-23,Silver
C04873,Gunbir,Ramanathan,agastyajain@example.com,Bengaluru,Karnataka,26,Female,2025-10-02,Silver
C04874,Yuvraj,Vora,danielbala@example.org,Bengaluru,Karnataka,21,Female,2023-11-02,Silver
C04875,Fariq,Manne,dhritidugar@example.net,Chennai,Tamil Nadu,42,Female,2026-03-02,Bronze
C04876,Damyanti,Kara,swamyarunima@example.org,Pune,Maharashtra,34,Female,2025-06-04,Bronze
C04877,Raksha,Sachar,anika66@example.org,Mumbai,Maharashtra,56,Female,2023-04-28,Gold
C04878,Yauvani,Taneja,jagratichaudhry@example.net,Mumbai,Maharashtra,38,Female,2026-05-29,Silver
C04879,Krishna,Dugar,gayathridubey@example.com,Bengaluru,Karnataka,42,Female,2023-05-14,Silver
C04880,Falak,Raval,agrawalnoah@example.org,Pune,Maharashtra,57,Male,2026-07-11,Bronze
C04881,Zaid,Barad,udarshmangat@example.org,Pune,Maharashtra,21,Male,2025-11-16,Bronze
C04882,Kashish,Raja,gseth@example.org,Chennai,Tamil Nadu,23,Female,2024-03-16,Bronze
C04883,Jagvi,Brar,zilmil90@example.com,Pune,Maharashtra,40,Male,2024-09-26,Silver
C04884,Harsh,Varty,yashicaarora@example.com,New Delhi,Delhi,35,Female,2024-04-07,Silver
C04885,Ekaraj,Sachar,csankar@example.net,Bengaluru,Karnataka,38,Female,2024-04-23,Silver
C04886,Ishwar,Gole,joshuasura@example.net,Chennai,Tamil Nadu,24,Other,2024-07-27,Bronze
C04887,Chaaya,Majumdar,lbandi@example.net,Bengaluru,Karnataka,18,Female,2025-01-02,Bronze
C04888,Lakshmi,Hari,ubutala@example.org,Mumbai,Maharashtra,44,Male,2023-08-16,Gold
C04889,Urvi,Raman,baghyawati44@example.org,Mumbai,Maharashtra,40,Female,2026-03-23,Bronze
C04890,Alexander,Dhillon,aashidixit@example.com,Mumbai,Maharashtra,27,Female,2025-12-12,Bronze
C04891,Maya,Halder,kondatriya@example.org,Mumbai,Maharashtra,50,Female,2026-02-28,Bronze
C04892,Turvi,Bose,jeevika03@example.org,Mumbai,Maharashtra,30,Female,2025-09-27,Bronze
C04893,Imaran,Walia,dualajita@example.net,Bengaluru,Karnataka,19,Female,2024-02-27,Bronze
C04894,Lajita,Dara,jairaj93@example.net,Mumbai,Maharashtra,20,Male,2023-11-29,Bronze
C04895,Nilima,Ahuja,bchada@example.com,Kolkata,West Bengal,30,Female,2024-04-03,Silver
C04896,Suhani,Chanda,chaudryjeremiah@example.net,Hyderabad,Telangana,27,Male,2025-01-16,Silver
C04897,Divya,Radhakrishnan,dakshasunder@example.com,Mumbai,Maharashtra,20,Male,2025-07-28,Bronze
C04898,Siddharth,Mann,baththomas@example.com,Pune,Maharashtra,52,Female,2023-02-12,Platinum
C04899,Farhan,Mand,horaekaraj@example.net,Hyderabad,Telangana,22,Female,2024-12-26,Silver
C04900,Hemang,Choudhry,muniaditya@example.com,Pune,Maharashtra,58,Female,2024-02-12,Silver
C04901,Frederick,Kata,divyadalia@example.com,Bengaluru,Karnataka,49,Female,2023-04-26,Bronze
C04902,Aarnav,Mukherjee,shravya08@example.com,Noida,Uttar Pradesh,35,Female,2023-06-07,Bronze
C04903,Oeshi,Agarwal,champak67@example.org,Bengaluru,Karnataka,18,Female,2023-08-05,Gold
C04904,Chaman,Thakur,nvyas@example.org,Bengaluru,Karnataka,42,Male,2024-07-24,Bronze
C04905,Anthony,Hora,lalairya@example.com,Gurugram,Haryana,54,Female,2026-06-19,Silver
C04906,Anita,Murty,wdass@example.org,Kolkata,West Bengal,34,Female,2023-05-02,Gold
C04907,Tanvi,Narang,yluthra@example.org,Bengaluru,Karnataka,53,Female,2023-01-09,Silver
C04908,Suhani,Loyal,kapadiatanish@example.com,Mumbai,Maharashtra,57,Female,2025-08-07,Bronze
C04909,Alka,Kuruvilla,maggarwal@example.org,Chennai,Tamil Nadu,32,Male,2026-04-19,Bronze
C04910,Yatin,Chhabra,mayamani@example.org,Bengaluru,Karnataka,39,Female,2025-10-05,Silver
C04911,Quincy,Ravel,ekavir06@example.org,Chennai,Tamil Nadu,30,Male,2023-12-02,Bronze
C04912,Udarsh,Ganesh,wseshadri@example.org,Pune,Maharashtra,46,Female,2023-05-21,Bronze
C04913,Dhruv,Bath,vrinda63@example.org,Bengaluru,Karnataka,41,Female,2023-12-19,Platinum
C04914,Balhaar,Bumb,wallanidra@example.net,Pune,Maharashtra,22,Female,2024-10-24,Bronze
C04915,Gaurangi,Merchant,kchandra@example.com,Mumbai,Maharashtra,51,Male,2022-09-11,Bronze
C04916,Upkaar,Randhawa,ramabhavya@example.org,Bengaluru,Karnataka,56,Female,2025-10-27,Silver
C04917,Darsh,Mand,hmannan@example.com,Chennai,Tamil Nadu,50,Male,2022-08-22,Bronze
C04918,Ucchal,Mital,lvenkataraman@example.com,Bengaluru,Karnataka,33,Female,2025-08-27,Bronze
C04919,Yashoda,Krishnan,sibaladvik@example.net,Gurugram,Haryana,19,Male,2024-02-20,Bronze
C04920,Yatin,Ravi,bakshichatresh@example.com,Bengaluru,Karnataka,57,Male,2022-07-12,Bronze
C04921,Upadhriti,Agrawal,saxenavedika@example.org,Mumbai,Maharashtra,36,Male,2023-11-07,Bronze
C04922,Vasana,Munshi,rudra30@example.com,Chennai,Tamil Nadu,30,Female,2024-01-22,Bronze
C04923,Harshil,Choudhry,sathehredhaan@example.net,Pune,Maharashtra,31,Female,2023-03-27,Silver
C04924,Pallavi,Ben,mallarjun@example.org,New Delhi,Delhi,23,Other,2024-06-18,Silver
C04925,Girik,Loyal,chaaya15@example.com,Ahmedabad,Gujarat,47,Female,2026-01-15,Bronze
C04926,Pallavi,Sem,utkarsh33@example.net,Hyderabad,Telangana,41,Male,2024-05-28,Silver
C04927,Zilmil,Mitter,xoommen@example.org,Mumbai,Maharashtra,55,Male,2023-06-21,Gold
C04928,Veer,Chopra,nbala@example.net,Ahmedabad,Gujarat,26,Female,2025-03-23,Bronze
C04929,Vivaan,Parsa,aaravbhakta@example.com,New Delhi,Delhi,46,Female,2025-11-17,Gold
C04930,Pranit,Rajagopalan,npall@example.net,Pune,Maharashtra,28,Female,2025-09-11,Silver
C04931,Libni,Choudhury,pshan@example.org,Bengaluru,Karnataka,45,Female,2026-05-06,Bronze
C04932,Suhani,Kalita,prisha24@example.net,Hyderabad,Telangana,58,Female,2023-07-04,Bronze
C04933,Warhi,Doshi,ikshitavora@example.com,Chennai,Tamil Nadu,47,Other,2024-12-21,Silver
C04934,Forum,Kohli,varenyarama@example.net,New Delhi,Delhi,58,Male,2026-02-24,Bronze
C04935,Sudiksha,Chanda,farhan34@example.net,Mumbai,Maharashtra,55,Female,2025-05-30,Platinum
C04936,Sai,Dash,cramakrishnan@example.org,Chennai,Tamil Nadu,52,Female,2023-06-29,Bronze
C04937,Qushi,Ahuja,januja81@example.com,Bengaluru,Karnataka,47,Female,2025-05-14,Bronze
C04938,Veer,Nagarajan,hdass@example.net,Pune,Maharashtra,56,Female,2023-10-11,Silver
C04939,Jairaj,Rama,harinakshibakshi@example.com,Mumbai,Maharashtra,58,Female,2023-02-18,Bronze
C04940,Raghav,Prabhakar,maya46@example.org,Bengaluru,Karnataka,34,Female,2023-09-17,Bronze
C04941,Sara,Aurora,minhasfalak@example.com,Pune,Maharashtra,27,Male,2026-06-02,Silver
C04942,Vedika,Ahluwalia,wazirkrishna@example.net,Mumbai,Maharashtra,33,Female,2025-09-12,Silver
C04943,Kevin,Soman,zachariahmegha@example.com,Pune,Maharashtra,60,Female,2023-01-02,Silver
C04944,Matthew,Pathak,jonathan90@example.com,Mumbai,Maharashtra,53,Male,2026-01-19,Silver
C04945,Arjun,Ghose,abera@example.org,Pune,Maharashtra,59,Male,2023-05-14,Silver
C04946,Faris,Choudhry,chackoeta@example.com,Mumbai,Maharashtra,24,Female,2022-11-14,Bronze
C04947,Ethan,Sagar,sharafreyansh@example.net,Hyderabad,Telangana,49,Female,2022-11-28,Bronze
C04948,Aarna,Krishnan,dewangagan@example.org,New Delhi,Delhi,20,Male,2023-03-16,Bronze
C04949,Aarav,Batta,reyanshwali@example.com,Bengaluru,Karnataka,48,Male,2025-04-25,Silver
C04950,Keya,Behl,isridhar@example.org,Pune,Maharashtra,56,Male,2023-06-11,Bronze
C04951,Tejas,Borah,lallaadweta@example.net,Ahmedabad,Gujarat,60,Male,2023-09-05,Bronze
C04952,Jeet,Tak,okonda@example.com,Mumbai,Maharashtra,20,Female,2023-12-31,Bronze
C04953,Janani,Nadig,mboase@example.org,Mumbai,Maharashtra,47,Female,2024-09-15,Bronze
C04954,Jonathan,Bora,loganbail@example.com,Bengaluru,Karnataka,30,Female,2025-04-13,Silver
C04955,Tanay,Bumb,hmani@example.com,Pune,Maharashtra,46,Female,2023-10-25,Bronze
C04956,Leena,Bhatnagar,ayushdugal@example.org,Pune,Maharashtra,31,Female,2022-11-09,Bronze
C04957,Odika,Lala,sarinwilliam@example.com,New Delhi,Delhi,38,Female,2022-09-22,Gold
C04958,Yashawini,Gulati,dominic67@example.com,Mumbai,Maharashtra,23,Female,2022-12-08,Silver
C04959,Anusha,Aurora,manankar@example.net,New Delhi,Delhi,51,Female,2025-04-19,Gold
C04960,Ekansh,Kari,hemaldey@example.net,Mumbai,Maharashtra,41,Other,2024-10-19,Silver
C04961,Manthan,Ratti,lchaudry@example.com,Pune,Maharashtra,37,Female,2026-02-12,Gold
C04962,Wridesh,Shenoy,ekani22@example.com,Kolkata,West Bengal,24,Male,2022-11-22,Gold
C04963,Qasim,Sachdeva,aarna48@example.com,Gurugram,Haryana,21,Female,2024-09-26,Silver
C04964,Yuvraj,Sanghvi,htripathi@example.org,Mumbai,Maharashtra,58,Male,2024-09-22,Gold
C04965,Falan,More,timothybatra@example.com,Hyderabad,Telangana,22,Male,2023-03-04,Silver
C04966,Aarini,Bajwa,nagixalak@example.com,Mumbai,Maharashtra,57,Female,2024-01-08,Bronze
C04967,Frederick,Nath,ijaya90@example.net,Chennai,Tamil Nadu,58,Other,2025-03-30,Gold
C04968,Lipika,Ganesan,ewali@example.net,Bengaluru,Karnataka,45,Female,2024-07-17,Bronze
C04969,Charles,Garg,guneet20@example.net,Gurugram,Haryana,36,Female,2023-04-29,Silver
C04970,Amaira,Ramakrishnan,upadhritiganguly@example.org,Pune,Maharashtra,45,Male,2024-03-04,Gold
C04971,Nitara,Gokhale,urana@example.org,Pune,Maharashtra,26,Female,2025-04-28,Bronze
C04972,Tarak,Dhingra,ekiyatrivedi@example.com,Hyderabad,Telangana,60,Female,2023-09-16,Bronze
C04973,Elijah,Wason,gillekaja@example.com,Bengaluru,Karnataka,41,Female,2023-10-02,Gold
C04974,Vrishti,Sidhu,tamannahayre@example.net,Bengaluru,Karnataka,60,Female,2022-08-08,Bronze
C04975,Jagrati,Suresh,hiral19@example.net,Pune,Maharashtra,53,Male,2024-05-04,Bronze
C04976,Madhav,Kumar,rluthra@example.org,Pune,Maharashtra,23,Female,2023-05-19,Bronze
C04977,Ethan,Bhatt,zkalita@example.com,New Delhi,Delhi,59,Female,2024-11-02,Gold
C04978,Advik,Kamdar,wdivan@example.com,Pune,Maharashtra,23,Female,2024-11-11,Platinum
C04979,Ubika,Sankar,chauhannaveen@example.com,Mumbai,Maharashtra,40,Female,2023-06-18,Bronze
C04980,Bishakha,Dyal,sarthakbalasubramanian@example.org,Pune,Maharashtra,42,Female,2024-02-13,Bronze
C04981,Brijesh,Pathak,ckrish@example.net,Pune,Maharashtra,42,Male,2024-11-28,Silver
C04982,Yashoda,Dhingra,zayyandewan@example.net,Mumbai,Maharashtra,40,Male,2025-11-10,Silver
C04983,Unnati,Kapoor,indrajitbaral@example.com,Bengaluru,Karnataka,23,Male,2022-11-25,Bronze
C04984,Samaksh,Chacko,ridhikarpe@example.net,New Delhi,Delhi,25,Female,2023-02-16,Bronze
C04985,Prisha,Pandit,ikshita22@example.org,Mumbai,Maharashtra,28,Female,2025-08-22,Silver
C04986,Urmi,Deol,bhattsaumya@example.org,Mumbai,Maharashtra,22,Female,2023-06-14,Gold
C04987,Chakrika,Devi,rkulkarni@example.org,Ahmedabad,Gujarat,32,Male,2025-12-28,Bronze
C04988,Rajeshri,Dyal,wsani@example.org,Mumbai,Maharashtra,42,Female,2023-11-09,Bronze
C04989,Meghana,Narain,dugarfalak@example.com,Bengaluru,Karnataka,31,Female,2023-05-24,Gold
C04990,Garima,Chand,badamijanuja@example.org,Mumbai,Maharashtra,55,Male,2025-10-28,Gold
C04991,Bachittar,Varghese,mitteraahana@example.net,Bengaluru,Karnataka,60,Female,2024-12-04,Bronze
C04992,Kabir,Dave,nghose@example.net,Pune,Maharashtra,27,Female,2026-05-21,Gold
C04993,Champak,Arya,omyaanne@example.com,Mumbai,Maharashtra,54,Male,2026-05-19,Silver
C04994,Krish,Dayal,ekantabarad@example.org,New Delhi,Delhi,25,Female,2025-06-30,Bronze
C04995,Vihaan,Agate,anitadhar@example.net,Mumbai,Maharashtra,25,Female,2023-12-20,Bronze
C04996,Anvi,Hora,znarayanan@example.org,Mumbai,Maharashtra,22,Female,2024-02-08,Platinum
C04997,Ishwar,Saran,ayushmanchoudhury@example.com,New Delhi,Delhi,35,Female,2025-03-13,Platinum
C04998,Meghana,Kant,samipooja@example.net,Pune,Maharashtra,26,Female,2025-10-29,Platinum
C04999,Lekha,Sinha,aditya33@example.org,Mumbai,Maharashtra,52,Female,2023-03-31,Gold
C05000,Aachal,Prakash,zayyan10@example.com,Pune,Maharashtra,45,Female,2024-02-03,Gold
